id,label,r_param,lyapunov_exponent,t0,t1,t2,t3,t4,t5,t6,t7,t8,t9,t10,t11,t12,t13,t14,t15,t16,t17,t18,t19,t20,t21,t22,t23,t24,t25,t26,t27,t28,t29,t30,t31,t32,t33,t34,t35,t36,t37,t38,t39,t40,t41,t42,t43,t44,t45,t46,t47,t48,t49,t50,t51,t52,t53,t54,t55,t56,t57,t58,t59,t60,t61,t62,t63,t64,t65,t66,t67,t68,t69,t70,t71,t72,t73,t74,t75,t76,t77,t78,t79,t80,t81,t82,t83,t84,t85,t86,t87,t88,t89,t90,t91,t92,t93,t94,t95,t96,t97,t98,t99,t100,t101,t102,t103,t104,t105,t106,t107,t108,t109,t110,t111,t112,t113,t114,t115,t116,t117,t118,t119,t120,t121,t122,t123,t124,t125,t126,t127,t128,t129,t130,t131,t132,t133,t134,t135,t136,t137,t138,t139,t140,t141,t142,t143,t144,t145,t146,t147,t148,t149
chaotic_095,chaotic,3.7,0.3566068997021722,0.7565846374536016,-0.4604319245626008,1.0842015604277444,-1.9068966157368723,0.5922878614188063,-0.3370904212978289,1.0144431938964185,-1.1092803973687433,1.14181626950851,-1.8075994806053326,0.7888898925909802,-0.6427078380010718,1.2186287189078016,-1.8988718158767346,0.4457190314092248,0.16003775394745953,0.5150491847040553,0.08444242734003672,0.9980017910295419,-0.8588569127327929,1.2773400908682173,-2.141987882550766,0.32709248130777985,0.4462395410300334,-0.003422421135843217,0.6417482695332148,-0.5278234263709589,1.2470379000786618,-1.6001057272268524,0.7904427129239475,-0.6831076218236201,1.1814392077545128,-2.207480467223075,0.15469538909067942,0.2251725910569888,0.2040122638066187,0.3324098369367575,0.3666503191752974,0.30316320486025566,0.4048798186141193,0.27349881652431957,0.18836499567065673,0.4467916264587304,0.12471536033749879,0.7268503372654593,-0.5330542120780978,1.0378824835742746,-1.9419397583881073,0.6327903041584547,-0.3331995221294422,1.0174259909308685,-0.9055487791167047,1.1877122532951543,-2.1184338196543724,0.41474749620030865,0.5551652823007293,0.07515992006986454,0.6344999141587926,-0.3964386042952749,1.0861078485734388,-1.5354172022207486,0.9780779735545879,-1.045893243320932,1.155279686791292,-1.8417608495171438,0.5485909907340732,-0.46145581974435057,1.0907640110112333,-1.7181298809480452,0.5160858482682847,-0.38881183173603995,1.0515560669176105,-1.7101796120804833,0.6803406606805685,-0.3698675250740382,1.217713099750484,-1.651102664348332,0.589878794946269,-0.005447901719142202,0.8852548889515139,-0.9793840704409262,1.3720120436135408,-1.9083485691156363,0.34249523401361404,0.27682447140667116,0.25962873928121977,0.44661673953977166,0.3686876149841312,0.34118575756974057,0.03914414004753581,0.49394158897648865,-0.16964400401711122,0.9142371441929127,-1.2024729682613875,1.1845051246951268,-1.6887137864050583,0.9686513000810152,-0.9229512537095333,1.4324359009092762,-2.018248195775307,-0.007017529914458999,0.6139185696507009,0.10641963078353237,0.681672453176386,-0.661428391152409,1.0546231956169125,-1.6362543278272124,0.3937436678293156,-0.17663249887756413,0.8249087824765632,-0.904896419412491,1.164313438896023,-1.9360343024145392,0.27227358755161885,0.3753528497132611,0.08985684271181467,0.5756148302237859,-0.3352716706299186,0.994453771348737,-1.5197147580924213,0.9308236404819193,-1.3147036798172644,1.2598494120507897,-1.6333588663089993,0.6270281637322581,-0.6741649196501864,1.1910736516911395,-1.6489065591601293,0.4034987499797383,-0.10691202573342327,0.8534701668403983,-0.8674510665745343,1.2249726743274336,-1.9466317456967925,0.2239979431845234,0.5720160407594839,0.004560775362198205,0.8916136772921334,-0.5939646292615696,1.3965383274782446,-1.8083511401375838,0.3386565949809072,0.3609856751905211,0.1464177588044478,0.7263990878505832,-0.21652578977472567,1.0302233749589385,-1.5687328524537343,0.7563033096114884,-0.7545668451633311
chaotic_015,chaotic,3.99,0.6380809485320209,-1.1320566525037212,-0.40914210384826055,1.2744279836895156,-1.1939386627457687,-0.7900340399429848,0.5925413173817721,0.6708342826290223,0.8106390752608736,0.43579963877306527,1.1619382833681196,-0.5526994292172696,1.0320478339378651,-0.11977583461189092,1.5089049251423998,-1.3557580484988816,-1.2398806821820847,-0.2312033956827456,1.4012764238107818,-1.181183043472311,-0.6064997209323753,1.0751678776188658,-0.09630634060798861,1.528902565496271,-1.4669531852473372,-1.2196870063054375,-0.40421917059888707,1.2107384924668856,-0.9503501961855053,0.24794715410496898,1.0758801941817244,-0.4134120955962978,1.162871335737889,-0.6201230644114019,0.7576054221610897,0.5683701868947165,0.9988650678924402,-0.033611899938288135,1.4076928304199223,-1.391276142044751,-1.3686090519820397,-0.9709075137135069,0.18060381372982734,1.314424791150924,-1.2130476907866645,-0.40455224826864916,1.0576416004116047,-0.32351894524672137,1.3456340347912874,-0.952327469428328,0.11048335476535252,1.2181457826777446,-1.3040601817862933,-0.993604746027428,0.5712166323262311,1.0047580825120144,-0.05569600166843216,1.3350574673462559,-1.5450576603617854,-1.2950669730794027,-0.7833813303136541,0.6336106498078358,0.6964294256086061,0.7934678952305886,0.7965912185806949,0.57360243005197,1.0033151199357342,0.08677747151936341,1.3777480891010738,-1.5794991774399494,-1.3415064265359347,-0.8051484340661897,0.45693829275055997,0.9430726206895147,-0.03664024248985612,1.475631826626194,-1.4150140388807946,-1.2865249341329563,-0.7945324996171956,0.5580773107008237,0.8887780220197159,0.1367806119970595,1.1743105561981169,-1.1155867228441128,-0.16750254116872862,1.4381995390605025,-1.2869922886059522,-0.9318165291797301,0.03998549117131865,1.3412071963830328,-1.3258774550120183,-0.787549803378438,0.40897180698744884,1.2642466124844045,-0.7814777181751635,0.655200491744165,0.647600560931463,0.7411018497212319,0.36917295695841845,1.125723037781037,-0.4427465033491298,1.0515071643605745,-0.48574475804743156,1.3049635669630573,-1.0704169371729277,0.08222685640071482,1.3636903912154443,-1.3971639952830615,-0.9880482674191099,-0.020438526624596994,1.3425683863864974,-1.356674460781457,-1.1252350163216591,-0.17909923644014578,1.429958452163334,-1.4041665930273928,-1.369092928603134,-1.094159399078881,0.25048300765435116,1.202146141389435,-1.0961506891733321,-0.2079196239449125,1.3103899061709712,-1.4423170222382025,-1.175529820486494,-0.3455340778710823,1.3369035524294859,-1.155407467390395,-0.14471926516259495,1.378318283690411,-1.3955286889735505,-0.9893256385457846,0.21658769954827767,1.2270013545328315,-0.8171533925961549,0.4937476422997233,0.7192159859663604,0.4554219504508504,1.0533629281966106,-0.11900782746562785,1.3075175441120603,-1.4053866665765777,-1.2894526790951526,-1.0299756952579486,0.15627951647065683,1.3458354626979352,-1.292041941456934,-0.3918149870642021,1.3027440421417262,-1.1006790303213292,-0.4132868954282406
chaotic_030,chaotic,3.95,0.5830041952774144,1.2379032289531835,-1.4721881541574737,-0.7725180641268787,0.9026357972886674,-0.46488132533117005,1.1608823037423868,-1.3987260995517417,-0.17572050320048607,1.4040219366319644,-1.5745680537588054,-1.1846149934211596,0.20507417561188013,1.1125475985623956,-0.9454057664456978,0.8777765338839814,-0.2372368719475751,1.3096074452880915,-1.6876228513703169,-1.1585698245140157,0.2229249660657424,0.821697797195397,-0.7100566669626152,1.0689153840601373,-0.726685317376756,0.9813718442041032,-0.5245735417097374,1.1434778821820806,-1.0435363958702082,0.5399235464336497,0.6552464002673513,0.25582068624257875,0.7357701507185832,-0.372001343849234,1.33461483110691,-1.683456299996106,-1.0969189393288097,0.32109152184285117,0.9750884730061804,-0.36605340605012654,1.3147173840004875,-1.6240963948257898,-1.0361467807209468,0.23829099784088584,0.8123561433237169,-0.14950740873225854,1.3897474073601241,-1.6653837123537716,-1.2356806932043818,0.20131840134905604,1.1410448940876354,-0.9661400445691405,0.7328354136883465,0.20454925944892347,1.2296058057160355,-0.9748725823252593,0.5726150778377442,0.44236398270809324,0.7167392522961665,0.19432189789460705,1.045360356424888,-0.8392949765685862,1.049395924001979,-0.6370803308658602,1.1505760132940797,-1.2554490064697543,0.17121772116174333,1.1548693689500713,-1.3172534880721918,-0.023690755893833893,1.310830897521075,-1.5381237090957274,-0.2736546119368026,1.4660349651367082,-1.6460675044024946,-1.2981794689385122,0.12481838222199435,1.1152870192448616,-0.974358029732153,0.6753893770426824,0.49414840738419424,0.6050003691833761,0.3471291656323914,0.8689552800051988,-0.4717500712010416,1.1555168252733443,-1.6900791361460168,-0.9655280673449763,0.6944720277279463,0.006452681423027789,1.1446196115203406,-1.6170113307855913,-0.4383046287886354,1.2486676247905866,-1.6711534280443465,-0.9533784494676236,0.4766667694774203,0.6092472305023021,0.4784577164197946,0.6180415353223117,0.2848458445974247,0.8511134353759097,-0.28877687954219927,1.3053551175989335,-1.7081816054303816,-1.321382981410839,0.10869683619829833,1.2081416295286793,-1.3003894624368992,0.028173019628348988,1.1947498715991096,-1.395842577155938,-0.15540108509808317,1.2435169208952457,-1.709373981600663,-1.2104745468129199,0.37689281613565523,0.7951118162881974,-0.031158737619679258,1.364587649967055,-1.2984774205242635,-0.11549949828544473,1.341239220127353,-1.559981817651841,-1.2577107686333815,0.012385731696421041,1.0338716862898343,-0.830285466446109,0.8456559801562016,-0.17091809033536343,1.3731130549916124,-1.6474922402007064,-1.1350145411456996,0.16616569623384755,0.9350739323998684,-0.5790418779706807,1.0780685196536912,-0.9362748385588027,0.7488707954684146,-0.10359719545805766,1.202429589750438,-1.5968546298995623,-0.7621750706438842,1.074970540632675,-0.9865824729658349,0.7727756659734087,0.17085147815821203,1.1035415292677837,-0.9936544418910592,0.6988193481716276,0.16498983988642016
periodic_058,non_chaotic,3.2,-0.9162907318679084,1.4087543608632884,-0.8605592126520591,1.0709420715019562,-1.155839253231732,0.7222304083591987,-0.9790520581585372,1.004891078679758,-1.0219498376474017,0.9655734663433032,-1.0891727085713345,0.8820309430093564,-0.7901106841411109,0.8947767090691555,-1.0231165820189319,1.0133251425792784,-0.8856862664850117,0.8996305497948168,-0.8476663275811666,0.9377031277408352,-1.0071342102809466,1.2486421131988714,-1.1200703714105062,1.1196379071113585,-0.8439532918008161,1.0621428166681819,-1.0009278739051157,1.3161530072356207,-0.9864234874846312,1.0473397861225888,-1.0315628626042195,1.039926311575536,-0.8496177764551669,0.9802796975621672,-1.2794455860899343,1.090634215842747,-1.1353331347344717,1.1225716083594182,-0.984671992276019,1.1507217191663979,-1.1171489501710605,0.943920488810426,-1.0320537661943534,0.811437660836372,-0.8290119062698786,0.7914139384506828,-0.8309852543819217,1.0781601306937065,-1.0123059064680442,1.0670694540578582,-0.940039483029745,0.9627765039699565,-0.9427789834595012,1.121075766053077,-1.1166368092895198,1.067220366159427,-1.3518790382546628,0.7488631132464533,-0.9055159594896084,0.9603422614847218,-1.103872760265181,1.011374067900123,-1.039875712881639,0.8804969730991705,-1.2137705871525972,0.743469357162739,-0.8811382084791912,0.9596889379017467,-0.8488579957740204,0.9582689852251879,-0.9348305064376284,1.0012490914349395,-0.9782690968482652,1.0318064840716124,-1.0468358734435308,0.8467819551715182,-0.8773137496808291,1.2417103931320195,-0.7523817235185695,0.9413956844116983,-1.0870487465959522,0.9412540422845932,-1.009084286863036,1.0114530362093295,-1.1240852721280585,0.811793866459706,-0.9775003293991423,0.5249285089628019,-0.9985673969957624,0.8866325038990992,-0.8753521255715971,1.1653436602305474,-0.8346318447449143,0.9703278227959009,-1.1432801335154188,0.9048397166570508,-0.9442532854365641,0.7885544019068834,-0.7895452985055345,0.9725404162330771,-0.9145181934243487,0.7695909040094099,-1.1140208023078917,0.7522093487830744,-0.8416341347190724,0.9963809340679277,-0.9045677538269818,1.0276625526742307,-0.9189524617884758,0.9715875205703425,-1.0129603402748508,1.005959416071094,-0.9277435230060241,1.0792400609425388,-0.5911993292181358,1.254028311237446,-1.2333143609677373,0.9987729221046224,-1.0412667888569211,1.1978670933673168,-1.028656148376347,1.0837403339174199,-1.3114144408843158,0.807056551420807,-0.6917991763958683,1.0258203228652787,-1.1241596319238805,1.0527665279359135,-1.1317973877367244,0.9791510500046557,-1.187691046590946,0.9084587827704459,-1.0427273423263754,1.17556452592052,-0.9195720338861825,1.108113807811551,-0.9880922519017958,1.1338987420114333,-1.1066818723528828,0.9162946684857041,-0.9274694234038222,0.9797422395391279,-0.9864235509860484,0.9958310974728067,-0.8091435309990009,1.2014233989505385,-1.0720799909592549,0.7726064451809084,-1.084016825861009,0.8933174144748849,-0.8681347505364677
periodic_028,non_chaotic,3.5,-0.8725073457385808,-0.8093994952730602,1.0604160648023813,-1.1145817286730377,0.8542919028378346,-0.8333638125840498,1.070948545034975,-1.3716414205887073,0.7315908797134586,-0.502097469998433,1.0607731132794889,-1.2406552810061946,0.8558801571558395,-0.7171337199006826,1.0140403006874585,-1.2868850098949647,0.8969883975083727,-0.5575394648158636,1.1849071169455985,-1.3736929193576957,0.9592249848621347,-0.6476694464070465,1.0346750831115783,-1.239800588578859,0.9194494518857634,-0.6886050363240854,1.1402631876312754,-1.3396632229852055,1.0551937781918117,-0.877459773638015,1.149590395469094,-1.2221542528303715,0.9262012130338474,-0.7607917230715453,1.2060981764909386,-1.2675198205614984,0.7514106291933876,-0.7977191330286512,1.1062886869727766,-1.4097617020759141,1.0368154979423712,-0.592868572348361,1.268941590413362,-1.0927057449252746,0.8311354199496741,-0.7761726425284631,0.8384897143041815,-1.2960203022010774,1.0334850052153677,-0.772209013770477,1.0743125130119582,-1.310194995168221,0.900596633895643,-0.5702057284292046,0.947288348342801,-1.3859920930096528,1.0068212068714526,-0.6230509655658403,1.0695862592215388,-1.094076115129077,0.734323538537989,-0.604116485039972,1.0878514363100622,-1.1992413367391634,0.6366515589139595,-0.7180135920243016,1.1647788977301208,-1.2632531147179926,0.9847165299316154,-0.5763481613093964,1.0027737729688624,-1.1784623780729997,0.7699060845868659,-0.6879397148738707,1.157070386035786,-1.337019317993036,0.9399599105992233,-0.7413920676169351,1.0388818750807047,-1.189675304946446,0.7848790292605713,-0.7778454802919649,1.1938628446975816,-1.2468279134225018,0.7258102243705896,-0.6113379997027582,1.0555181566622354,-1.3912704605904578,0.625169041023027,-0.6067729184885639,1.012200138397909,-1.3760606416911942,0.9258628841563638,-0.6161015416876441,1.0191581955203466,-1.1699913579066654,1.0611241871172175,-0.5644169640783069,1.2081870792294267,-1.2271838814899112,0.8223620800589633,-0.6984416741458824,1.136488484035098,-1.3773666498234636,0.7912423308225451,-0.829534166792647,1.1168460755205314,-1.2492649492438432,0.8023913843239547,-0.6146961130100433,0.9945522801255936,-1.3231205899354446,0.9393483684525117,-0.6043456053459965,1.0183341799854966,-1.2350278991699577,0.7903416654953102,-0.7119586759465591,1.1081169323752644,-1.2036539761605427,0.8951081552409085,-0.6669984908095717,0.9913130601696247,-1.2200984982363654,0.9174215375063585,-0.6272681610379873,1.025616269817249,-1.1697099439140368,0.73889063659488,-0.7342694096102698,1.0680440955672137,-1.3778346069300575,0.8369831307902015,-0.6719370609146297,0.9199051184479508,-1.294917015079495,0.6976892994265247,-0.4980160984371574,1.1146773495647793,-1.245177424251414,0.8869393280875405,-0.63533457853347,1.1878425813769407,-1.4066113869754215,0.9899607323699032,-0.5740528324182306,1.088032183944099,-1.2685468780532887,0.5682694743557506,-0.811974538976088,1.1439522915434512
periodic_015,non_chaotic,3.5,-0.8725073457385806,-1.2478856129125002,0.8682166870075472,-0.746379609316867,1.2504287674257348,-1.2047582244682586,0.9647390219443202,-0.6123408077476127,1.063691308647834,-1.2793565820203188,0.8213034480352783,-0.6351009667116054,1.0161435376655943,-1.096928970151382,0.7787017876719333,-0.6794492660123559,1.0561824507783362,-1.3037197404707854,1.0560493769406158,-0.7415607744512992,1.0489935816691756,-1.3239956248860372,0.8534897942586198,-0.7094611692895402,0.9715803742342497,-1.3012084528291785,0.907533966653337,-0.6022280560056259,1.0802353376654212,-1.2552694220550884,0.8152802776397272,-0.7475851162740981,0.99055799330865,-1.408820431460088,0.7828286792335725,-0.6139117153869896,1.0376176831139272,-1.2937619478727367,0.814853535378141,-0.5815358453076033,0.989720733581869,-1.2345451133341383,0.8430822605837074,-0.6933772277870982,1.1011774067013702,-1.2554433312399764,0.924958178202002,-0.7026136205433359,1.2437400439030324,-1.2566489151797977,0.6876916068644786,-0.6391679131285332,1.1152192408753137,-1.257783210092966,0.8249196027466089,-0.9008066329797652,0.892926039706444,-1.104295882899895,0.7939430567977228,-0.6080603275910705,0.9256018554784208,-1.3603698228079568,0.914087400916854,-0.7095747107034613,1.1290542647807635,-1.2621719341328532,0.8298521229180957,-0.7644644421772554,0.9644761710117663,-1.1275634063712614,0.998546521982672,-0.7985514456070893,0.9730225156156743,-1.2939286918261184,0.881944271380515,-0.7171130236098305,1.125428759497295,-1.2655569190240796,0.8386947330810215,-0.4704937282888457,1.02803894106447,-1.1050155577673049,0.9870993170418871,-0.651923897684672,0.8948945319603229,-1.2579245861935924,0.8006726423584005,-0.6979235792700261,0.9769298341116469,-1.1890014536386257,0.9432023765020907,-0.5886337605375515,1.0416320088581543,-1.3615641735176398,0.8830131306448523,-0.53293550120238,1.0845491153500801,-1.2178899279864255,0.8272621390383045,-0.7476828654031761,1.1405169354246212,-1.27095689095412,0.8879401521227986,-0.6515994924538016,1.11098235591828,-1.2078576617113923,0.7685195294907323,-0.7867024528968504,1.0739035544795268,-1.2626403634947592,0.7999476697982423,-0.67692830575094,1.1642714027495737,-1.1480150324516274,0.9838108156030079,-0.8247918976688041,0.9674228024473991,-1.2884042240736373,0.8572197313822985,-0.7224922745309955,1.0254314130925761,-1.2898082370785415,0.8955234892028897,-0.8262004666095557,1.300667244024719,-1.2588810648379831,0.9494619432258246,-0.754956730796599,1.1325405661236707,-1.2513636268091546,0.9310204549709646,-0.7187124260743546,1.2254150913624422,-1.4026814478631595,0.9398178843718427,-0.6885498620077236,0.9811724336304444,-1.0753517353271245,1.025289727883283,-0.8969339079423075,1.0947559246393026,-1.1938100455632008,0.8915689638562015,-0.555796897663015,1.2022318752359986,-1.235672857595056,1.0660054711011155,-0.6107950027198217,1.044555843876147,-1.3133714706214914,0.9677566048109717
chaotic_069,chaotic,3.7,0.35964185252511516,0.6071460033754021,-0.3944248331554821,1.169756585750778,-1.4636835562163864,1.0067624502871633,-0.8794151399569918,1.2656282691815932,-1.9599470397063394,0.4390143042727975,0.2802550968517196,0.6608371821839765,0.1386192041430187,0.6659124407268175,-0.245610762886751,1.0155516382649885,-1.3576334431577177,1.0752454330408214,-1.3423166861851386,1.1085439331961782,-1.2221573921176188,1.059810491316701,-1.5923246296599982,0.6992674572782139,-0.6474041252261065,1.196666720953573,-1.904952238824983,0.2117493670666783,0.515600783431161,-0.053585139595362104,0.7163538936347695,-0.8165218973317794,1.4106093983371735,-1.9668933402055133,0.3317779634904518,0.5624341522596937,0.030861661573871844,0.6912248904834196,-0.38343702739255364,0.996951439641355,-1.592166111628362,0.869459310411232,-0.8187166699454796,1.216111150849006,-2.010868879692274,0.3990910070035715,0.2940642578640029,0.03365267740461419,0.7358623457765319,-0.7059439430957497,1.199574708044654,-1.8631615967177517,0.37921677346709504,0.3035606251723672,0.43121880369923804,0.38086228113410203,0.45066847771162527,0.12229648459458693,0.5485100978992291,-0.02229102877037062,0.7467993904492758,-0.9570015217937068,1.052567945924986,-1.9920000852446949,0.2142159590951107,0.37061275066178273,0.060662523410027126,0.8063899841178463,-0.5878838264258854,1.2781192421465382,-2.0801273775867033,0.2696004791454618,0.4887293515104264,0.02553943028071238,0.49904288917944045,-0.3539938443541512,0.9960044948281949,-1.4180203376778815,0.8254555264741319,-0.7353280900700804,1.037125508944993,-1.9681418169815157,0.3555457612574175,0.3503956771961769,0.03794120484641267,0.6341258757021834,-0.5066102340666899,1.1652928696232137,-1.7948627608836123,0.6853734066962502,-0.44221027115002587,1.14845173845671,-1.8497700967958521,0.6824840459427627,-0.16911969092488283,0.8952341926328159,-1.3783466667562676,1.0120308365747783,-1.5068437069319687,0.855455105504691,-0.7340694970990157,1.2175897961797721,-2.088960040778798,0.2740769638199669,0.4324423605906918,-0.02437224736646712,0.6426651207686959,-0.77874139479403,1.340845820831455,-2.0480419681006614,0.30079223067806005,0.20242060292349578,0.014098278336121484,0.6365298097582923,-0.22541742285539726,1.0003327503837598,-1.5222123935943184,0.899609443476723,-0.8021279527819387,1.2075752268401323,-1.9683054604403756,0.07109979598836964,0.39501138992482215,0.17306476220169958,0.7299393825276997,-0.4686112754986858,1.1599534588979306,-1.6347049926810857,0.7420011310471053,-0.4797582882133035,1.2822575195612287,-1.5158269347455158,0.7941402182811275,-0.6491204193491938,1.1028309718075238,-1.883804908107946,0.43888285974949487,-0.11094064296102585,0.7113374946085091,-0.292239961676385,1.1841314030531696,-1.694779494274994,0.6694699300704733,-0.5815430830046296,1.2021831882147296,-1.8554849732435166,0.41651367613453827,0.305433852957986,0.353871508372542,0.02291634570214863,0.7048359146151529
periodic_070,non_chaotic,3.45,-0.0027582103109747864,-0.9524288024928141,1.0425967671714498,-0.9998635389434132,1.0441232863077747,-0.9855189168080034,0.9303300064280815,-1.0196718852331366,0.9595435496476202,-0.9219785140114739,0.9327683312639926,-0.9725773447225855,0.8514436132559701,-0.9890943665334367,1.110005191221103,-1.1431783273748015,1.0662881694115955,-1.0827319592286988,0.8483915702702401,-1.1778457693856377,0.9764807746331412,-0.8769769189419709,1.1255508393254094,-0.9168108080906934,1.048464752429583,-1.0276969327652685,0.9199360289867077,-0.9575175077353811,1.1024014840866998,-1.0471845714748818,1.1254861426134248,-1.2181917466002652,1.0031469192513174,-0.9581131415363378,0.9810471320915682,-1.0299299385854486,0.8834377998169506,-0.9053993287468028,1.0064715605175671,-0.9426024556497306,1.1190244904050726,-0.9364065073560661,0.9216561461516735,-1.1421243866422386,1.1295212692678955,-0.7975872423151158,1.085940966710231,-1.0265110549647345,1.0445423338080357,-0.8234499340591864,0.940823857090007,-1.0291968810417382,0.859524206262986,-0.9618004798193963,1.1490600544392215,-0.9279500100731757,0.9792084532157633,-1.2090767842025165,0.9370127589028688,-1.0217968341538322,0.9454932393522643,-0.9466648171215066,1.0234876508871147,-1.0828860330731946,0.9656616489755073,-0.9644398072086375,0.932287398531045,-0.8533932956752398,0.9205722760388303,-1.1674373881774733,1.1717703517177742,-1.1126280941066529,1.0532656265722626,-1.0160640719505798,1.0547345587387429,-1.0355516869270969,1.0630259175369232,-0.9712567691920233,0.9366782801199522,-1.0059739757860595,0.9298808397781683,-1.1367320758077002,0.9417928542265532,-0.754172719030442,0.79133279293067,-0.927835553388224,0.9762736454338451,-0.8534662406639604,0.8598490735965512,-0.941488465138992,1.0657198090415203,-1.0475060249257997,0.8930193799105585,-0.9535716299982387,0.9697237828619722,-1.0601601219284236,1.056714221251823,-0.9127912425685286,1.0526378296519423,-0.9980920137778676,1.0595980846481277,-0.8261306306705489,0.9717914980082379,-0.9508092455853489,0.8423090578410125,-1.1690324482840235,1.175318398933945,-1.0617284244163558,0.991585221869659,-1.0701733962624933,0.8768054972102282,-1.0981528774098648,1.0292695036617308,-1.0020607592373723,0.9668825123474254,-1.1010506853225006,1.0797146520353518,-0.8687767240596399,0.9525313459542859,-0.9632690908218151,0.9438351792424898,-0.9851337967217598,0.994330834319158,-0.9670704418591373,0.8815679114930949,-0.9043632957924391,1.2397176468922582,-1.0112654679738826,0.9710311351680624,-0.9610262708334384,1.0450842601898935,-1.183930954561922,1.1315425268110237,-0.858532054105969,0.9368620957452347,-1.0256081117898275,0.9140141036493757,-0.9243790368731868,1.00481699046135,-1.0064934610039602,0.8686972281787029,-0.9997444579101925,1.1092723215621059,-1.07982552382693,0.7131411776824053,-0.9680009868132904,1.2311407430318015,-0.9464909406533322,0.9116058510346845,-0.9584992528790415,1.0642578414940254
periodic_074,non_chaotic,2.8,-0.22314355131295646,0.22380179512691475,-0.6305307295075093,-0.35935219263562185,1.5916453998998494,-1.6915708489237562,0.6692619195608479,1.191851004244755,0.5410630183781849,1.9083973409656418,0.8943247339471182,0.3498233294331149,-0.4858504491065066,0.3680362367602245,0.6420730026228331,-0.02400951912417172,-0.7570218405303687,-1.2101864445526838,0.15465167264255542,-1.481354389527595,-0.4905777123540246,-2.4158049404678597,0.7907097186996024,1.106010653186853,0.050092106901795365,1.7713377240886599,1.2959014482297804,0.44377869024170824,-0.1386420754202812,-0.3706122398568673,0.5250085594807592,-0.1661548038294651,0.5110021052934117,0.5839013481341605,-0.2529309756403727,1.0487891525523556,-0.2519213244868957,-0.006489632662927104,-0.9875327446307022,-0.29323634096960344,2.092248012717866,-0.9117708802482793,0.4024559375301777,-0.47383038000075933,-2.201852287764503,0.5215507179450941,-0.5736503196738588,0.2859019245377383,0.9446145659723724,0.2029655794293569,0.2949943950382809,-0.8799030936766205,0.6667678762957551,-0.2137474853134809,-1.990223498671787,0.7850386295912141,1.0853225828583548,1.4272512639911885,2.1046473332158144,0.7322869499075777,0.477355196542101,1.0446266874697103,-0.8986183653007909,-1.6695884582895695,-0.49594631409461126,1.2270102392626034,-0.6767524077146315,0.4298564515468461,0.5356220012775128,0.21245987472350478,-1.282286481457997,0.3091442715535338,-0.4414803103670922,1.6450341108891955,1.08914869393674,-0.40684897909267353,1.706787682023733,0.31013199338149255,-1.6692614976236857,-0.10435578639639033,1.5786565536245891,-0.8326598173693939,-0.09446997827210588,-1.3630337207519398,-1.2071518663049088,-0.8468041357261381,-1.232948563624121,-0.6346913727317736,1.6798242617659596,-0.06287651472018846,0.7440602485559884,1.0446475828707877,-1.1161090997816587,-0.8441254607111344,0.7247087824321634,-0.6504146892921673,0.6596588186657888,1.6199509595402761,-1.4568658875405816,-0.378013838390453,-0.22218164301347004,-0.5444234005826684,-0.6245750513705787,-0.5107887173296464,-0.04242614294689653,0.13449570941151426,0.9089541944775591,-0.05211803854890653,1.0707788549838484,-0.6086896695190577,-1.2073776364080984,-0.32676462008444723,0.42679414337994387,0.817668208057339,1.4067350581540083,0.25757554325065096,0.7121442870371031,1.316912412320741,-0.7927923798602189,-0.23383951176959789,2.694031740728783,0.813663195768519,0.4741417575867882,0.8502996199682268,-1.3392957343630065,-0.6627343336940732,-1.021685657399024,0.3836927190408187,-0.38983108748877116,0.06623923327778135,-0.3329151130971385,-1.6248378220606763,0.8417406805985012,-1.758205785732576,-0.7421127842765791,-1.3194513299560207,-0.8914938020785846,0.17080984691124407,1.185542262478796,-1.5605938355046451,-0.5747147444219052,-1.745288279982438,-0.6220587769563855,0.043161996412326445,0.7259451640224601,-2.1082136600620194,0.5132823051504967,-0.9827352960434348,-1.2219410408209526,0.03883619829915692,0.588510319701455
chaotic_045,chaotic,3.95,0.5796314150877144,0.7209181481177378,0.19041838447382145,1.0565557276027262,-0.8133441233064751,1.0985816223139417,-0.33536180355237555,1.2860474875231809,-1.388389877590242,-0.7710925248534185,0.9172111618897222,-0.8171512487206642,0.8065113585276878,-0.2485085179167969,1.3254070360061372,-1.5695847047850957,-1.2728596210151077,0.11096676465562898,1.1998625219489443,-1.1845416209251236,0.04135065437616091,1.29456194664894,-1.244658067316519,0.10425787967627559,1.2089535871987998,-1.3764008824887093,-0.5304128241243906,1.1698554372244714,-1.1362665709469786,0.13005007131197568,0.9794538884577609,-1.2141293416133256,0.5712370387698369,0.7612886800229344,0.41258726120229394,0.9851636371904255,-0.5863356008517168,1.1803132408615624,-1.232950399431711,-0.05847329081101165,1.3555806945689703,-1.2594492537858664,-0.426893124848617,1.2384460039134244,-1.432671197045913,-0.21856444043948853,1.3049761254185728,-1.5981444731396166,-1.0059189283024002,0.42618633837070297,0.7432484322028408,0.08774022657934215,1.1864504467155823,-0.9336478014868828,0.7461609165443733,0.3056736502175063,0.9462119096981655,-0.48713944843745066,1.3120072798027258,-1.4997847431381621,-0.6245465825244485,1.1317699064512592,-0.9647333497825094,0.48280788683716486,0.4825907463597782,0.7240575912025203,0.29303260021636146,0.9427216724439408,-0.4070487529666671,1.2534384279818092,-1.4981069309466974,-0.5612359256467205,1.2260129194050895,-1.1481318053374203,0.34116535843091256,0.8031439179644969,-0.1658199219943373,1.3070496255653372,-1.6818038893021106,-1.2001453521302978,-0.0005247445414413002,1.1423712897135343,-1.327111608852225,-0.06716807454104179,1.3400341972820002,-1.4557933233410028,-0.4577169640373828,1.1672235368364217,-1.2329611379681762,-0.18289453303831332,1.3037464471441826,-1.5808883468535944,-0.904584607556914,0.47231847820955586,0.7471513025216969,0.09766051524514888,1.3554028039676018,-1.3890165256236546,-0.18837514774731706,1.2901973565938811,-1.6247243049724258,-1.1212467286535375,0.24280039636879822,1.034274867949915,-0.47543239805494786,1.2633733557990194,-1.422519281841684,-0.7321971597616375,0.916674946093357,-0.5651055914368136,1.209542201063015,-1.3436489694970266,-0.14801888657350543,1.221454584027616,-1.5639276607817563,-1.1503604433736663,0.204604423775758,1.193954178781936,-0.9054692804045664,0.7131126319050982,0.08430497068384814,1.1607381033909148,-1.1196733321961034,0.2419297335857513,0.8598348994018051,-0.5416154871851951,1.2283275942966194,-1.2221237037081758,0.08753260481648951,1.3704831809543039,-1.3362187630218916,-0.3227285059101625,1.3133188708050987,-1.3409651674705572,-0.48814427468515675,1.1815430327950691,-0.8949832634865879,0.6386547540870691,0.36436792536497664,0.8651699296737042,-0.17643909231188304,1.2678134254298972,-1.6409758831952053,-1.3552699916156883,0.1786103234943767,1.1964525293337884,-1.2182401399518594,0.06208328858828656,1.28839577511179,-1.3737340113258565,-0.7324403909619946
chaotic_066,chaotic,3.95,0.5677323038571908,0.23615367286446087,1.0279939461303762,-0.734317331881682,1.14644987355367,-1.2286441680037012,0.1467461728382717,1.1610339887715637,-1.0442412349753423,0.6986905678330461,-0.1316663423378468,1.3410313806656986,-1.7319557920407977,-1.08901807971649,0.5536228310160796,0.4671864899926643,0.4428185649466292,0.5626075749640044,0.489502547622685,0.5817830327725482,0.18136519134311216,0.9898869108154578,-0.7248258961427972,1.056036389514118,-0.9504523341252813,0.9311229678284062,-0.3243973453854506,1.2817404915643158,-1.8883299606856392,-1.3869264837047188,0.03827235220955507,1.209983751167554,-1.3279597105859116,-0.028632567788821242,1.3712183804037121,-1.5803904400790663,-0.6234554964714463,1.1761135652780252,-1.6189510240933143,-0.705702585997672,1.168012024939811,-1.1890115042922738,0.2713113887057807,1.0673078423786853,-0.7011365398856455,0.9263972273250787,-0.6870929522234185,1.2771156934356327,-1.5566246478148207,-0.2953513887301938,1.3316113507251952,-1.776892462168577,-1.3045191885384777,0.0439125673519083,1.0856255305078697,-0.946668270967873,0.6942134740929069,0.05886492950136546,1.012470087529532,-1.0931091922331193,0.6712194846745227,0.2467512401099012,0.9167722148257104,-0.7844142835888828,1.1915591030805204,-1.3377381564501312,0.19815211839109778,1.0036273438802794,-0.9688307094572014,0.8747195380954943,-0.1773942312267017,1.3491964287478386,-1.7709616189323998,-1.3029286404181493,-0.0772909317211764,1.0891947725616469,-1.4403591463677132,0.2746126882269465,1.144886081910476,-0.8493383500805317,0.9141519631040926,-0.5501874198548883,1.260752573420386,-1.5674311741646252,-0.9922319775271019,0.675750756780083,-0.05032074976053965,1.230457677062825,-1.198714993753228,0.22756728682497318,0.7415228406964494,-0.2462718646439071,1.269264164497098,-1.6820793241230834,-1.0688466944000061,0.7038071857387671,0.21267573592125436,1.0599437876507667,-0.7263416840326138,1.3074642486767747,-1.1201044088443652,0.5072803091978634,0.328455646033402,0.7031829355550238,-0.05799789622483178,1.1679519040142972,-1.350166085165257,0.28642242618159275,0.8121655652438008,-0.4608765090656013,1.3190979940302023,-1.5496863712059255,-1.1248961757333162,0.6101982137146678,0.23348900724914626,0.8364646238339987,-0.4616507551614617,1.3398358811150461,-1.757238595153126,-0.9876352586608804,0.4920434433530776,0.5297287046241655,0.30931712464565514,0.7643669719489428,-0.14920309489615774,1.1815128526513248,-1.8269696969176312,-1.221373873493416,0.41272215594790573,0.8442357982050281,0.030342055139808647,1.2662580437512625,-1.5272867270947899,-0.4371073459124819,1.1833602517353305,-1.7440631309061347,-0.7690859890693508,0.9386949365322861,-0.7530250149143152,1.068326847822806,-0.9108542895100183,0.8919316242365575,-0.182801901543906,1.3090615553205611,-1.7946956084963273,-1.2689362759571707,0.12000728915563758,1.033445185497206,-0.7091289454366222,0.9088151408328546,-0.3942276423007661
periodic_082,non_chaotic,3.45,-0.0027569751390876455,0.9984145089359692,-0.8968931874326186,1.0116627682802295,-1.0032782202676347,0.9840672323319911,-1.0054097288934256,0.9010361144487797,-1.042724600057732,1.105100067090726,-0.8460573042044797,0.9816822864326853,-1.069194912781975,0.9360842664877307,-0.9883381198178767,1.0429664324037007,-0.9308752907703632,1.1982894720633057,-1.0264868844449784,1.0781041912046356,-0.9805729691909849,0.9469980562466858,-1.0458035901936977,1.041556947313708,-0.8273380596197351,1.0051858080449676,-1.0229332933185122,0.9995012525762678,-1.1432388840244152,0.98100588284443,-0.8805943771947105,0.9474894751102223,-1.3481465409233582,1.0061742590191147,-0.9957758616953335,0.9417632693995017,-1.1058343436850284,1.018247805499749,-0.9869562580145052,1.1046979933549779,-0.9396109941603635,0.9532950699494268,-0.9981652707025234,1.0267622560142007,-1.0458558408172318,0.8096925164918615,-0.7622805802154504,1.08356319347349,-1.076489458071183,0.7939021064390083,-0.9656404182289599,0.9571854611939663,-1.0372088682027567,0.770000158319768,-0.994174115356386,0.9742335369035654,-1.0497780333707265,0.9570319616967062,-0.9435394036176613,1.1615576189926586,-1.0808781897522683,0.8916715456389366,-1.1163380662454954,0.9643963468507302,-1.166628747256886,1.073228270634503,-0.9583663888411512,1.104989625243178,-0.8884169904073275,0.8963215854723102,-0.9829436173921299,1.1429503078157586,-1.0120208258630534,1.0308711136578532,-0.8492911951517365,1.1006758298272763,-0.9903964375520089,1.1157945747939022,-0.9562851896585802,1.0640346408838761,-1.04715772892975,1.0794324579983403,-1.0178197984770265,0.8503982715990493,-0.9663341167991905,0.8816157300439947,-1.0585938150731555,1.136192981973514,-0.9359735909852787,0.9474083748131586,-1.2455774053142687,1.065170150976453,-0.9652693864630318,1.0308171406984885,-0.9047637492873305,0.9958032831650137,-1.0691623845752016,0.8735032273086059,-1.0182341650011792,1.0445058808273207,-0.9964306431960063,1.0574405417316552,-1.087167820634075,0.8523630308777994,-1.065871205013869,0.882008328598916,-0.9329128907686747,0.8861802693185397,-0.9144466451865969,0.9012683361232122,-0.796665585754819,1.0639909441592594,-1.1310863593422107,1.1841952895684935,-0.9255367990870526,1.0291975651492813,-1.0349362064291763,1.0263672848687606,-0.9004858299300356,0.9291495472264246,-1.0491820929120277,0.9924084724384147,-0.8950833276044132,1.0711300328016247,-1.012379851199973,0.9278843261261805,-1.0100873330098867,0.8973748240499668,-0.9707349807347165,0.9215799858599013,-0.9704926332583471,1.0359216883888882,-1.0276904557499589,0.9808317050426744,-1.0398026300756016,1.0388868571057543,-1.0582805770834287,0.9730570332688061,-0.8398921495348703,1.0617657588036766,-1.0831725234070233,0.9670534067392337,-0.7972208155753211,0.982903225047753,-1.0238278863076173,1.0459577160519242,-0.9315961435619691,0.9765081130559776,-1.0996684924482192,0.9806287715323919,-0.8887872866152744
periodic_065,non_chaotic,3.45,-0.0027476802851376697,0.9768577251430715,-0.8296375844321475,0.9924982103798461,-1.0315377151657805,0.9430735278749524,-0.8456661111856209,1.0415756605107056,-1.1081615600063022,0.9983981879541364,-0.9694443875238773,1.1701732858740561,-1.0374986719100792,0.8624630902998471,-0.897324263926725,1.2085930744128506,-0.9157117672392749,0.8899703515304468,-0.9727187187643743,1.030651860388764,-1.0344567486613114,1.0353416762314966,-0.9803666742264847,0.943930053075688,-0.9392375402685975,0.8881733091003763,-1.025464025836564,0.9228737240252175,-0.9722541708406277,1.0086883430543694,-0.8607138715960932,0.9565153153999674,-1.1546213072364402,0.9549163205278278,-0.9653128361771718,1.0537585390360662,-1.196439192857979,1.0453337954449726,-1.0352267706108924,0.9698291664249014,-0.9166472006127636,0.7848563356503501,-0.9163553799299127,1.0643216462364664,-1.1114891783356842,0.9549079962620063,-0.8286260785870404,1.2251905369525633,-0.9269143571101471,1.1833665008017593,-1.0160520169477973,0.8782865489948128,-1.0360982339049554,1.077637287476554,-1.1301566198154238,0.9421927784248065,-1.1105776308845925,1.033842512388954,-0.9265258492885156,0.9569277128033167,-1.0129730575539821,0.8869602363947361,-0.990757220597004,0.908924387042159,-1.0451020259793022,0.9207497863732536,-0.8816357333162318,1.0300991736271643,-1.0524158207684005,1.1722736400234628,-0.9118935450822845,0.9965538311833897,-1.0871906282539519,0.8836476505742266,-0.9560553734600185,1.0626360797731698,-1.2172797294786128,0.8658308838078438,-1.0003151442057503,0.9249559497280251,-1.0254837344138903,1.0172587309906294,-0.961950034921197,1.0862477902262522,-1.0868155307296106,0.9950092309298839,-1.0483709367569736,1.0601886160923242,-1.0219717444078626,0.8822516104180995,-0.9655105695054279,1.028562198227982,-1.0017414921772085,1.0307883162972036,-1.0210998804521414,1.1069564374435192,-0.9778985331652967,0.9287886744867805,-1.0625289683523949,0.9686958647856361,-1.173013862048078,1.020147910535866,-0.8349755322353803,1.1712397796834284,-1.1354469796043878,1.0768733277711602,-0.9427224504357619,0.7974889105712022,-1.0612098820846716,0.9564865035533291,-0.8326239913059774,0.946713478084656,-0.9734162968390532,0.9894998198709369,-1.0928342766879122,0.9778627589317346,-0.8784692727712594,0.9830741747087945,-0.8627788801009395,1.1151719083750768,-1.0721498045232007,0.8744726618655434,-1.064352397796826,1.1739130790386234,-1.013287142405617,0.8304432757095166,-0.8701084203783895,0.8568430570288221,-1.1088839879138814,1.0081836619217988,-0.7051619085346222,1.1115854341356048,-1.0751124228453413,1.0030550948266392,-0.8619931879449308,1.1708436023352573,-1.052011791423271,0.9789394880985751,-1.0334119451523327,1.096721185721764,-0.9272195076115773,0.8106174883745447,-0.99113424131858,0.9127770059297073,-1.0127633498699717,0.8792669726206647,-1.0816491665090757,1.1414956034545836,-1.0436316773621899,0.9946383763200676,-0.9102901774108489
chaotic_078,chaotic,3.99,0.6422057890932744,1.1318277355713557,-0.917890102128053,0.35078389999240106,1.0349608460950555,-0.5141476306343081,1.2816196259603856,-0.9720714465117428,0.2771723906050833,1.157324189867389,-0.5816375354859386,1.0921227738537012,-0.4658281346394489,1.1446560495273272,-0.7878692591155062,0.9639224352471988,-0.07403039135304328,1.3349449877151975,-1.529972271572556,-1.5185093291768994,-1.0403372250354088,0.031366325413383155,1.2793008231836596,-1.2883619708398022,-0.5502374249276055,0.9441371469711677,-0.1814226218754068,1.371648868054115,-1.4006650757356303,-0.9422156205194884,0.43932911111183265,0.8442709797677366,0.14123070703682064,1.3169934719547296,-1.153718267969904,-0.10981855974545045,1.3667678753981156,-1.559562142463543,-1.408013133122287,-0.9363875221094217,0.2635528874740689,1.1911135406660873,-0.8763601392328706,0.40142708823403866,0.8901566515988204,0.0932130033978641,1.362600333333487,-1.3174721839664727,-0.8105315341110904,0.7433235450410697,0.5060981780113487,0.843611002134183,0.16415089685414985,1.2754264639818795,-1.1415620168880045,0.023555662775468177,1.4723004212398296,-1.4738806668538142,-1.3396037547303092,-1.1600720254213224,-0.021009545824505732,1.3018585096776536,-1.3897504624083579,-0.9473031631127659,0.2988897666634122,1.0916459335693443,-0.2382679610819912,1.3328997139773902,-1.0917369105129038,-0.16050867115159367,1.2981189878940638,-1.4924107132317677,-1.1974425888923776,-0.7093997357950159,0.8506238176856113,0.12225655990699422,1.3910684887516653,-1.4490061866426909,-0.9770190864697937,0.3049292573598497,1.1048876038522015,-0.5418795815301735,0.9543253251629815,-0.23029731332281497,1.3084374261531706,-1.1864825159536125,-0.6766574245691804,0.8610778107739152,0.11884946577231525,1.2900654885093938,-1.4549863228051254,-0.8035159325315511,0.6857162595597943,0.39213314713392144,0.887486587282064,-0.1021883598884679,1.3166780244802705,-1.4416398224968916,-1.1610534874521015,-0.2314052175685729,1.3337700940116308,-1.5086453689933563,-1.1921148634446939,-0.2810055075393942,1.254927077101554,-1.3258509316852685,-0.7446451774793894,0.745693017199811,0.5030816306910592,1.059185146276662,-0.5147443794911374,1.1107977270438623,-0.7781239213833341,0.8631296114869844,0.15764824562628088,1.2031983263520947,-1.1067204774816908,-0.009126485309412345,1.2240479031069054,-1.4412112175935106,-0.9633071291865939,0.2177993501569786,1.3204864865233514,-1.0059393772205663,0.14624351181854547,1.4032866637554509,-1.2930822668834245,-0.5763571392992103,1.0362395565669864,-0.3124907009375262,1.2280840063224523,-1.082523273393464,0.16327755174269135,1.2376850693614418,-1.2259710829651056,-0.4586267939831001,1.1412184160661891,-0.745418675068961,0.6344591049797867,0.44899725019195597,0.9345315588583862,-0.009671763896985435,1.3557859503565557,-1.5288606497299253,-1.3909084963263805,-0.5793690479598408,0.9089813099781291,-0.13145472064581884,1.3747618653732268,-1.489482405813375,-1.402383680064852
periodic_086,non_chaotic,3.2,-0.9162907318679084,-1.001559287531522,0.9398747323683738,-0.8722280924341529,0.9886317753466747,-1.0662816196858924,0.9907894340995801,-1.1556951071830937,1.0490278866059306,-1.073868267137283,0.8982451933902202,-0.910096661873552,0.9278794369575216,-1.028612066144819,1.1438998315982551,-1.1139494283389308,1.052105823605454,-0.8502293301062068,1.1437992879700702,-0.6819339516742224,0.8956708162904117,-1.0995130255224401,1.0958367661334512,-0.8515025791171443,0.8752895334538419,-0.9139704920429006,1.3574006531475258,-0.9661106945304319,1.1104146435860782,-0.7642004349683525,1.3271621527289865,-0.9467662331582549,1.1556137920066818,-1.088616760233925,0.9871597723935623,-1.0417021591511637,0.7251528292262307,-1.200339423303829,1.0427305705767738,-0.9187869603792955,0.8408767973284786,-0.766854768100232,0.831501463626267,-0.9451793783655491,0.9267926399077175,-0.9657974723657238,1.1069903579768914,-0.8765891100030444,1.080835085499612,-0.9008920829369086,0.8091768311734461,-0.8248538697621071,0.8383173943149879,-0.9950102049830503,0.9355589150289501,-0.9324434320067193,0.9172633062444455,-1.0022079106118027,1.2057918323403707,-1.1581241111194156,0.9834087927209911,-1.133280750518276,1.076241220561025,-1.0801450005491986,0.9890327669636573,-1.1621582153718226,1.160895333192478,-0.9704826152948826,1.0026430759624372,-0.86675201346985,0.8121032759170133,-1.0648232811234388,1.0070718028157413,-1.2221417109734303,0.7567976733587882,-1.09311126405065,0.8272472873951938,-1.0276309835030069,1.0554041412335722,-0.8776125589959042,1.23192675119924,-0.983569696330917,1.0049190190173076,-0.9838791466188057,1.0276752436587488,-0.9258262451819032,1.110225218709777,-0.8545246174270601,1.0549832136732349,-0.7733304635559626,0.9874171012796261,-1.0643494451789328,0.9222930082707524,-0.9949828764527362,0.8351151648319263,-1.06459631512325,0.8274063955746076,-0.9332887563920811,1.0322773670650907,-1.2230917783274622,0.8940328587132349,-0.7301227095107921,1.0701280277755831,-0.9181494964055811,0.8926377836763386,-0.9410626988616532,0.9817569021169764,-1.089748641796712,0.9160186791664515,-1.0451038689021797,0.7795599272850885,-1.162007658665709,0.9563878525506292,-1.0967783549584338,0.9424730089502638,-1.2006986560788615,1.093657362072361,-0.695106924868026,1.1246651794342615,-0.825401817176454,1.0696263619171378,-0.9440386307573643,0.995614613660689,-1.1059034399552912,1.078395479966303,-0.8939582328488201,0.9202404653426342,-0.9083195356248127,0.8885652083328569,-1.0669126551680324,1.0900609236242427,-0.9214151601796914,0.9519334895117376,-1.0281525785162877,1.0077190066473367,-1.2322109654742188,0.8798110607294938,-1.153989509451938,0.9853728623517647,-0.8311510686785356,1.0491944162120381,-1.0506238312431584,0.8868299163551625,-1.0838672052564018,1.2580155656140033,-0.9711310580542609,1.011145027704481,-1.2700301023815759,0.821768968076584,-0.9865258393989377,0.9154189333096525
periodic_077,non_chaotic,3.45,-0.0027569349113660832,0.9281974831321815,-1.0295962067617075,0.8253204337882094,-1.1655483591506273,0.6529446582461208,-0.9836643498682204,1.027619639597211,-1.3006438635127948,0.9792643906307733,-0.966127483309643,0.879454613468479,-1.0835421594819767,1.0577992358612462,-1.0484661287113402,1.0002738691077708,-1.0083672720208712,0.8775349691540963,-0.8578355454275648,1.031468334496178,-1.0657524962548086,1.1844482039717636,-0.8577123798530331,0.8300774493101036,-1.07872093137232,1.1945254547242772,-1.0501113220010647,0.9987610248168702,-0.9224410680864882,1.019903006563482,-0.8790842233721627,1.06331317609893,-1.0383165786735113,0.8808817441490749,-0.9141874803998083,0.9533899320541184,-1.0868914745140767,1.1000756639852038,-0.993013437888541,1.1564075326786403,-1.0155796704756797,0.9420767621337097,-1.131622177961039,1.1961642643327814,-1.0406661724506554,0.7388080011466839,-0.8616903668517318,0.9870796404908528,-1.1295754190839846,1.0472899086107925,-1.2025267576524357,0.9230542958413237,-1.0685082800055357,1.0397793882333273,-0.7415318693728447,0.9681726859161692,-0.995174209088893,1.2224978302750806,-0.9570617919321059,1.0367583060637933,-1.1584449028211812,1.146580350814236,-1.0264061150825026,1.0174536525679503,-1.01594685382758,0.9662017360256296,-0.9997836778246293,1.0147531333315558,-0.8696468942651635,1.1777479425607345,-0.9750331076777197,0.9481483646609051,-1.11660753712852,1.2168587635168542,-0.9459619692417605,1.0987533316723577,-0.9714420060188124,1.1709317855751171,-0.9824261563672396,0.8846702098141925,-0.8592798309549551,1.045319445325588,-0.9148205523231708,1.1390773723954286,-0.9887555731359269,1.1095989594677256,-0.9352064666292771,1.078021628776872,-0.9873321430309672,0.9271511722697297,-0.9789229867917529,0.9532517668085438,-1.0122981388250543,0.9146568740628715,-0.9173418821860967,1.029730775483035,-1.0179507451172463,0.9800603332954193,-1.0140277507177173,0.9638029591523986,-1.198451325606927,0.9471573952839186,-1.0546180007989192,1.0005149774388715,-1.1062161561135664,0.7612722050899349,-0.7429105710063871,0.9685485330262781,-0.8978893690314697,0.9080877126753283,-0.7964635536057895,0.8798579821155523,-1.0201576172531015,0.8537113285159672,-0.7096933962914072,0.9667137791451287,-0.9571813944778582,1.0023713963517837,-0.9627873548378575,1.0405251115142238,-0.9059292021111158,1.023396051713364,-0.9448388805962799,1.040623910860174,-0.8522581848937395,0.9189613271792539,-1.1391848225046286,0.8849491592230794,-1.1350042266733773,0.8742902564486563,-1.042350812127886,0.9882272073846616,-1.012604559483194,0.9820211175413184,-1.0312635322816819,1.086170597936388,-0.9848326797488753,1.1115828345898147,-0.87952084150632,0.9567332720789746,-0.910449781690945,0.9856940461464141,-0.8843583786158487,1.0597313717133428,-1.048032804575176,0.9693479376361346,-0.9740010017453606,0.9081501120300157,-1.2424958844063012,0.8926372614491057,-0.9423002440573984
chaotic_056,chaotic,3.9,0.5000809081024075,1.2526635781169517,-1.3406714461444316,0.09551349852698658,0.9863504513677299,-1.0089422314428143,0.9368019120645835,-0.4045645839295428,1.2501342768369539,-1.4725806348607087,-0.3780926681145385,1.2526533578332029,-1.6346916840399732,-0.7513217156237136,1.0176776120956499,-0.48602468311364444,1.2229379189472545,-1.5097546786194307,-0.41466901770797926,1.170644459648196,-1.7747148770139896,-0.8754677684929493,0.9077912246167217,-0.6696691776589203,1.202746145196217,-1.4907496886695595,-0.29626275140856345,1.228444909863616,-1.6649697006446773,-0.7497587079657103,1.1710000237125167,-1.2641030806932279,0.3945971764986928,0.4087311660498332,0.6380446922133518,0.21853699016962666,0.9135949116132994,-0.6985534556785339,1.1637158159439538,-1.3549823120069688,0.2413038300785032,0.9910840255868242,-0.8316170263278443,1.1555795572449608,-0.7653078453564911,1.1057490045818787,-0.959715971309816,0.8024888159871935,-0.07750363117116132,1.2173075297147529,-1.4587247682961113,-0.24616416720195253,1.2726643407689455,-1.4961213139184346,-0.5957766515507055,1.1542160356104556,-1.1627641331821084,0.30445942436103673,0.6894168744992308,0.08027343271575714,1.2276421309262533,-1.2506614250167316,0.3749048800098294,0.7805028330049543,0.19412912345906397,1.0775204790575925,-0.6355645859374616,1.171592437800104,-1.3138829151651696,0.2720200554701095,1.0205686691435893,-0.644257720945308,1.1793033099086314,-1.3997639577148415,-0.20576121969791258,1.2142155209866392,-1.553475096626675,-0.5687463249364664,1.1291016390712276,-1.2944350429375695,0.09207460408680568,0.9104634773037915,-0.6908320237862745,1.1181085136230917,-1.22620203776079,0.4327874382054974,0.4288378267558447,0.4940799937993496,0.40105305216027753,0.3297248636657596,0.5235531254247766,0.17938122334568973,0.8751537422001647,-0.7761642196851061,1.152915321291896,-0.8068551334012187,0.7519995858958695,-0.39749576888441795,1.1946897371658864,-1.753443569476717,-0.8061385769469566,1.1040069735216738,-0.8126919407152141,0.9106711877155043,-0.6156588251564005,0.9932082035942584,-1.3090933649223002,0.22880752975093221,0.8320159896861202,-0.3020270973895854,1.2573948575117424,-1.7048313191140283,-0.8597828963623985,0.9856770950032202,-0.6240859160463029,1.1466586287287033,-1.3037529081385058,0.17919092873983142,0.989538626849871,-0.8761895978477238,1.014302465642993,-0.6692122544430814,1.3132437345486112,-1.5104143826578138,-0.11404953295703646,1.1365142014391378,-1.3052170901364144,-0.20877418417207555,1.2060701377380176,-1.6188443128542596,-0.5549059484536609,1.1879190838212872,-1.4954445668679155,-0.5009014699880728,1.2672792669876753,-1.6787776575255287,-0.7504041194827876,1.085251408257217,-0.7907376165706479,1.0975619096765037,-0.9950933715165522,0.9247108199307813,-0.45326927340271955,1.1820431862595113,-1.6875051863645991,-0.710421578836366,1.0262176624826274,-0.730090040126451,0.9342212759259011,-0.6704195420919199,1.034564235164818
periodic_052,non_chaotic,2.8,-0.22314355131295646,0.824604113406156,-0.20957980919350427,-0.022499889345864825,-0.20886019600779573,1.3531312180679649,1.1599853249898657,-0.1941237137048322,-1.1455856417374053,0.8477349012085683,-1.2282218702146002,-1.8627607743246164,0.3824108157790725,1.1698787686174275,-0.6054888785480828,0.2798060036262453,-0.6170674843087066,0.6269633478961515,1.034875891923231,-0.44997238564973746,-1.2862078093688851,-1.7557836222437262,0.8497024524419913,-1.4053584289640584,0.24427465372082469,0.6875578506669162,-0.7107011576034676,-0.34428153559991165,0.9299156321744128,-1.0462852457823362,-1.157294247034612,-0.41883627943185064,1.2348571063997853,1.5987916612443056,-0.270549690239251,-0.941231032712921,1.0010704853768237,-1.9878938454445847,0.10822951255937828,-0.2105503670133589,1.2522602424928444,1.3629115386515729,-1.1931793482867312,0.020823552016952594,-0.7864829016658245,-0.48328254923934033,0.5125779072659746,-0.5287354764674483,0.0495249175760155,0.8842390364187793,1.4942872437528958,0.153138485602516,-0.03375554708107361,-1.3733449708895304,1.5715279987422814,0.3795143713676344,-0.0135699792311966,-0.06953045917593277,0.2318408013332961,0.6814161625305023,0.8167468736749038,1.5988690818489961,0.10284696311933252,1.7556752074944375,0.9940816050933341,-0.2282844015490105,-1.9857923128168766,-0.06896945134061416,1.541653065925046,-1.010275809710109,-0.07235885998683203,0.018134515309830086,0.8676774611207585,-0.5866002996873234,-1.1131960268116623,0.460762070014335,-0.9754195121988772,-2.1696430303431558,1.8499022519096298,0.8511701709105849,1.8969397855628283,0.7931954697842291,0.5814429633078686,0.2415533790652997,-0.36595175384330153,0.3974536826529311,-0.7674869004173269,-1.3317255561937646,-0.525817704013643,1.2497063330415608,-1.5101589909936668,-1.4927833511297346,0.4840611333578687,-0.6164167387684389,0.36835415921095005,0.9198707903585899,0.3421512717433457,-0.8538871489978753,1.2403476938201594,0.6489746293117441,-0.13319510505270687,-0.18613182134738793,0.2464269736838059,-0.5036830954799882,-1.9462417353825685,0.6577609134528475,0.5927913387933471,-2.6787302024705,0.3958895076553388,1.7581709075377865,-1.395595573889017,-0.24267466788679595,-0.36152751765024327,1.6531173011065985,1.0632163356359134,-1.1230728889227626,0.21157296701387165,2.3554241939208587,-0.8456447508045368,-0.17472775202134577,0.3989853615978912,-0.8296214189285411,1.76551868272318,-0.6793905463459006,-1.6814310625397622,-0.7365952421225089,0.5515415829615101,-1.0353288181310634,0.16792168144474662,0.45261367770658434,-1.4844918231987863,-0.7789354781594732,0.2190659471899092,0.6055514593408556,-0.7516876086088471,0.0034307562333963514,-0.4730134106933125,0.6333677406245192,0.4054438314408468,-0.5709321526761918,0.3606437294830255,-0.6137045129166613,0.33759082738452256,0.35282601511311434,2.430191102976852,-0.5302315058304425,-0.3170072413697956,-0.8702742556248818,-1.2919164322681107,-0.6616674266606634,0.5647516417856085
chaotic_082,chaotic,3.95,0.5758448679008438,0.6752406518640187,0.2980809324263095,0.8915481718872483,-0.4645081755564744,1.3152670063609373,-1.431089964318644,-0.44270472020184254,1.2740563596667012,-1.5356446722519785,-1.0063594257623554,0.7703862222141427,0.08103925397238534,1.1565736476199133,-1.1052674719232223,0.4340486374116882,0.7736083147938045,0.1686239188987322,1.0269264490569094,-0.486532753679229,1.2010377143145772,-1.2099982813840322,0.27080460600178335,0.8197024509236488,-0.2131368328608949,1.324131668518415,-1.7642516825570054,-1.3037275745505528,0.014286843569203797,1.178689491519188,-1.114096807040917,0.02445892683266419,1.1136396375276836,-1.2627638001187362,0.24545890664523343,1.0566946158719908,-0.8539923372177889,0.9108601283789465,-0.46198050244887656,1.295076623062564,-1.3841051813670353,-0.7787250881419031,0.9043875184668277,-0.38542285290306105,1.2127947955756992,-1.593396517667118,-1.054393448925774,0.38135187241285246,0.8542777929542844,0.01821951449126584,1.274621297227424,-1.34757541548351,-0.25660185482105824,1.2493752601226025,-1.6947224288413427,-1.2026426398866683,0.012805834312989909,1.2338257540970479,-1.3653798321905992,-0.006772210715100494,1.286149705514741,-1.5945592007797842,-0.7079932556034851,1.1210293581522859,-0.8844123907738111,0.8556818881403656,-0.3868817324850496,1.4232364540621065,-1.6395121718124739,-0.9178179260723939,0.7134367584712618,0.17378013249535754,1.0623072259714998,-0.8018281401585516,0.9426312308308343,-0.6105493594334461,1.225660982804866,-1.316557651160472,-0.26240877534041873,1.379393639841222,-1.6463592371088023,-1.2529372666282272,0.023238104978873318,1.1613119634836497,-1.342172050020728,0.048306057029157336,1.2001041229150131,-1.1332743118392177,0.11282835786742416,1.1247698289737453,-1.2963158610620151,0.15870047526307862,1.1465946890188867,-0.926930263709371,0.7935204227412652,0.05023446748966897,1.2392693866127547,-1.3543894049801475,0.15746998349716293,1.127551126153644,-1.2197987067484082,-0.007598060428906752,1.222326087937052,-1.398445330280195,-0.27532716546345065,1.3368766290569911,-1.6077042038447755,-1.1303641550671966,0.15529528712492804,1.2414074070067385,-1.0322114145367536,0.6012424218094378,0.5887070404436945,0.46966706090668114,0.6254048501229977,0.4285871505354804,0.7982912603794433,-0.016954003976338856,1.3149937830440668,-1.4953757975631619,-0.806856231300495,1.244716570641899,-1.07616658527867,0.4421408765838888,0.5605984096497457,0.33520872122072953,0.8256953871254334,-0.2535962354013383,1.2649155168634916,-1.6444310569208938,-1.101225486301968,0.1608029697532351,1.2269987839648926,-1.1424139752540536,0.37384877442438313,0.8730671481968898,-0.20575520013589832,1.274876198556884,-1.5991180244830172,-1.0747802442170087,0.31435633677212266,0.8521402571087682,-0.41403304653112855,1.1905685186424657,-1.57467935030187,-0.8762730909742485,0.7746415881342217,-0.006150317494036446,1.2749160686447327,-1.4349709438150504,-0.5664781878569264
chaotic_068,chaotic,3.7,0.3449806510926845,-0.6443455915612789,1.2173554752442448,-1.8365247531294522,0.39747272864802496,0.03479942818025487,0.5401379803651049,-0.35189432964437634,1.1434325348077974,-1.7008498233022524,0.811571234121674,-0.651922679974389,1.1961732758120494,-2.138227520214951,0.3469489509077465,0.4828186049028431,0.09876129943554392,0.7844978965709621,-0.5446029101016358,1.200752816802037,-1.7790329020279727,0.6507335009997804,0.02521363442436079,0.76232787216856,-0.7440250837841853,1.2645457511911156,-2.1394529450249467,0.1858635169450157,0.586462139654351,0.032028792765859314,0.7848693609099614,-0.6148071208600451,1.3010579394825361,-2.0783048555581454,0.20710392419950233,0.4241564780303512,0.19509408929713526,0.3633291517744957,0.06439333827750933,0.7604564140173474,-0.5345355612629253,1.1446726084596217,-2.0359935714452515,0.21272421314963752,0.276587995801171,0.16851798700691886,0.6585462535745189,0.03619261331578585,0.676326994537682,-0.7536231562814274,1.0742038635618443,-1.9530915868827383,0.4144203424727943,0.0026750349953057885,0.5226621878297311,-0.5681364715755013,1.3470437654510656,-1.7225192651646837,0.3073637242025817,-0.09454478322879731,0.7140543459150644,-0.6592686146711038,1.1583282266065709,-1.8332330640034344,0.3134344231996856,0.31947310096559317,0.4534854626373739,0.3572197910871187,0.2863870861916834,0.3596255103348785,-0.030991629303019925,0.5811746191880673,-0.09247204825259121,1.1612247393772066,-1.4272315521384233,0.9256454419041545,-1.1582376341539316,1.0413170242169554,-1.8473084498001755,0.715683059344191,-0.40977723655933923,1.452828865609831,-1.9871321753926396,0.3427156332573463,-0.012504459623891875,0.5854718269324727,-0.15795127071079865,1.055578078138158,-1.0284596604637646,1.224035461527946,-1.8314716423642514,0.4254779576179559,0.04467670426882918,0.7437618879858934,-0.614987083523252,1.3162025267346813,-1.9858606372700225,0.4060996026673115,0.14475586481001781,0.23468867634429263,0.24823295408384624,0.24229327369476172,0.15351266170929834,0.4777707649236665,0.08413210355899105,0.8550255797161724,-0.6689914529803251,1.3286095354684497,-2.1097570496212024,0.22999269030997913,0.5552653207012426,0.13881821477835646,0.7468290833217844,-0.7448622991992714,1.078271760632961,-1.9433034991374123,0.2248680701168939,0.2403920038905262,0.7674835317884078,-0.5207544224264996,1.0817467450061369,-1.6316616108645008,0.6009747283865087,-0.5727226642583636,1.1238067261753002,-1.7459823398719148,0.7462358495435001,-0.2831473407639825,1.2667770193600196,-1.6400264450806703,0.9345228711340511,-0.8182375231381881,1.1121394361341825,-2.115407271816474,0.14949554152070435,0.3958132364492763,-0.035336838108198036,0.6583611009598519,-0.38855193604869986,1.3632505467509812,-1.8996083357556919,0.5959291727858254,-0.5784964755307923,1.2931331599092148,-1.8231272195687598,0.548596329653841,-0.19500151098264878,1.1569415370848204,-1.3528734817820776,1.027670505601837,-1.4633619001182863
periodic_024,non_chaotic,3.5,-0.8725073457385808,-0.7581027628246044,1.0624204690036287,-1.1656105629580167,0.8639758690468842,-0.6154051837208079,1.0593984793369853,-1.326928899831374,0.8133030071918677,-0.6391381819836691,1.154118539722378,-1.274469326462788,0.7431117251765096,-0.673026233199616,1.1018934557937063,-1.1444583833897943,0.7666874872472033,-0.7675219403812856,1.1280896804103773,-1.2989120672214824,0.7882598984790554,-0.586532525963555,0.9277738176727033,-1.0669106349369808,0.7729147306276051,-0.6230151838622462,1.0466361424816626,-1.2349896511834952,0.8058601111799242,-0.6239711773770366,1.0241742435344101,-1.3144984683687864,1.0013697587852284,-0.7018682883842987,0.9932513800407058,-1.4008846714773406,1.0062888584083853,-0.7566102497509919,1.251045786024274,-1.222983683780556,0.8440623408512836,-0.6886410216405672,1.265558626800126,-1.466985823444877,0.8507914045678538,-0.729609571945454,1.0368147702619082,-1.2464831782446906,0.8055335615301681,-0.6869189428531393,1.054661543435707,-1.3842421021948634,0.8665201552003573,-0.6372041965159395,1.0058353532194788,-1.0846435692604453,0.9563780023199872,-0.6251600165970331,1.1352146575126858,-1.257709682266167,0.9380901619709648,-0.5567168176301353,1.132973711961887,-1.3142476805885712,0.8268699839365594,-0.6506125813375496,1.1357725374968863,-1.2678399749132765,0.7772302607959709,-0.5554500032791329,0.9559011606322655,-1.3491894246681373,0.7056307603108506,-0.7934897390590326,1.1743446938544413,-1.1399275041370456,0.8236339063534922,-0.657897185677954,1.0558926210219588,-1.372792748589536,1.0394866213512277,-0.5751755776623445,1.0902576255494496,-1.3411433407621498,0.8094246572909263,-0.7698411947541035,1.0660711902101252,-1.2313583602517941,0.798482903841098,-0.8415977655803067,1.2576584955437384,-1.2381759542829807,0.8736042073828743,-0.7444136888130776,0.9097867697125098,-1.2683883584184117,0.8001688805533885,-0.6378181936200319,1.1422074461370242,-1.1885008585085257,0.9236727093114284,-0.5347834982025117,1.0935942994384833,-1.1570304272368093,0.8771138005084081,-0.8835621883080137,1.042330617460313,-1.3422565830379034,0.852400945723272,-0.7791249378207721,1.1139189974040324,-1.1681602016949948,0.943947361370645,-0.5521489031719238,0.8990501331251076,-1.3734541263562645,1.1063200603923273,-0.609568104617101,1.0780181753181475,-1.257526939346188,0.8252522596061491,-0.8867367784588555,0.9841513693026356,-1.2710766442420915,0.7631940510291247,-0.7597377035688238,1.2978383710490886,-1.2842421665033545,0.8567974446127632,-0.6817955489687062,1.1123914239498558,-1.3054897875406886,0.9480354077134363,-0.6628648768781205,0.9356691725164022,-1.2706676065294045,0.8143955365843606,-0.7251799745805043,1.1048424779956187,-1.2007716539157685,0.8792601781399657,-0.6727195017992909,1.0649463698114803,-1.4631237516344662,0.9038611871299893,-0.6586468096374449,0.9641465658498207,-1.2341214015369564,0.8916233647666614,-0.594338567082449,1.1049370853451916
chaotic_016,chaotic,3.7,0.35733156230646146,0.8529891103394693,-0.4712896227518173,1.1103040847186538,-1.4419567938876188,0.6410606498884017,-0.653668747806195,1.1430365634737056,-2.0096819101439927,0.1792882616700242,0.3342282524665379,-0.06044734589811831,0.6969423425924782,-0.3707096220137975,1.131687930314589,-1.7105187377296136,0.726908683676336,-0.5663887915971297,1.2184326767594567,-1.6405591446404457,0.9218638257899789,-0.49665637394778234,1.094327479545854,-1.6266611490371379,0.7710776490142295,-0.5687723445783113,1.1297387529430725,-1.7391862723025588,0.4862111456890558,-0.28455936422715117,0.989594419961514,-1.1506067369998292,1.0643105966437294,-1.8371277434947582,0.5604941191512461,-0.7772849468321679,1.09317448531984,-1.9698429621079772,0.1985691792350394,0.17331298651205762,0.28944019477750227,0.1100551015548958,0.634842016542853,-0.04891201550889684,0.8527002449348615,-0.9510249945216683,1.2030180985621,-1.9951990900369767,0.24694241654642998,0.3604969961080526,-0.0012394512752581844,0.5229038917136365,-0.5702527105326345,1.2767361946144253,-1.9187603407863005,0.5973917311005673,-0.03199589426516925,0.666551205614184,-0.4166782166821703,1.101192209758261,-1.629724106404666,0.8044019278010469,-0.6789886131217888,1.3796151921334285,-2.0229593428982287,0.2780346936098767,0.36772128835203965,0.0956595976358928,0.615620401640462,-0.40896138035679497,1.3868139137793418,-1.8045046908509457,0.3518406518351478,-0.2977890608854464,1.1016612418666967,-1.1934291287408518,1.1486921870129516,-1.5580745987841802,0.7949932554383267,-0.5298035972102466,1.3116229636916856,-1.80156067258833,0.35651338057181997,0.3214227627366802,0.35162819532156264,0.06449029691574908,0.7164646719055447,-0.1829701525616039,1.0228497803027181,-1.1357350315923198,1.1202024990317787,-1.8170767734471762,0.6714345675822199,-0.11140005367990694,0.7376567992409819,-1.0687957023885792,1.3919072584401102,-1.958060527051332,0.1676943528816049,0.37699876611124306,0.5147794895084122,-0.0076749667154407016,0.6810766565763887,-0.47266934324932125,1.143879825378535,-1.7641501126535095,0.4942849275721635,0.03624668826236598,0.7153801213912295,-0.5577431821504594,1.2836876278655884,-1.9123098899144289,0.35733897610694526,-0.07810608654431,0.9395662982898119,-0.9261507350825303,1.2756770758268152,-2.0274946414811503,0.32236209018711437,0.3570059730080829,0.11286425620595496,0.4630111471080993,0.10709780734424126,0.655616654989564,-0.7936488938727083,1.0836476575716012,-2.0479725206292536,0.1291024335990104,0.2719984802604039,-0.020137324100208343,0.7505706063139513,-0.9542622229504386,1.3248110026236244,-1.8757205953072997,0.35485961811057043,0.45559184545556974,0.05627657482064533,0.7797069729860128,-0.2565039871671781,1.2281359128075606,-1.727561356478254,0.7941710935702695,-0.6714676505565784,1.0588179239822602,-1.9535536163268692,0.4619392612940788,0.4350225877674314,0.28638808086324713,0.5404503490866752,-0.15724371245459637,0.9270554336962122
periodic_048,non_chaotic,2.8,-0.22314355131295646,0.5331899087830856,-0.3287596279875887,-0.5109314744304704,0.5409418118436964,0.6628939421704083,1.220808923614431,-0.6801504758010098,-0.03498727570244845,-0.6818049093677842,0.17095957862488356,-0.834518372023624,-0.4561673176043199,-0.45072350382830256,0.31022530540917764,1.1886283923518478e-05,0.5376898069293998,-0.11743902312280596,-0.622439929286905,0.20118491906520167,-0.9828860577867032,0.6048331902578238,-0.308080266216567,0.21532424163457747,0.23188634395923302,1.7076359358423767,0.40446538807562615,0.07506830050802556,-0.7427393208468251,0.8539680431648907,-0.29177979713393487,-1.6326717368336163,-0.21153904536879067,0.20140592780902933,-0.8774773594472284,-0.12938554356798224,-0.07950302559897121,-0.06286577804760846,1.315707277715972,-1.4041586596933044,2.1693754481431333,-0.03821951499938502,0.6166405183382277,0.13341084476795073,-1.8468934360548777,-1.131787262768906,-0.5631792900236143,1.0583528864790284,-1.4818848292400104,-0.9172485177445957,0.1729500360900118,0.5019634870838444,0.4697724881058406,-1.054264835688771,-1.710128654044719,0.5726821404607731,1.5277270261236953,-0.3719978995255183,-1.2259056468174019,-0.46234538548671733,0.4177953943567167,-0.2521895563567562,1.5000281229588488,0.9849146838325709,0.19376640857151278,-2.090764157528748,-0.7426248187522952,-0.5885453878797435,-0.8006843304329407,0.20069180803161352,0.222719080984114,-1.7914015169698885,0.8563318839328581,0.014078812950992784,0.37889009131006096,0.7924833637879485,-0.8224263160187841,1.3416260364219719,-0.15460936200825562,1.6125674590877979,-0.9580486563317486,1.5331990882471378,-0.9687858245283804,2.7194789432415,-1.0198992048675541,1.1255076914166093,-0.3902563270079332,0.7606466030300593,-0.046433749138407775,-1.1688035080570194,-2.9907355008538548,2.675471000952704,0.07486029146425732,-3.147441242463391,0.3201037143021253,0.7334760056127307,-0.7669982412415898,-0.7598132250386807,-0.024339808468987787,1.2814737961451494,0.10363337641157797,1.5598814837505832,1.2052305276734265,-0.24753390582165094,-1.6807875966914283,-0.24527578718264112,0.5592470536873058,0.06083394579113204,0.6745518110168004,0.9191658079809742,0.5639216867861507,-0.2972522526227967,0.5521980416992275,2.3848131359788605,-1.594642976554916,0.5173787888918846,1.9538123510097418,-1.2578487585944675,1.0662365394699982,1.2089671893590366,-1.5807206137682461,0.7578044600624468,-0.2929659125588348,-0.06771319263329395,-0.3502632285192059,1.3990777915398735,-0.12291297902851255,-0.4980589447565396,-0.4799656480505499,-0.3673921588096614,-1.156310992820732,-0.5074810806345542,0.12255077653066965,0.42881804864187095,1.2830171691627303,0.25427048898262883,-0.5099760596070085,-1.0831436579546576,0.31142803788015094,-0.12852080476391003,-0.09321281709547823,0.2772909889246737,0.5516699273111155,0.2849881686685806,-0.18529309577558964,-0.8591855128264003,-0.6577250203037501,0.9029716430548902,-0.45562200685450827,-1.4409956716252423,1.2355200537000266
chaotic_093,chaotic,3.9,0.49552729930351813,-1.3340878272017034,-0.35937269163770336,1.2592308484042194,-1.6208040207870562,-0.7311826780469053,0.9230686066969013,-0.8887913003867303,1.1148629075924716,-0.7752106966011796,0.965057272700073,-0.9273682614477745,0.9548870136455178,-0.5002134914215473,1.2845343175787698,-1.6129286502781373,-0.6570593052544713,1.319227185307299,-1.3614275982018471,-0.12582508056624594,1.218752369525247,-1.3960218314329287,-0.34765915997192576,1.361753579113592,-1.6475948759019214,-0.7201466743687925,1.1060144754505805,-0.936785193448476,0.8591331967503635,-0.30865357544188765,1.3214992199502136,-1.7329375722576505,-0.7973073656909719,0.9727204276998346,-0.525447369442069,1.269573973049346,-1.4677362598473427,-0.29309189252928514,1.329484970835355,-1.5990584566978339,-0.849815372265283,0.9367262793096496,-0.5957697032882205,1.1599865597416552,-1.1911451384351288,0.14963918858606867,1.0893595484119574,-0.9921313226712897,0.8717693083462584,-0.19603885845297275,1.2296634237230006,-1.5138298232530558,-0.5676395889947,1.0225782461846298,-1.2797560922787101,0.19204663074100448,1.0078895422594454,-0.7367480149148742,0.9333759055743872,-1.0109383856162517,0.9041356831136111,-0.5439420857556418,0.9947748657018385,-1.3968375203364842,-0.1130505199571551,1.1682821846016922,-1.1193085339210784,0.21188909469612457,0.9737472642029378,-0.5409019919460022,1.188966250004785,-1.2750876839795062,0.2648861552305794,1.0403133445919963,-0.6612863900013105,1.1108288485513778,-1.0562954995843938,0.7176036529786033,0.2222405262464733,1.0406843873652614,-0.6005168106562151,1.3254729597074855,-1.376399687347437,-0.21960606845790134,1.3072578130819317,-1.6086332139715815,-0.5902502479258542,1.15819521465712,-1.2806528604589982,0.24077548933803594,1.071724091937246,-0.8426861656791964,0.961346864618762,-0.7360894011472968,1.0701674524141627,-0.8441958606610318,1.102975410075053,-0.5893132636222074,1.1100358894050544,-1.1873185690341788,0.4451485226015641,0.6114843886683866,0.3781666192986906,0.959362668292919,-0.3438515290737667,1.337460534591737,-1.5795878105725487,-0.8004282585967769,1.0172685823903829,-0.5853423838060257,1.1993291957402425,-1.241396410046434,0.3128370131723298,0.7818061662928628,-0.14766219900504343,1.1537222898580053,-1.4438026018791743,-0.3501247886565072,1.1983263188612325,-1.635130400411642,-0.7680866554997549,1.0576977203900806,-0.8661779791414288,0.9121931459826503,-0.6276189988842473,1.0336092385789744,-1.1020292261039129,0.539073569862658,0.437072131739273,0.6767873972112187,0.3436184974560015,0.8613694800158195,-0.5011524436880987,1.0443493786802445,-1.253903773405835,-0.1374717759017448,1.3589217439640002,-1.3160174462257226,0.222197247774079,1.1535235598909577,-0.9352819791116652,0.8327915356626888,-0.30226517070628667,1.345566588307921,-1.6658500377137873,-0.8681966288982265,1.0153185830493878,-0.6524263538193278,1.1687792646990707,-1.2647445122973286,0.134526044190278
chaotic_065,chaotic,3.99,0.6297480426099298,-0.28621951449425537,1.3353212268575614,-1.527736646628364,-1.353332494786847,-0.6182238399321699,1.1086872948472293,-0.5812194293362796,1.0219092172798923,-0.6051566203322245,1.1883850289602584,-0.9453657315781975,0.5742140348854468,0.7088584742111201,0.30381251781706786,0.9469047231139619,-0.17284687112228295,1.3789669583823065,-1.5600955045064087,-1.5232065878827494,-0.7435671631200875,0.7416660362830442,0.3055146421923288,0.9507958347248757,-0.3542690818229196,1.3144730408323173,-1.3372114898251897,-0.4514802854664762,1.0604131493406668,-0.9824985559652154,0.3953493289323379,0.7243522320012111,0.32384229263175196,1.2887999670287615,-0.903263395749994,0.4869691130253671,0.7528156160331692,0.2908133163288208,1.0439050730169668,-0.8504656922673405,0.8085860920501254,0.3012861061450953,0.9714971114571909,-0.42348665418436054,1.251307705312135,-1.1982658471553054,-0.06204184541875019,1.3777004512043038,-1.4521506229813392,-1.4201726148870242,-0.8466496578735788,0.7621710483548018,0.44649700598962944,0.7651792118424302,0.08119912642820562,1.3579888188997942,-1.3623061589029273,-0.7522039189289152,0.7582948837495588,0.06150433129122491,1.3680405864903649,-1.4599910374463305,-0.7700330148456037,0.8065326512784435,0.06230337165458042,1.2866399766571288,-1.273777916858344,-0.44984451958171046,1.132766503435403,-1.1020489298605285,0.3482622155104389,1.0259069298882695,-0.4400015502072401,1.228184021063043,-0.6268351144463054,0.7902792317270139,0.09438244587174588,1.348843202336505,-1.3504265157621071,-0.8071826732624516,0.8535061972618261,0.23518981083566473,1.1727758597512365,-1.0049425166972825,0.571486435911711,0.7361123736184235,0.3247379755685425,1.1128103406188516,-0.6775503579149967,0.9327029441569948,-0.13752690491057634,1.3322631681684762,-1.6659387116778195,-1.4186380069651816,-1.0311339554466847,0.3023327609399013,0.9313057008715089,-0.33444700915714226,1.278367099167162,-1.473484719833753,-0.6460993624050935,1.0960940364185605,-0.4832330415085854,1.1982311044823961,-1.00320214575008,0.23204291744733166,1.2724989431588267,-1.2432680991647627,0.255598543312378,1.27572283784213,-1.0268706648821166,-0.14757120021304887,1.2410850291122408,-1.5867441251202337,-1.499576567467884,-1.0536522251048146,0.17961479298907612,1.259009104261689,-1.2856996022875002,-0.3555368502974502,1.2465676832180914,-1.282718891788545,-0.29789730740778575,1.3541790074787974,-1.2631351640696744,-0.5726460174104135,0.9736488904503169,-0.7046362074223813,0.8790870373745107,-0.1601666433275606,1.3071077816995174,-1.5922685842837596,-1.5601209399994485,-1.2235918589874946,0.04371261857180627,1.2751147968962016,-1.5348745769227683,-1.2263553913549667,-0.3684776935923395,1.2828267734433403,-1.146851999006013,-0.03410502134457407,1.4250210001104777,-1.5505919763444471,-1.548846349992824,-0.9684374219357966,0.5245060719073616,0.8003768579637426,0.17929327769081774,1.2809171748564303,-1.3435534855046347
chaotic_060,chaotic,3.9,0.5071670360133268,0.8642577650242795,-0.23647980147131542,1.155088184866827,-1.7020301471506896,-0.9532080679267019,0.9045339976544796,-0.4331348161213693,1.201369287778063,-1.51048046922206,-0.2946564651347084,1.2977333587955013,-1.6890042058853183,-0.7664377417640078,0.9672787951555967,-0.7780403024214466,1.0244850583656446,-0.797345418086521,1.105459433760594,-1.041765128501681,0.7033917867679774,0.21012192245935457,1.0517449933982235,-0.8178813103724101,1.0621445823707576,-0.7940254844732526,0.9772079893891642,-1.1554147649288113,0.8073839881892866,-0.256641235234445,1.286753546123349,-1.744319746403761,-0.7417931610781505,1.1319519883964961,-1.125010806012001,0.6562263786340419,0.2028162315320448,0.915928010526774,-0.4535287658925322,1.3000046670492107,-1.519563282467381,-0.4981175560000513,1.223787070679329,-1.5488500775593648,-0.7030008698471123,1.1413702413631652,-1.2592122217138406,0.2775928969417746,0.7910166974721565,-0.4497904489818069,1.3090767105285366,-1.6001963530921715,-0.979352629042626,0.9497547624713848,-0.4410362920734999,1.2671933191257356,-1.5212668874698643,-0.4164474096546599,1.2779524895589134,-1.641625395976017,-0.8329224469970826,0.9384808646414348,-0.6599443758464677,1.2143971939604277,-1.315755160997327,0.03815396108840113,1.149156653655336,-1.081921915973231,0.3254626106394741,0.8208617255250942,-0.05595795870902668,1.2395862270090534,-1.1929911498298076,0.17260666620489085,1.0881569227775691,-0.6356768852132765,1.0691645109212113,-1.171980031322766,0.537332182524221,0.6366185708638559,0.28448980741400465,0.7447957732799441,-0.0398725526457679,1.1622549442484624,-1.2248451062487886,-0.04607189025737983,1.1969312692967768,-1.320066132807224,-0.12950953921545333,1.2916028414897347,-1.5937724185735236,-0.3532802571147441,1.3444661958198532,-1.5600177719448607,-0.9122782249570869,0.8643555897453375,-0.4717770077800194,1.1874717060980096,-1.5175915537770592,-0.3120345791557483,1.2341971033200958,-1.782165798975567,-0.9032416776170358,0.9788797691227581,-0.7946799700535085,1.1053125178734426,-1.231212809199083,0.5882502655270307,0.6885017093452016,0.347810865887613,0.6678555265130495,0.1273531760580026,0.9572789187172142,-0.5488510476772404,1.0946551959904445,-1.159556638692541,0.4113413251455303,0.6284201850011257,0.18438649159100126,0.6482512501909723,0.1265713856679224,1.0021296707766791,-0.823045922921332,0.9778861899030534,-0.5290911115422352,1.3969411442402067,-1.6962504394767972,-0.5778297887634091,1.140335203488782,-1.1891812199669114,0.4175536105358597,0.6026127526432331,0.3060958340843788,0.7862141464978625,-0.3123993219531064,1.2227083661041727,-1.7455336036134887,-0.9133357910817146,0.8493781024188258,-0.5447209889379053,1.2547449519138458,-1.4798703025477562,-0.20637863233196732,1.1260126648415978,-1.6311723439274748,-0.8525882841787092,0.9879612844152909,-0.48976148579251216,1.2043034374935024,-1.4387530169358433,-0.2863709993780933
chaotic_084,chaotic,3.95,0.5763650034188317,0.3928932073821152,0.7525733102141304,-0.027545761067950078,1.1863668485805734,-1.4649443849309804,-0.22295086920999144,1.1663057116769024,-1.5692965423148935,-1.0339694444678376,0.9201011190594817,-0.13769977500937766,1.3768066704457351,-1.6074406428263328,-0.8525651148693857,1.123718223916299,-0.7158722328328353,0.9125184968266186,-0.6151422806179665,1.129978924706289,-1.3189443309564954,0.02753987064469212,1.1747401583817203,-1.4604733981828177,-0.0955881294455021,1.2932089167560001,-1.5368113338191705,-0.5852880053471191,1.1497264579515092,-1.4275702318747336,-0.08650325950190459,1.2206572563920215,-1.655196744800882,-1.1388863254694737,0.42434945165150467,0.6842143267370675,0.04151554795388493,1.1628438979490432,-1.253931482240085,0.25961965903032674,1.0112267353081403,-0.4820041398825096,1.1832406566470395,-1.3512542487650094,0.29862449293789756,0.9869520369710411,-0.5504993320898959,1.2086477658639243,-1.0794901238278487,0.6435993041944362,0.33591821693138113,0.7871623233078068,-0.030353623394697334,1.3285658581380722,-1.4970932995082673,-0.6574178084554048,1.2929324046359971,-1.1326138519674527,0.37150873334254086,0.5208159420629427,0.4353668206308136,0.8365814259416275,-0.2089736069977239,1.2677209939699718,-1.7628646369897003,-1.3019467222025856,0.19777087896275525,1.058212076242932,-0.8580454528573689,0.8850094375947305,-0.3056407241510446,1.2125747483125562,-1.851617440130915,-1.1155245992211844,0.11268505818496637,1.2879783527809208,-1.3967109486944744,-0.08505507938163157,1.2083923432581438,-1.6613993854920799,-0.7644549030103706,1.1535746060207448,-0.8400909508953287,0.7871314104488336,-0.2638007023438362,1.354756990444199,-1.7815962833578671,-1.284450655229665,0.09973988894403724,1.1809612908787563,-1.1764529829711439,0.2560105992324303,0.8648639298483786,-0.45852727671771204,1.1927992987898521,-1.7081635287169574,-1.0836587181828699,0.3290800409731707,0.7318321011611181,0.1591118013421549,1.0047894537353965,-1.1038231361678374,0.6283426626601364,0.5642490144497853,0.39231396256396145,0.5844844831669848,0.43916630457107825,0.6364989550967634,0.34048500642086454,0.7661793171584795,-0.06487466645040493,1.2315500524530694,-1.5011154777911084,-0.4048506946977627,1.216477607003326,-1.6631503210094194,-1.106310846650977,0.3529240135935586,0.7103054413144888,0.25589257003187565,0.9539898888409969,-0.45931374897263283,1.2657712195917388,-1.436227097575271,-0.549940661446182,1.2992027073878727,-1.4577964582537277,-0.3619628756481196,1.3180938777565343,-1.6093473355619559,-1.0538588864968472,0.46328082410414767,0.5417157534281305,0.3989431841656827,0.6927382276175785,-0.029623376595674482,1.0450965231897558,-1.393417845971739,0.19600537665315462,1.1185969899773982,-1.0895297650900002,0.27890598721304166,0.9595380767774254,-0.6647517881543473,1.2086000488752062,-1.2569916901097966,-0.056682168282342724,1.3073091726219197,-1.7560821298945295,-1.1326966600363197,0.49619562309771115
chaotic_067,chaotic,3.95,0.5821216704921793,0.19913849406451226,1.1044532868561818,-0.9008549586313985,0.8116095378078029,-0.118813530455321,1.3555399094347853,-1.70369424639963,-1.1121642808215235,0.5918162785997917,0.37465645752970167,0.5760062185531947,0.23784894567493425,0.809365029386771,-0.48817799802159106,1.1627551327211392,-1.5808206366079633,-0.5690893688176007,1.2214352591612738,-1.5459996439431585,-0.4816211712777367,1.2533703472873525,-1.6959615481765054,-0.9701031494455759,0.9165425660674495,-0.45573378156641536,1.276960776413827,-1.8238869830795392,-1.3233988565179127,-0.10551948220574267,1.1487814702907482,-1.394825531697933,-0.0343329576301852,1.2611822245233515,-1.6771123339940976,-0.7375704199341397,1.1615015212126145,-1.1932151308869314,0.509268464253759,0.4708073608524299,0.529240827480026,0.5668853610213852,0.6730434041808718,0.09084095297253908,1.0735883737138678,-1.1503846933906015,0.428968377951942,0.6914974803299797,-0.016247776159690693,1.1247300290074473,-1.47023086227949,-0.05456053705457267,1.2115179270537373,-1.7899295530595927,-0.689930223578846,0.9432229074960043,-0.77922286845692,1.1525615510622966,-0.9286816072229959,0.8346618343213982,-0.39789853239464656,1.1830706327897,-1.804027415532736,-1.3271331995869218,0.00996119044105997,1.1501004160734496,-1.3871351793778952,-0.22629137229297727,1.2700597369980207,-1.590500447819923,-0.5812937738024535,1.0985978318515608,-1.1586698814466687,0.5447106474886372,0.38180472497952744,0.7056344128139306,0.11855187917922573,0.9877780877034159,-1.1117686384225993,0.7297237311977376,0.12209726665764795,1.154973838698301,-1.2215403253137993,0.2395607192070269,1.0264430523476544,-0.857586927841463,1.0109409461628347,-0.690611882819853,1.072027991271399,-0.845698693651411,0.8501442533580039,-0.42970457162294834,1.2693491502749645,-1.745343229094537,-1.0951470351504498,0.24503336895587044,0.6860971611574379,0.09483050562620567,0.9973220984638254,-1.0165628553325639,0.5669823761428044,0.2371104085008009,1.0192731488115858,-0.39990372130455387,1.2992606948466139,-1.6575424226397906,-0.9824896708541155,0.8969378914892192,-0.05021357414432163,1.1892540084182741,-1.6881485385134898,-0.6584121863175658,1.1088833954496988,-1.2398250143977876,0.48030203459265997,0.5727069026413789,0.3485917429603734,0.8503720675739707,-0.2910048029061611,1.3277937613541826,-1.809404547151759,-1.321264617978919,0.09628318452451219,1.129729430115807,-0.9727288192414002,0.8829933945457166,-0.057166912370584355,1.2195614231051468,-1.8994035820460768,-0.9860320616146923,0.6029638684362743,0.17937018459805645,0.8917990924688918,-0.5897675091555651,1.2996475785798292,-1.4966296596224389,-0.34569451136429324,1.3059428501613415,-1.7482588133762387,-1.1494893202321763,0.5328330563069434,0.5616188624834707,0.5501791705348799,0.5122020453940818,0.4529754228908306,0.6482142884474835,0.2458643607249719,0.8086440643458117,-0.47706032825457734,1.2592949194786618,-1.6907588746008395
periodic_025,non_chaotic,3.45,-0.0015710171052125076,1.0835301275201115,-1.030383580124341,1.0225957116102578,-1.0380650762572188,1.099314936615789,-1.156069301733785,1.0615958055865975,-0.9764273995858365,1.0853637104119673,-1.0761765498451126,0.9915091789631783,-0.9722403799917221,1.03414098609474,-1.1019670021873236,1.0441509338790547,-1.1559991656362911,0.9279432488365704,-1.151681752495241,1.0626416047428322,-0.9394107411912914,1.0363161679238415,-0.8590364393332134,0.9523125751882346,-0.9191678074151903,0.9987343935049734,-1.0094280952637844,1.1087236691391698,-0.7771745109214208,0.9507912290069658,-0.9207831384968727,1.013497356348444,-0.9459162144986067,1.0162390824564198,-1.0333219422351965,0.6370828159032059,-0.8298180592182511,0.9254493769576115,-1.0245464402569124,0.9614514733231085,-1.0533054878569112,1.0156099309408555,-1.005578222849659,0.9135879154485202,-0.963294786599492,0.9892822819134821,-0.9119014405154048,0.8534220338669548,-1.055286357145565,1.0624141928654751,-1.0630802739037184,0.8955304150066729,-1.0344984248378342,0.9827729464550262,-1.010820186469599,0.9623643584774506,-1.0767019872820598,1.0670685826158028,-0.8736389801220393,0.7984010992045315,-1.1272642878502115,1.0892338726212742,-0.850204485762922,0.7772903434398877,-0.8988206219892451,1.1504765611945207,-1.0847424352896067,1.1348389959790894,-0.9945464274808994,1.0229229858921147,-1.0709874968601805,1.0790312520591854,-0.8968855786689676,1.158888240040056,-0.8628064016839284,0.9816187747545867,-0.6776053659465463,1.1228592419289625,-0.9496333270545908,0.8863440614642332,-1.1247432150295134,0.8533346511594952,-1.0918083716496358,1.1152440522769287,-0.9302213023314237,0.9335348261021826,-1.0149422271309851,0.9575876862030431,-0.8999972474747704,0.9079656833015074,-0.9681793391429085,1.0113468527238576,-1.0589178783417779,1.1458106004086153,-1.030438188373385,0.8866831420121969,-0.8948007648964463,0.9979854424172285,-0.9626153255182102,0.868157702101554,-0.8986500873561145,1.2021958082765516,-1.1237914296606746,1.0165003268160577,-1.0526348736859206,1.252077489558692,-0.8825786827745393,1.009527421743495,-1.0952498317173875,0.8977277114144744,-0.9301933155531726,0.8509499984463071,-1.1051516759021054,0.9936654428256851,-0.989329027331473,1.0189249193365053,-1.0191414152454636,1.0815460373763548,-1.085329457224603,1.0426791124793906,-0.9560710734394814,1.0507640713814215,-0.8883358762501412,0.9383439897658272,-1.0403964190131731,0.8300983634126973,-1.1969945749074058,0.9652550562206027,-0.9869756527917869,0.8881879559386646,-1.0863758708254925,1.1290749454718965,-0.8921170045485086,0.8712866101005328,-1.0450905558425223,1.0213195920075855,-1.0368999868087463,0.9149727241616946,-1.035104769745646,1.0873054764159222,-0.8625521078995958,0.9220555784060964,-0.9581436024108784,0.9815147253655253,-1.0736018700775152,0.9643400413404322,-1.1244809735320611,1.094240914676965,-0.8266710395681216,0.9534186961394826,-1.065224911108733
periodic_032,non_chaotic,3.45,-0.002316769090414041,1.0309092560875395,-0.9314955116572383,1.1013870455083368,-1.1888252973864093,1.0550711567449034,-0.988451288930087,0.9296593905203435,-1.052683689170103,1.0691376689545906,-0.9120332420555762,0.9753477069072541,-1.1386797644372881,0.865400819490788,-0.9098798839203924,0.8641040998593058,-1.0399302095626497,1.228209056295232,-0.9382323471828862,1.0595830795144858,-1.1312083291051598,0.8500017294776296,-0.9056499354634967,0.9604558578139882,-0.9150159137537384,0.9825916436539504,-0.6384854110429198,0.942090788351078,-0.9909671772228865,0.8918786686608264,-0.8730238881510254,1.0401130470896258,-1.1119938364421178,0.9476795602621643,-0.8401040074548972,1.1186242281506213,-1.1558884392911954,0.933274050136491,-0.7965589669338212,0.9813441469291864,-1.0013181503567907,1.0777146181996209,-1.1016654574503646,0.9066088834442068,-1.0504294729154557,1.0948906705341948,-0.8740408895746298,1.0672013168514196,-1.0326129423798154,1.0876102019136165,-0.9874445361418324,1.0534968407155436,-0.9309349986085226,1.1424815598993012,-0.9780812283641438,0.9624993746268886,-0.8939107577835603,1.1110186857871927,-1.025167223429146,0.8906760182257375,-0.9013083527555561,0.8193957527531648,-1.1363474822011979,0.9716581842011226,-1.0190699905535021,0.8659964679310581,-0.9607113062836099,1.013743829046273,-1.0755057721916648,1.1653093760758875,-0.94055226461981,1.0971720565092011,-1.16996926121664,0.8267827979687608,-0.9375782217336321,1.167474177999373,-1.1268246508415618,0.9823826016441973,-1.1015663315976465,0.9184705638944811,-1.0104519798279157,0.9208247388766568,-1.1083396095126001,0.8595287355584381,-1.211673756089313,1.0145904252127569,-0.924146736129535,1.0453764160161003,-1.1171900857664687,1.0657968480835964,-0.913539206078167,0.988760247585918,-1.044428250213963,0.9056293730289361,-0.9632944875212257,1.1445609186981125,-0.9191875503133546,0.9436313511610767,-0.929729011095465,0.8815070507833385,-0.9586844504898877,0.8880095065791915,-0.9150157808544619,1.275399419680444,-1.0845224728419827,1.2512108466191438,-0.9342914145957811,0.9155797405681088,-1.106374537357404,1.197214707046808,-0.9340235676299038,0.9333485219455345,-1.0491279419807644,1.0100396367680244,-0.9825308928267915,1.0216172588726493,-0.8578560519244237,0.8591929825386575,-0.9192704860714985,0.9811080405339667,-1.0778034304723856,1.0720707135063767,-1.1230207651839523,0.7591920234977486,-1.0078238105751072,0.954935987233862,-1.112474993369091,0.8226724475189143,-0.8427715128939686,1.0130935164041222,-0.9796283505302334,1.2006268031886438,-0.9307243349769457,1.1394760687159764,-1.095667161963358,0.8704220981122989,-0.9699483375308329,1.00836662995678,-0.8605297783905937,0.830435047418791,-0.9616118637841404,1.0639674179241103,-0.8908257331562849,0.9488976143413038,-0.9795469729800634,0.893170687904226,-1.0097214822075948,0.8873470266582842,-1.1031767676175623,0.9448938750380378,-1.0288417072905744
chaotic_009,chaotic,3.7,0.36011869811739244,-1.3664137065462658,0.8549822279439151,-0.9528570265591578,1.311706080955771,-1.643004161311781,0.4138643252687198,-0.04173376400331912,0.9656459838125744,-1.13768723143818,1.2272817303862222,-1.8155078575963421,0.4330181245218895,0.24186427321872836,0.5109001969746348,0.17356496740933258,0.8707278696824516,-0.8251034129329907,1.1897609860809077,-1.8374628620583189,0.25820770233811247,0.1482421978769632,0.7298722812282712,-0.33193148977564363,1.0581355782263737,-1.339510905916873,1.0259274241373535,-1.2927245311795843,0.8796371556449298,-0.9522630901671755,1.0455450403011426,-1.6583796412482903,0.45913131114012534,0.16827114954227865,0.5974769230556443,-0.22151800285105305,1.0035207082895925,-0.9187151418481391,1.2328908739314821,-1.9690292485598608,0.20245219231829564,0.497063988675632,0.1567930235803831,0.6823700584241122,-0.2495683123755384,1.0928326188322046,-1.3412701048323323,1.2669320738428282,-1.4774896191390834,1.1526404067877694,-1.1358701255681012,0.9969563672363653,-1.1870045555919742,1.060288477030853,-0.9908705059341328,1.1930061492263482,-1.750909471505437,0.5468755682835283,-0.0995737875602017,1.0771270404194793,-1.007617766466362,1.1277043620855476,-1.727096044750481,0.5394734138721335,0.15627155530700765,0.7448149889321417,-0.39220699704041095,1.0398393826541907,-1.6305334405888565,0.6516086302991257,-0.6611247548652709,1.2461160768155914,-1.9691868271875923,-0.0347760194434564,0.32483977644415124,0.2129314359292246,0.593239819454553,-0.29571992605931835,0.9716369633706063,-1.3391880880911273,0.8734536280709525,-0.8530262252068179,1.4770455306920658,-1.7794238562629607,0.22289637647484148,0.3827144836616261,0.0833231233187938,0.6932442441438976,-0.31214676740063824,1.0470234560876306,-1.2779127260558587,0.9365165493261366,-0.8173666083667037,1.218861199677815,-1.6189849729029973,0.5100395157084435,0.13849061030927687,0.6656338102580949,-0.5901753289752494,1.248358202949963,-1.6773102131421385,0.5076835165732567,-0.1326424194497821,0.6722411133244189,-0.8068227112970551,1.082019848886497,-1.909283417754336,0.369831998883132,0.423441723234508,-0.07460257266425781,0.5867248817297293,-0.23284714543416096,1.2183363965365042,-1.3668952993734345,1.0703502342549,-1.3211495472506192,0.922294037538336,-0.8056631928793735,1.2674976589633524,-1.902585072535618,0.31086851080085776,0.3875097715215609,0.15040075410316972,0.5774744554486285,-0.4167337328611487,1.1934902406036818,-1.7469128038221955,0.6253615836295398,-0.32540243540375563,0.9541361840802035,-1.3733320059092438,0.9147433478792552,-1.2066331858741184,0.9898892629940182,-1.3949009368238896,0.7887671933221302,-0.9740140358845529,1.1864141956966843,-1.7754824419317117,0.3230604814694859,0.35620230095109834,0.278175870813307,0.272021183190032,0.0441585876785957,0.9242111672245669,-0.48846321223185885,1.2077545757418744,-1.7105955272669942,0.6036088055619205,-0.22828820334673344,0.6731849241965187
chaotic_018,chaotic,3.95,0.5765719347274372,-0.21250752000795414,1.2116253944704174,-1.688250864306475,-0.9441648446619215,0.43424811506684713,0.6825568627166618,0.20996557380840353,0.9598733065555628,-0.694563961065927,1.2076173701318087,-0.698606806800789,0.8663912858142816,-0.33864882372648714,1.2209274263793093,-1.6725237071711339,-0.8346974722725423,0.8220835671737087,0.14624232069231274,1.1431601976146963,-1.2029912221757004,0.20064641136608766,1.132620078712135,-0.9934625195942921,0.5250843207206464,0.370281710579825,0.9156006816176293,-0.25112730378292725,1.3344108077637338,-1.6192648028971512,-1.1236808145672754,0.259406823679682,1.0109718855566345,-0.8945524342062218,0.8776692968457892,-0.2978664049754386,1.2474963388516076,-1.635971441646028,-1.119951590841868,0.6687409132560674,0.5581603698053392,0.6552874577420215,0.46753380328942684,0.8162042838884763,-0.012571476379861996,1.2165579327079348,-1.4143863355650206,-0.19559568479338174,1.3143271351969452,-1.6125753274561523,-0.9457562394193102,0.5515673809110623,0.48335016529243324,0.7668615871347133,-0.0396514046080637,1.331642006858485,-1.5030478078581209,-0.7837135032165833,0.9161615053752603,-0.3695527510485592,1.2415670853639105,-1.6063262698391731,-0.8638468090646164,0.6413791361654638,0.26725940214908483,0.8821264942603004,-0.2942820694520541,1.3212292885765784,-1.5456293238505323,-0.9831159961508484,0.6664526646592192,0.31551497933238737,0.841811675394157,-0.1433953133919679,1.3526199423004048,-1.7149708877241794,-1.2706632629610422,0.1013186420419156,1.2700194515362768,-1.27272512315242,0.2658241690099696,0.9171397991146235,-0.6710525084326253,1.0808857212382672,-0.98130873047502,0.6186322456001929,0.30822171594368514,0.8933188590079122,-0.49169857311356835,1.3147349035639087,-1.4840662211245377,-0.7501896802160637,0.799263446202603,-0.2922773188313678,1.3344984234751842,-1.696455964720882,-1.1399745184316674,0.2671852140275606,1.0871237522496255,-0.4092723637031274,1.085777699990236,-1.0989380256402876,-0.06168347595687299,1.2927108525086772,-1.3412146619912555,-0.4676007077224707,1.2944765727740193,-1.5299770958683583,-0.7415415648730809,0.9481008419478628,-0.3433089754289234,1.2620921643329082,-1.5110275936289275,-0.634658505108811,1.061975477963146,-0.6527214852803598,0.9892333992764162,-0.7827283386569611,0.9740055799616161,-0.6887349750149183,1.1346134201243208,-0.8306965724377458,0.750367435220142,0.14278872913183124,1.2800394080129962,-1.2521774083479627,-0.08526152776038005,1.3462819394064642,-1.4658071206928973,-0.5756348046759898,1.1266042296888044,-1.1617740311986164,0.25942507312796464,0.9041277886693885,-0.2706172122880442,1.4912924019822058,-1.7253981987445026,-1.3097281846464803,0.09257969494416486,1.2844356714964396,-1.2429008729610294,0.05514017276240208,1.1006268963305912,-1.3931615960203603,-0.324235269825839,1.1789666549532813,-1.6488627066877228,-1.3691586945054368,-0.016255919220711297,1.1492748436226465,-1.2815987521518202
chaotic_055,chaotic,3.99,0.6368523674727733,-0.25133638332697755,1.3572371725500705,-1.216493881448882,-0.2481239894327995,1.2960381230266516,-1.3765456420676723,-0.4580167954722521,1.159719441818989,-0.5553922339324221,1.0124989623189846,-0.5602092594376719,1.01083493593148,-0.5786479199786222,0.8814728277935192,-0.17637696757394145,1.3049641383108928,-1.5736013606750756,-1.2480237696957066,-0.49261706260166144,1.2248970525059,-0.9029039459664107,0.5976077123321388,0.48587681116918424,0.5291064361913826,0.7008784374386842,0.8405532256675426,0.4723325047656027,0.8876280761533297,-0.09740426456485808,1.418206591321871,-1.5679652083287312,-1.4326885588602734,-1.1031402129132875,-0.036641202932447416,1.324272951310446,-1.4747984029565093,-1.3287813045780763,-0.47563852833255665,1.1168141180681483,-0.7151739787840583,0.9179476453070514,0.17590819091314736,1.3128914165439034,-1.2302008749560482,-0.09239096552331988,1.367401099290013,-1.420449173934329,-1.546334626314894,-1.0509020409279983,0.2339491059910231,1.2394601425401444,-1.2371807448740626,-0.3371904718672008,1.2866044545474016,-1.0954159476393623,-0.21883306890084547,1.4155558092728462,-1.4434173398988361,-1.0573144527624736,0.21459518187590418,1.1558596069281712,-0.9704639146043216,0.24166127627187245,1.150591209475714,-0.8495150166150269,0.4711104774159102,0.8651259306171148,0.19957388341939186,1.292447328613272,-1.0225209978363565,0.3003979674860414,1.2018503620515637,-0.8390838983136883,0.5363926988827931,0.7364272858854222,0.25061486357692225,1.2493872094588983,-1.0628248807015512,0.018573446822850337,1.3140521574238277,-1.56296335592001,-1.2976020957278405,-0.7324199665136578,0.9052587673405528,0.1405071599584047,1.3440417955022006,-1.1927442912442503,-0.31845526488331194,1.268120182297153,-1.2277461511614975,-0.3381741231911384,1.2325475061415971,-1.0095803611044056,0.1622016847554893,1.2853389578484784,-1.0945580711835552,-0.19949243066523212,1.3311806375372761,-1.367395710493572,-0.9057925423515955,0.558471802854988,0.7846764411913636,0.40645786621072966,1.1325954206315234,-0.603445677925748,1.1608588953302679,-0.5914332610831132,0.9846439488414094,-0.3152550350086283,1.333803668677957,-1.0686376167011071,0.0877982231356278,1.3846038916471783,-1.3479688792966527,-0.9993424316502516,0.07786084314713343,1.3986968934426691,-1.142196845381268,-0.3269145310424218,1.2523972247155242,-1.2984307756214184,-0.7040479624850665,0.9136269993755735,0.07896070959664384,1.3101470809911944,-1.511653474772362,-1.0770485247730424,-0.027393844715943368,1.3619531860253598,-1.5636894282562093,-1.258036073486501,-0.37178467004252946,1.2667374694680809,-1.0704129146188621,0.133412523831031,1.246760893565254,-1.0444380527110935,0.08780087862368824,1.3019158336609074,-1.3839743473388393,-0.8514184376762003,0.4161839757708372,0.9306129447584709,-0.3328675901749798,1.4042357404639954,-1.2938978158315155,-0.3350499552261116,1.2759092515557542,-1.2323866478266632,-0.3864291205625054
chaotic_075,chaotic,3.9,0.4970032108449232,-0.05449613027921774,1.0993461352903455,-1.420360810927624,-0.12521464543961372,1.1855750316931584,-1.4081838246318261,-0.05427654483388442,1.0920297118907332,-1.2517212414583385,0.3442203142156735,0.6871352535756688,0.2357062404345024,0.7334841954495234,-0.4491015600106927,1.33724666356808,-1.7287444261215308,-0.70527866197557,0.9615888911622227,-0.7754942928025702,1.086997878156494,-0.7696934865687505,0.9337164861187444,-0.8961605830567737,1.0705222599728625,-0.7765731944841577,1.1708836267817162,-1.1107265652179446,0.6408646933531268,0.1276135023805143,0.89207448655397,-0.6097342744412119,1.241170685654896,-1.4916048740037378,-0.2570822609428754,1.246947850430432,-1.7588086889116217,-0.8525657414810661,0.882183007479363,-0.5318526442644571,1.1868541139757132,-1.4094667695462986,0.026033707584557975,1.1563915847046349,-1.3852788602959722,0.18631055345686276,0.9571101631681612,-0.40799732052683546,1.1598262790667515,-1.6484771054711909,-0.8302072324897396,0.9761983017956025,-0.9366715845282875,1.0271762827106603,-0.7599428484532358,1.123576543270089,-1.329576735295881,0.2196541496785418,1.0953833877289691,-0.9868857300216528,0.9714986197586465,-0.45680384791485884,1.2986608863243119,-1.6642112557011761,-0.9297848062949503,0.9931146011011293,-0.6215263554815152,1.253039294266772,-1.5517259553286793,-0.080710735264913,1.1956017609459786,-1.4116922143364432,-0.2693956254400861,1.3623553009783098,-1.651566158741058,-0.8432552166957495,1.0418150183890529,-0.659732429808942,1.144198260121043,-1.2618148871419954,0.5210604944048631,0.4095453991926392,0.7189344350112532,-0.13460893753599854,1.3092073090353744,-1.6752347991590972,-0.78688537299226,1.1240373746510468,-1.1354541428426455,0.191839723620572,0.842086198840185,-0.5111501107084778,1.349512404076485,-1.6637953156710323,-0.758078812654159,1.2062930449580678,-1.061077284627209,0.5358691480586248,0.21033460449512145,0.9152027545463942,-0.2792129080238797,1.174298637607391,-1.8135820000856526,-0.9309827415693306,0.8797801540741941,-0.7788598329614286,1.0963955369378324,-1.3675255486669393,0.1554641771935494,1.0908710283440572,-0.6944434678428055,1.1321603777173121,-1.1767686696330553,0.37126695353545264,0.7190348809284368,0.10259493610813634,1.094628454075669,-0.8336419772921169,0.79308055134099,-0.08406796184454383,1.190646828650781,-1.3400894936116463,0.2589084344469369,0.8311448015459695,-0.5997610615242615,1.2615305497358291,-1.4745180898243375,-0.375614462399451,1.3326083471002828,-1.6497855271889073,-0.7891616181187566,0.9921128497444927,-0.7749413001771889,1.0631232387367222,-0.7337165475769054,1.0899662978302995,-0.9512287666052786,0.6679615355868177,0.14102778912786756,1.0663490156612103,-0.859273741412813,0.9113890793103531,-0.6238518060062013,1.161504391407068,-1.1565959509513808,0.2926557399186455,0.8704071132373153,-0.4360553955336608,1.2748981427795143,-1.5106441284162,-0.6088325566710028
periodic_050,non_chaotic,3.45,-0.0023949478231021157,1.0847732679591409,-0.8517258128846683,1.0299720038700262,-0.9893354931560344,0.889551611309687,-0.8767543680834456,1.132951760864508,-1.2094257065581298,1.1608652332998828,-1.044958719894356,1.06767932704862,-1.0193363647718348,0.9828909767869339,-0.9966955714568828,0.9127785618698816,-0.9758109770891904,0.9608511847816902,-1.1043077622127413,0.9086489430000158,-1.1531142561635028,0.9375546496219388,-0.9291251070209954,0.9402736503946324,-0.9317942738046197,0.9771063775721793,-1.004685146903693,1.011329245438942,-0.890859928385265,0.8548825725253212,-0.814740549301188,1.1034191209639397,-1.0291741898023312,1.1041803854141348,-1.0078467624777867,1.037600674567919,-1.0799339025480017,1.0830309866076742,-1.0453697569247284,1.00471659175623,-0.9608352667868743,1.090992982839928,-1.0564541571541202,1.083250396747079,-1.1229943797217228,0.7787970271028893,-1.0492880511345528,1.0912192907760623,-1.028372533106569,0.936443668866436,-0.9708285900220373,1.0119530425420762,-0.9665109339152982,0.8313409900747742,-0.9862014441008425,1.0219085555595266,-1.1605019156887248,0.8540327631016539,-1.0117762875451082,1.0106227736990032,-1.0260921722244072,0.9343202869698902,-1.0344496904206055,0.9712326027156418,-0.9981603911366719,1.1100858036245633,-1.192832872705049,1.0706208293471475,-1.0381740873418959,1.0399068074696627,-0.8603747160488133,0.936124259041348,-0.935187756513572,0.8661850341776663,-0.9636015413357158,0.9861676877844241,-1.0228652690712927,0.8920376896783875,-0.933384120446885,1.1646744962381153,-1.1222657007271295,1.007066719578851,-0.8924594108532665,0.9808983805036249,-0.8946610009672336,0.9466058032148201,-0.9873148855757138,0.9129383363723556,-1.015110550396321,0.9888268554896535,-0.9138689195596199,0.9477885922317177,-1.0940578544016657,1.033659618007291,-0.8395356265937897,1.0712877091342872,-0.8472095415854146,1.0427062559031082,-0.9251907221953788,1.076206593218708,-0.8822994801349803,1.1092843037547566,-1.0817318778519842,1.088055777375329,-1.0016758064878106,0.9695443688745211,-1.1488579175133038,0.8596052480630679,-1.0631747894851509,0.8455232069674767,-1.0093385767452323,1.0796605066184841,-1.0843312348889578,0.9966046276876418,-1.0801879668077035,1.039110475260795,-0.9780599816326768,0.8495650978015122,-1.0491154356180628,0.8862823910259728,-0.9779809050245918,1.004442107602567,-0.9805532440720596,0.9974511369253363,-0.9961980289378293,1.021885989219567,-1.0240424573480438,0.9479467322106222,-1.033491439524188,0.9698927131483848,-0.7745179194333884,0.9725239956493796,-0.9994871525590113,1.0338750745063678,-0.8389229052549394,0.930830090085263,-0.897032138725934,0.9740019821489452,-0.7314527302186112,1.0454046683301972,-1.1477561901513773,0.969133545324923,-0.8451391842772523,1.01798286878597,-1.0336548114030826,1.0585409685563107,-1.0092072062050281,0.9894665571623871,-1.1200625413504297,1.1570906492850497,-1.0948370996675167
periodic_004,non_chaotic,3.5,-0.8725073457385806,-1.1374723864594312,0.9817414419445911,-0.6342129465357376,1.208081195214163,-1.2436430677469739,1.0738639948734827,-0.6136312667815254,1.0044420078654714,-1.2377366718500236,0.8474830632642255,-0.7081597010991966,0.9326781947428189,-1.2076441485543195,0.7305068097304496,-0.9239462882358583,1.0572307128016296,-1.3160369881320277,0.7802297145824002,-0.9787411831092965,1.0091569732754204,-1.2608092725979425,0.8017974416406136,-0.647666189973986,1.221957649810473,-1.1953605467939878,0.9593036741063883,-0.5792036661180859,0.9932201492367388,-1.2026881202824482,0.9563407894711572,-0.7257581916677055,1.0148685995221474,-1.194028918516913,0.7214127946602185,-0.7876058443090458,1.0266179388373176,-1.2016068535777813,0.8827124561223009,-0.5864841041199172,1.0024199071404558,-1.3368645138694182,0.9116422474058826,-0.7601616022299998,1.0326175551492458,-1.4204567630858085,0.8895354867137883,-0.5382120901219394,0.9922310189823089,-1.1474284272343542,0.8563141062806144,-0.8518595067166004,1.0049944923779206,-1.3350617920644263,0.8319249007347399,-0.6446147447835712,1.2652350065828313,-1.3800859682133608,0.8159660975398454,-0.7693920197070543,0.9695907561319714,-1.2352856047969907,0.8620885573588716,-0.8564491750765746,1.0915826892328755,-1.3586731600444713,0.8630700594978189,-0.5639922780719935,1.1337839738493183,-1.227501161709658,0.811793715919487,-0.678063964828195,1.1432868357457584,-1.2003119225023784,0.8525370844251354,-0.6637879242024138,0.9649826248519758,-1.3139922762324476,0.9290615971909352,-0.6045380271227164,1.0987390848668737,-1.1040562247870678,0.9101348078846192,-0.7065190905559493,0.9741651533072843,-1.1078723542436137,0.9350142876383003,-0.513833152587288,1.2953907755026222,-1.3664077969507749,0.7401266215769445,-0.9559865769385015,1.1769695127221027,-1.182070342843214,0.8712227058140621,-0.8007076154533039,1.0814160575971015,-1.226819327919624,0.9361912304847146,-0.6585131514384447,1.152823921322178,-1.2561130583186944,0.9740140348458456,-0.624485664094283,0.9772781640645728,-1.1125687475193002,0.9781960219622047,-0.6402553067658607,1.1164876970931448,-1.0870164676817857,0.7070252725126703,-0.5666739293802402,1.044691943973092,-1.1404592909885365,0.8733660607435247,-0.8023004444982508,1.0427652058091277,-1.147426012166651,0.842009550576313,-0.7433555930568895,1.030277733832599,-1.1834205854631528,1.0279993177392095,-0.8874734468622276,1.3555114480167039,-1.2250132772376947,0.9169835660213144,-0.7257867676281944,1.0895276598898411,-1.2260787697222206,0.7624393802521413,-0.7608269444487883,1.2022196134784369,-1.3915821237797381,0.9037815947975045,-0.7195507417848848,0.9987361330681024,-1.0572974289158823,0.7714117513268804,-0.7915988662275861,1.0721263514318735,-1.3172382862062302,0.8625533950504533,-0.6696665658861952,1.1121188506400608,-1.2560902917011665,0.7953467729353358,-0.6233784606188618,1.0792667999991137,-1.2913492704977336,1.0023284606547096
periodic_035,non_chaotic,2.8,-0.22314355131295646,-1.8159745993668677,-0.9999750802679057,0.35008954373223805,0.3691121280359832,-0.2817996869552079,1.1588427596475452,1.389455262077585,-0.037247034511240104,0.2831839857929086,-0.42148847237882214,0.660546634163354,-1.1647926020551258,1.832312521258953,1.1748814589213294,-1.169670209540614,-0.7587738791860058,0.4544117989466126,-0.3069195268668434,0.5780600317224912,-0.3281157598419921,1.560635924976829,0.04047425975914448,2.4585392935575174,0.636275823981296,-1.3205110564796,2.1236751971947623,1.1334755450271934,0.4132115486906439,0.6803399837777268,-1.159766796573647,-1.7765799475612256,-0.009703147177231796,1.4142423417082373,0.4288102912019381,1.745440229366474,1.3565540107441485,0.05280563819832181,1.2187586685038683,1.5584142081511159,-0.048228086324415935,-0.18214382338627666,0.17293640523213138,-2.385576667016757,0.31325537067619963,0.7543224829103533,0.1770068010556278,0.3776528038803222,-0.01143397896307096,-1.9696902732386128,1.6987511777119055,-0.33656859436018965,-0.5871125829257579,1.3934046538841875,1.013207742479342,0.3058715625927656,0.8033722169297025,-1.1256262391467675,-0.04894220714962502,1.330053587610543,-0.646627443431006,-0.9685934504875723,0.11094073399382887,0.13445034696283276,0.6812808908647229,-1.3493284786409536,-2.5233771023192544,0.9556006218093107,-1.0534462405086797,-0.579314056447138,-2.1563529007194973,1.0575265693815263,0.3833302652885255,0.3430897827914391,0.33633407139559657,-2.032982793757229,-0.9553943822327055,-0.420669169687654,-0.7184010539826429,-0.24001903705968103,0.2789406242500437,1.0410124773232887,-1.4516261556596253,0.02329054312309271,0.7454067310230429,-0.8941642686798802,-0.16115053517043626,0.4998243948970099,0.043383124099306176,0.7079707567126909,0.1270737377488637,-0.2804673294605741,-1.1433903917527823,0.2799118142789399,0.13236108743620523,-0.9630789075188553,0.6156066299154784,1.30312821283128,-0.6295375809039557,-0.6972395209557685,-0.7338439892815769,-1.6505622413094923,2.0414625298637246,-0.41782058720928567,-0.8283770183606614,-1.0973449169173914,-0.3567557756210447,-0.6647385590507522,1.473688192214472,-1.219601787029896,-1.5100970173697694,0.585261890073478,-0.07531777849467865,-0.19133520991333178,0.5931329887999162,0.169188539329927,-0.014783247221144833,-1.3768884415517337,-1.6399703589695873,-0.6699701588105667,-1.054832543091347,0.30200219699710334,-1.7709050965171715,-0.41609113927004376,-0.14134497549434066,-0.007603668703604512,0.43207356076175757,-0.2951803769837379,-0.6369543586956581,1.279628325629448,-0.28865717984029776,1.4546996942913923,-0.29376402576365673,0.01583833963647342,-0.10693468729998037,0.2639234047913414,-0.3887133813160892,0.128514029209105,1.5666526673234216,1.0835282266483903,1.0904313867803646,-1.3130192678175956,-1.150818447515573,0.2504232429364378,0.8047437185693908,-0.4882401604091682,-0.6671197844176496,1.429351351454918,0.7196778254162437,1.0926851455307518,-0.41036733559005395
periodic_037,non_chaotic,3.5,-0.8725073457385807,0.9833276917648852,-0.794946035628482,1.28007292382245,-1.2852450040584862,0.7702827530270837,-0.6135456236972282,1.1559302981513004,-1.1880073341931756,0.7700421582739605,-0.6458719858581595,0.9715046722053421,-1.3243292158848103,0.833586379482205,-0.7704002470583253,1.1680293947552527,-1.3036925937418833,0.821756492327352,-0.776074201008488,1.1666033925119252,-1.311978149690674,0.9500974515648657,-0.5925076694287379,1.0268566808063158,-1.2464360493741111,0.7979007260814448,-0.6417561345760736,1.0505444818048553,-1.2885562991127943,0.8468728676730143,-0.8422024637799822,1.061718473217655,-1.1880388847733052,0.855527279636281,-0.6035181296290701,1.0333226640685325,-1.2924946994357331,0.7372742970891819,-0.7313818985052393,1.2540452745264357,-1.2232751967489566,0.7873668843296369,-0.787937773383342,0.9182856530649262,-1.3274516454986338,0.9140370070351451,-0.7333870675345682,0.978605841429264,-1.3291274385066754,0.9037023486952283,-0.7008165348892136,1.0097821232069382,-1.2782800822308789,1.0503114925222983,-0.5782763655065692,1.2072039590022654,-1.4142744206199367,0.828289457269809,-0.7538992542541031,1.1200915495275632,-1.1493995668279964,0.8732714275682582,-0.7753462205328916,1.0065974085039382,-1.1907744829693099,0.9103519708626342,-0.6798844044150569,1.0810891598992778,-1.2445092660239734,0.867871119741356,-0.6257200552920321,1.1282231933248965,-1.2470089935834994,0.8379025773855069,-0.7013850385654516,0.9953580214776583,-1.3239319178832951,0.8937622065940981,-0.7603121972030473,1.1455336870553274,-1.2540670344219078,0.9197266983779856,-0.6331618590921699,1.1482650419245175,-1.2941031252047064,0.8810401969592014,-0.6236545862603182,0.922732152390273,-1.0889354832289015,1.055969926385534,-0.6039296096776836,1.144775104955716,-1.193771117834639,0.8120563089956546,-0.7035395136287986,1.1597076754527345,-1.3409052680628795,0.7426060702055371,-0.7305891595571319,1.1306805664829627,-1.3307996670464282,0.8212892871901525,-0.7032103305097588,0.9735476742849786,-1.4790506191600885,0.7458280352863548,-0.668586912752982,1.114656664414961,-1.2026629447504391,0.8999430783533126,-0.7521665674894207,0.9896799417716342,-1.2139011705865614,0.8225765893484018,-0.6077172585917304,1.1047876057128796,-1.1282980470395436,0.7986705710376728,-0.5926027462371695,1.2605244839680627,-1.244168268789411,0.8895563279423391,-0.7808151597678422,1.1530810378223888,-1.1428762711955274,0.7959466744517911,-0.637947017697001,1.095283004368114,-1.2124197002668722,0.91901310386495,-0.6442827446182359,1.055770885107804,-1.1707362824713146,0.9472569259516872,-0.7453654670246634,1.0686937119313895,-1.4158370490365846,0.8974963608444693,-0.5779471922931347,1.04462662855535,-1.2366613345481055,0.821781029195753,-0.7293238084035426,1.0907331303371377,-1.323104335719307,0.8203604183399696,-0.7783681584156161,1.1243527025089814,-1.226695058558719,0.8019013919258766,-0.6896690360896576
periodic_064,non_chaotic,3.5,-0.8725073457385807,1.1413775496068268,-1.2068059688173274,0.8278021924224505,-0.6250508372180088,1.228107545379817,-1.2692482432369387,0.8921138444680502,-0.7161960192277627,1.0801787705400931,-1.244556912172559,1.025365661090664,-0.6088057068219824,1.1711574123127708,-1.3041556438624444,0.7766239591694967,-0.6590754510873278,1.2111789266279083,-1.095983464992176,0.6279910416030702,-0.4624054569776825,1.1321268141794139,-1.1738609871563406,0.6961365794369823,-0.718973854758398,1.170934001698975,-1.373095931857138,0.5863332057087101,-0.664241643315726,1.0874957280744513,-1.122953880635217,0.8472138097737645,-0.7046134278699109,1.1589655888756252,-1.1619480646566676,0.7947363638154025,-0.6060115517824396,1.042369197742363,-1.259190390044285,0.9266416827725785,-0.6155122828117354,1.1226920945918684,-1.3640895389253507,0.6836766774646585,-0.7142934195894914,1.185127089186342,-1.2177714380879454,0.8856471842288658,-0.6969934993498035,1.1218111696237405,-1.355822100701342,0.9371052440310255,-0.6154004000291038,1.0582863904621802,-1.2189847990742222,0.69837350401606,-0.6791060090691441,1.079526763157393,-1.1403661268138157,0.8435111121455914,-0.61326259102952,1.0548530724048073,-1.479360110701078,0.8409396316453991,-0.6775083130414297,1.1066784163263195,-1.2449024543936402,0.8140791209059938,-0.7272754845421067,0.9845582325508663,-1.4516794773736879,0.8523254414270635,-0.7675756865543719,1.1955063778666286,-1.4694047581283058,0.8903310561791918,-0.4934715019584589,1.074772576528782,-1.2610328994308078,0.903270703857084,-0.6480810302756848,1.0531955692915935,-1.3571803426255262,0.9249158976953812,-0.8787646497301708,1.1718309272283916,-1.2982327148582935,0.8627997195391994,-0.7465786624509638,1.229072425201215,-1.2369604912849028,0.831741121877654,-0.7297782887683828,1.0780894612547143,-1.0315820288920508,0.7365687563283275,-0.5927797512441916,1.146576288669681,-1.113538033663628,0.9226541741593921,-0.6960000816244759,1.189787724128495,-1.2388003414365873,0.9346913187552172,-0.5597596538995664,1.1011022720503154,-1.3013485325094616,0.8009454003619871,-0.6532423423064347,1.0082880105102108,-1.2942174187959226,0.7699887536264687,-0.6477158059244674,1.0203369545198278,-1.3838036105778682,0.7562957696118373,-0.7509273681104611,1.0463308955562232,-1.2367270006114959,0.8470508007744847,-0.6609136531970444,1.1353419891912853,-1.1899658314036847,0.6800843613550835,-0.804103301010824,1.1453123698975576,-1.2405555322757702,0.9559160748645074,-0.8439558962205339,1.046822963887942,-1.2891090806357703,0.8784310477311293,-0.6928911563695023,1.1371075807726472,-1.2717329973365998,0.9937233336784372,-0.5346133702465992,0.9853659176371012,-1.2564567390955823,0.9388065044016072,-0.6403543657136208,1.0532590314295243,-1.2364007326629427,0.7110992736880553,-0.6981519294732135,0.9526260096738967,-1.2121987367135527,0.7558002323662558,-0.6807329067101554,1.122776302910546,-1.253516261773875
chaotic_076,chaotic,3.95,0.5810637498904841,-0.41946640985964473,1.20355814614588,-1.5135104716497434,-0.7688233145191062,1.0119180321198347,-0.4459946628989602,1.2236528282325048,-1.462512190952349,-0.7268636187151859,1.1420062965603102,-0.8221271372525076,0.8699695914773216,-0.033396417583126364,1.2171430565519175,-1.4991350736972278,-0.6316462970589793,1.058614288609475,-0.8765160610138547,0.7093280172573196,0.17385115802261566,1.1244948137589705,-0.6655936057424705,1.0083641151803266,-0.9596461304691244,0.8590066396312167,0.12425687030706835,1.2749005748883369,-1.2847201309707017,-0.17359874356238042,1.3311238714110742,-1.6659535910624594,-1.2253268288152324,0.08318957731787004,1.1443554533364197,-1.2523556369392337,0.02900742829510731,1.2379863883440476,-1.5373481557856141,-0.6610944568710018,1.015734531812763,-0.9220291498133182,0.942956227115072,-0.30131421303335915,1.2964412112280725,-1.7238401567781982,-1.1721133710290192,0.10656851945061041,1.164393750610718,-1.3316719539332738,0.021713674094820806,1.2223587268206582,-1.2676916773173206,-0.0073123563103999955,1.2382225246949947,-1.3716048345942848,-0.3990150023770241,1.2988500683636688,-1.652251821458629,-0.7621846894185147,0.7174647048000967,0.09346554196424084,1.1932973059759175,-1.2036516352784263,0.23395513608369964,1.001061612330393,-0.7188986239727411,1.117024027610507,-1.0491266397724979,0.8132450736386662,0.21219189602267577,1.1222672780336578,-1.0297209450250684,0.6936279952438057,0.1478621029865864,1.4379314230765403,-1.16103763503828,0.15842380048048002,1.1805226070744246,-1.1959753085482057,0.37656078786965536,0.8267970015794982,-0.42517855519573233,1.2035757537634517,-1.5817595561926634,-1.1119475403230006,0.39306531539998224,0.785814465101495,-0.1203623012327448,1.20120663266513,-1.5297344699571775,-0.6962962841647244,1.1080610323531646,-1.1863066524548456,0.403492907855535,0.8599177764729977,-0.2127146376677325,1.2581856851629725,-1.4973381960015053,-1.073157735897606,0.6091859357665342,0.4351334675010784,0.7876177212056041,0.1415383851660418,1.0926337231556045,-1.0443570715996955,0.5143293190285843,0.5674227244943324,0.3628369023514819,0.7658503152115264,0.26493433644537445,0.9772560959898373,-0.8140062755429355,0.9166004863184822,-0.5207777131361899,1.1302709446636119,-1.5518201801400584,-0.6882202576494637,0.9927209236991178,-0.9169243955963047,0.8032023666572152,0.14921983131980174,1.136369906990795,-1.2495295238415287,0.3797763888595631,0.8759852238186632,-0.23637492875851687,1.4186424318208444,-1.7388050950180094,-1.440636917472306,-0.02633103248346441,1.2193262635894884,-1.2862487960496691,-0.112714497410171,1.1466012368957619,-1.4868083855895116,-0.606940347332436,1.2350914205719612,-1.3629640016561313,-0.20399738521624827,1.2377027800808837,-1.632340197721871,-1.1239458942541294,0.3600458228018342,0.8590560961527597,-0.21527296000842172,1.2278461162236636,-1.7246622613943745,-1.2541029967391508,0.24308677707451223,1.0443778037762828
chaotic_079,chaotic,3.9,0.48083655423646277,-0.48923271502677085,1.2397022005651708,-1.3898025919718264,-0.20326316155494287,1.349145285966686,-1.5997587284447339,-0.8411752338412165,0.9687998819387736,-0.5547796244216856,1.0400246936025845,-1.2956275017696024,0.38965040964170977,0.936505536616933,-0.2875415272731499,1.27958569410095,-1.6144516734966448,-0.7569214151854143,1.0527419717454365,-0.8553982715899233,0.9255522770523265,-0.6848332752832039,1.0974369636496732,-1.082849337896061,0.7073757313952223,0.2097293568866113,0.9321421582044894,-0.5312003333951767,1.1872035364701354,-1.255108757424338,-0.0326187254409277,1.0733001370143027,-1.2250720875486287,0.2766369341161215,0.8330515487342862,-0.5104141475404739,1.2702019419866455,-1.5838194872855293,-0.6710733724884419,1.2421678049535327,-1.292404583035684,0.24496661741063042,1.0400000164789194,-0.7680756839507821,0.9643170542760375,-0.7789360420057814,1.0829196209919996,-1.1871792896375604,0.3522309838633735,0.7201315682439593,-0.21162390922827112,1.1998125059143736,-1.5752702737246882,-0.7489380110057852,1.0729251651589222,-0.6732643047182008,1.0588012633464177,-0.7011203439844939,0.9897104982778022,-0.523047424047246,0.9848021973508376,-0.9072341084204801,0.927232711233308,-0.23934603780491928,1.3122883620971553,-1.5704768056552607,-0.9605330930257542,1.0382796269397783,-0.48682952623018605,1.3191314777564405,-1.5913601546898204,-0.33886655997089515,1.2368483992706052,-1.5540374306696492,-0.7298271658258829,1.0447331361227439,-0.8027853938566861,1.036048220902269,-0.8045643323936453,1.0045343143295948,-0.5203279575388292,1.1815229086547607,-1.3105493807489779,0.2313599548956896,1.1474651727676906,-0.48812128027026347,0.9678357225330915,-1.1947391959226403,0.34660270221663947,0.8859437947661886,-0.40212485944833765,1.253267742085033,-1.5439389628572735,-0.7910198505068199,1.1365060978817025,-0.8547433112805339,0.835823235559692,-0.29621337404480413,1.16949812998764,-1.6180816886972373,-0.7569611943161336,1.195351445291516,-0.8833852177393198,0.7725316513264293,-0.45636205968650523,1.288511101643338,-1.4835467995580964,-0.4292163769084296,1.2687506219377644,-1.2298937842172233,0.13021162380143753,1.123573946468536,-0.7451851326979135,1.0093017239259385,-0.8605287981532644,0.8387825204476408,-0.46816195172868413,1.23648769194865,-1.462622480950654,-0.5327147470466587,1.1371158249701152,-1.5035391331142371,-0.1803408245574887,1.2757457699167263,-1.6172354718652626,-0.7476798398926553,1.0823295039294125,-0.7547302262089123,0.8524812408139258,-0.3824901840439789,1.3300892839172092,-1.6173429921343572,-0.6736110337113422,1.0975711616994324,-1.0722662607863147,0.7050924069931107,0.15169603091449427,1.0952818143692775,-0.9306656963830646,0.8959870293715216,-0.27361735757873906,1.4090322449833312,-1.501487575503808,-0.8097103433315448,1.0703857093417912,-0.8273427678225306,0.9871787100039504,-0.6260233414127623,1.0660754016157288,-1.2741752064318246,0.2153013762715997
periodic_097,non_chaotic,3.5,-0.8725073457385808,-0.7684465180774226,1.1068494105381228,-1.3565272543063696,0.9319041606725808,-0.6218998406984413,1.090431483936317,-1.314553691651556,0.891777114552474,-0.7750130712689236,1.0942720964414263,-1.2671372090556623,1.1126089497419098,-0.8073368211587567,0.8369575642860129,-1.3133997426250075,0.6987648072586546,-0.7596845506943569,0.9674034393335258,-1.3388202680443986,0.7607277117976253,-0.5987686862815113,1.0863608349954372,-1.1502565934333444,0.8660012040559735,-0.6020411581634947,1.0622073913798318,-1.1008194427612417,0.9069992145721184,-0.7647441053661842,1.1499481984499675,-1.2500981113021048,0.8428597864002484,-0.68133201255943,1.1625289417741482,-1.454343177628137,0.8287235815858045,-0.6254616225284091,1.1146228839660814,-1.3599513554579394,0.6366486872064254,-0.528486573685274,1.073165584419131,-1.1084862145253014,0.9378552967621446,-0.7660576475184784,0.8527550162178861,-1.2966923208900336,0.8585990629744691,-0.6475574897209044,0.9851865099350215,-1.2357261562081592,0.8790638713851054,-0.5965780883836838,1.0617634077581022,-1.2105120467899024,0.8896155942049062,-0.6070889977873369,1.0128972769286315,-1.5451361879795402,0.8395879080067847,-0.712473129911023,0.9807446589310799,-1.3963011645923373,0.8074134325113431,-0.7014172321984015,1.1000708186585586,-1.4703231772951357,0.6951450269690327,-0.5829019146322594,1.0729250082620936,-1.2529106361302058,0.7351713077029932,-0.6908961251552157,1.0552050502182273,-1.311585651538783,0.722926043376582,-0.7731883385349951,1.2787904871804647,-1.2859611917458293,0.9373464361311948,-0.7091809583574079,1.0612577963278114,-1.3132494777763788,0.9902990627537901,-0.6549467048086044,1.0157830662579774,-1.290212491455015,0.9646114217011726,-0.9608089645653429,1.120553727589878,-1.201479626951432,0.7907427290337922,-0.6757537276740602,1.1388208004980904,-1.3699288468321147,0.9423287849260653,-0.6621591278532354,1.076413943899938,-1.2426858616423995,0.9294963633689795,-0.4698981016190942,1.14907171872641,-1.1754818932352478,0.8805766945496102,-0.5093702791398533,0.9513666413240804,-1.4181427890079357,0.8767201814451344,-0.6276071589892978,0.8457854425862846,-1.2530060623326895,0.8449566945512261,-0.6196057758004565,1.1318138455045312,-1.4248874366947222,0.7592851103043705,-0.7673124935515314,1.1613570959264328,-1.2169989005299873,0.803030297651327,-0.6767105747305082,0.9902218530202347,-1.0574786187151968,0.9168456336570936,-0.6156040569759186,1.2221051588511038,-1.155895504555789,0.8651483454770075,-0.7080921362495952,1.213674200796837,-1.250151740225985,0.790812122198264,-0.503181704354177,1.0018481899280907,-1.4178859619694066,0.956694356199277,-0.7601180220758981,1.1324196579591972,-1.0796142158177506,0.7312104417199751,-0.6943733692287715,1.2322571884348874,-1.1877384454335977,0.8450203967805683,-0.4629207881715845,1.0819049168341828,-1.2148819572060365,1.0192245056817,-0.5970628031653963,1.2168584480341875
chaotic_038,chaotic,3.99,0.6399583736537134,-1.4230576707963576,-1.4634765741113063,-0.49924926149639637,0.9466865827460262,0.04722438132700773,1.4666993981787335,-1.3895624632099668,-0.9899159375637667,0.13122539943964642,1.4127861362900391,-1.229472747992023,-0.48897725712070617,1.1827158711406283,-0.4728595036272987,1.0988182345587563,-0.40663878249875246,1.291502517659523,-0.5918109889406729,0.9653589391653763,-0.030892442197776922,1.4570529721788033,-1.5064711493913523,-1.3990830333619855,-1.1357067856076741,-0.04031355533967877,1.341797820221423,-1.437268634278781,-1.1350298621230712,-0.5116991287948972,1.0027075372130316,-0.3671420778892482,1.3616088737253338,-1.0266763456562562,-0.0960330140543154,1.3537148170730755,-1.3989005908044085,-1.4096926128376104,-0.9129353399069382,0.44647911691986797,1.2028822933664465,-0.8114059378048505,0.7095562217020986,0.5937757387680689,0.6674970831683233,0.5285196701161857,1.0369943983887986,-0.09754547699804382,1.3590910314638074,-1.5258849360493036,-1.3856589610156007,-1.0574061757970683,0.028950804783540594,1.4624290079097255,-1.3338000699357315,-0.9330417126243504,0.29077579224476835,1.305076790553929,-1.0364210004647998,0.13597978306414432,1.322949198051755,-1.2791854115502337,-0.7482837487543982,0.6608101663688765,0.550017974670122,0.7454285136263149,0.500720818408369,0.8253476218488345,0.05496162649066488,1.4281286652055347,-1.290145290422696,-1.268648525237296,-0.6023590694767711,0.9518959514581317,-0.1941842547199463,1.3623998036829164,-1.398625422305629,-0.9437737327080847,0.2053882815800678,1.2397115366089397,-0.7944247726708562,0.7161656097639406,0.4707473307526056,0.8347451202339504,0.18459961044542647,1.289594609021262,-1.0941793657327783,-0.10173756107108561,1.4012435930142044,-1.327953113476066,-0.9653706499731292,0.0551561787921755,1.370947403374009,-1.3809556156428382,-1.195329800018903,-0.5711156220688325,0.876871205747769,-0.09604049395634386,1.3656260667934064,-1.4276595476620455,-1.3877692494096845,-0.9940794935047951,0.0684285909649562,1.4476593719008652,-1.3903873211823696,-1.397269326079011,-0.8545399353564301,0.4050473173562232,0.9457422640487458,-0.29789265333682585,1.388521933290578,-1.1765391956823625,-0.3163752297073004,1.196240441132769,-0.6078013185199014,0.7294709213782509,0.552311986205254,0.7981772554804467,0.2554243664590165,1.2678731205487175,-1.18413524501392,-0.1846757178375281,1.3921649426949192,-1.1880998412084514,-0.6169234729581289,0.977053249702833,-0.10479713016141359,1.4241066005365857,-1.3723914498733079,-1.324270978843063,-0.7974956847409226,0.42421956700259933,1.1141614841025889,-0.5062747070101363,1.138457331877245,-0.16192521204947663,1.382897567115392,-1.2105607513890546,-0.47374232912168207,1.1889209378105479,-0.5496154275534134,0.9264979251436932,0.141269637286904,1.3439902439171763,-1.3331874061005424,-0.8109394136266271,0.6233654864423159,0.8575194493736301,0.4515868450526614,1.008590505335871,-0.22537292346187632
chaotic_024,chaotic,3.9,0.48995823173657027,1.240794676553703,-1.532414326207174,-0.47933183116266737,1.3602887713666196,-1.5488662945573946,-0.7071972104997873,1.0649773003338074,-1.0504457922889445,0.8035291903353481,0.0678033191710095,1.189670515186537,-1.011116088248205,0.7019487845201925,0.3395570216458191,0.8890715688800787,-0.16889276246664775,1.3009434779602553,-1.5507366439340189,-0.7737280890060969,1.1090910968358512,-0.7050223425831735,1.1003921845555402,-1.0107107097475292,0.6402590228799065,0.2844829632466105,0.8692029867513135,-0.26697692770442943,1.1617816653014172,-1.587156092186368,-0.875401124888837,0.8171590492492441,-0.4738024438769797,1.2451722512492485,-1.368204916015338,-0.22372877110061806,1.1392245240713723,-1.6767857611078392,-0.6781982761934918,0.8588936463306247,-0.43480493991970043,1.172969474871433,-1.4116153676453735,-0.34088393861238525,1.3006429510181996,-1.578143387535958,-0.830689946857731,0.8645806352699749,-0.47410765455512804,1.130374076987149,-1.3586709019166194,-0.04717377091320739,1.3483919859148368,-1.527775826845077,-0.767517410215225,0.8551458557882909,-0.7201881407739745,1.1936588396763812,-1.0971916566098607,0.5067335073855297,0.42977407121786215,0.5788120072657112,0.15955969655737104,0.9426097394078498,-0.5878066468529953,1.1392530581323455,-1.3600838943062046,0.014789367772454069,1.1705105259570223,-1.314803028662779,0.03494897609882161,1.1666104716100556,-1.287138966530606,0.10964689804853268,1.1566553453841073,-1.0650740787509871,0.5394850339158813,0.4249469245680957,0.5298400722413533,0.42220602966748444,0.7885104261817018,0.0050373147807912105,1.2070926592730267,-1.3118332560480248,0.012554891477141691,1.2543731784373957,-1.2727650467278042,-0.0821129285687107,1.3066019493530332,-1.3986575132941814,-0.2497198847756787,1.2829327773929808,-1.5725483121869526,-0.8542500592346257,0.9719815768071395,-0.28880921012418637,1.1937101823837823,-1.4139363104983704,-0.33357442161147105,1.2322446712805282,-1.4856880082490518,-0.8417129766044189,0.9064330729289654,-0.6075085028276657,1.1529418852398168,-1.4724535554505613,-0.11113431811252945,1.4280954728713624,-1.5454317987630704,-0.7087910511475518,1.1965389345081907,-1.1864296349884749,0.45316448029904016,0.7466936842495201,-0.0788440452506473,1.1851841949084045,-1.2934209288245595,-0.1176344086887276,1.1966499240869741,-1.4705614032352157,-0.4964544608371243,1.2677658208891363,-1.6213000325667453,-0.5810779019136658,1.2223802737440197,-1.2399630310691743,0.1399113001548473,1.0892757281019865,-0.9139440169566561,0.71220653621457,0.2580810100485064,1.0183449242595397,-0.517547532778892,1.1350855152191732,-1.3137679111788205,0.20573305798666627,1.0520554969807074,-0.6730694327313788,0.9409911254043509,-0.7566186042101856,1.080785972126154,-0.8565257724248275,0.7437487840675346,-0.2788633562864425,1.143820370989924,-1.6475705710458557,-0.7114745294063061,1.054181225138245,-0.5792901972817904,1.1829538808071247,-1.366780972593787
periodic_022,non_chaotic,3.45,-0.0027569113487170534,1.0319451125197867,-0.8335973235617489,0.9510015583229965,-1.0278397272870103,1.0378505052650495,-1.0684325537248516,1.1004189079315767,-1.0165533367171204,0.915770079216916,-0.9406916530849464,0.9977579879774034,-0.9671051773494999,0.9397213525289897,-0.9326706646135944,0.9508221711090605,-1.1338732880189506,0.991574726950101,-1.0422481975543558,1.0889312679505394,-0.9848425811597176,0.9006265579354288,-0.9345625629359904,0.9361475334842648,-1.1981634136450465,0.9170703279471792,-0.9605269411859091,1.061583240220007,-1.027394778328792,1.063509938038484,-1.0513123173483174,0.9741614130798734,-0.8818066586547316,0.7876070877060808,-1.0001262151326709,0.9065104818438788,-1.0604575564359204,0.9332364352573163,-0.8978961103478955,1.0354453271398067,-1.1681799663252914,0.9183973649691907,-0.9567110167331364,1.0824016156546523,-0.8044538851835736,1.0440227839789002,-1.0553945922988317,1.0012982285113972,-1.023202894819051,0.9252891124734202,-0.9114657781429353,0.7894885045595601,-0.9868075538933474,0.9295688542555811,-0.968091628233476,1.152768305489186,-1.1630468366064886,1.0025013704993393,-0.8804599923700868,1.0267349814329485,-1.197139870002852,1.1073787728134914,-0.9784275455448573,0.9588002639161595,-1.0701853922444027,0.9390124182577089,-1.0738176717447439,1.026054848065767,-1.09787810279756,1.0414891234404178,-0.907980658074627,1.1680070505959848,-1.0602019145823227,0.8982433384386282,-1.1014190424172052,1.223129142953981,-0.9750675189610377,0.9091039203340396,-0.7940882904142044,1.1416570975334719,-1.1706564548210716,0.9032498761528556,-0.971779084063953,0.9056797303555885,-1.0484894778126557,1.0458166416081676,-1.0926292047506845,1.0381457785670702,-0.9253172622181149,1.0155841213276493,-0.966645294208823,0.9446295756251412,-0.9579847457489575,0.8623134050708897,-0.9358694200432667,1.0120054495436257,-0.9291644017181617,0.9201603757099723,-1.0080510121375137,0.8887123930613683,-0.9959353343053532,0.9356868301634417,-1.0436511163666837,0.9348394162220675,-0.9860770795200636,0.8697242510882547,-1.0586102864947735,1.0964911515430942,-1.0543035135774443,1.0699356397377195,-0.9951094786962001,1.0091674250174993,-1.0228083087933577,1.1119925001009119,-0.8333606563920517,1.121349059827996,-1.099003611932457,0.8812210027641374,-0.886519561774823,1.1430251328661876,-0.9246606502640614,0.9785059414669562,-0.8898829905479926,1.0815798917108455,-1.023104379446705,0.9960058904199011,-0.9512541889959996,0.9324222882646653,-1.1041581720777405,0.9091569707077052,-1.1164475431752323,1.0228865969132737,-1.0412663043065833,1.0515118692241916,-0.8385171403006029,1.1377063117417952,-0.8992736615810845,0.9038731570318148,-1.1004731685801425,1.0993892372523841,-0.9026804945082547,1.1288350800503075,-0.9142256919023594,0.8146991276860547,-1.0013952126289012,1.031607714415956,-0.8397793283370194,1.1477963478462305,-0.9483782984134326,0.9205559748629095,-1.0617175276275304
periodic_095,non_chaotic,3.45,-0.002763546359054186,-0.8818163022738281,0.9102246995436302,-1.1246723097989915,0.8472541381015004,-0.8514547526216406,0.9376200574489741,-0.9104013196101454,0.9332676493140063,-0.9308737824862363,1.062245826489057,-1.190605390705637,1.0048839039857302,-0.9096323845150308,1.132986708301373,-1.1263889834876515,0.9057622078297264,-0.8798467413414859,1.1593603597971127,-1.0904194479594647,0.8652275247905375,-0.9751055647408908,0.9233519698453453,-0.9938447739390841,0.8804658111550288,-0.8499984069806121,1.0424650020799109,-0.9346179799164466,0.7499399454085388,-1.1158883123902854,1.147394118717312,-1.1019820184805533,0.843121006059809,-0.9649127241282411,1.0451494875717942,-1.0471278705353062,1.031356226368879,-0.9131470045653902,1.048727006311539,-0.9003924734498835,0.9845780289701951,-0.9499938799256276,1.099458640968817,-0.9775393115298905,0.8982666850832169,-0.9549796284253699,1.0639097970037192,-1.0881242675626754,0.9337425558097883,-1.0815976521749389,0.7408552232460363,-1.0672121534814036,0.9986602492364849,-1.053059329406442,1.1551086597756461,-1.1324069528644392,1.0751266369250014,-0.9060616100754793,1.2326715241089894,-0.977907180480416,0.8458357921855817,-0.8444793535601605,1.1860290864227436,-1.2025452328493094,1.0487355734939199,-0.8635827075027412,1.0001622274279274,-1.2655312839851145,0.9578943256716643,-1.003981358348263,1.1695478241648019,-1.038419558819821,0.9466713284870338,-1.0047310500624589,1.0523796067191413,-1.0240831869135454,0.9100368507261051,-0.9222327149441998,0.9664325826615401,-1.2815211067660564,1.0519097697309412,-0.8923764598033166,1.0399747245614992,-1.0722753781653498,0.9800232152106745,-0.8686480305221793,0.959034915770222,-0.9454695004314181,0.8436875213588765,-0.9321678655636886,1.0229116022485032,-0.9313861248287574,0.897831155289987,-1.027468872234599,0.8847248214177026,-1.0838409377329226,1.0121142091654047,-1.1237436315788785,0.9771970688311797,-0.969163233644063,0.977347875942616,-0.9417777594388368,0.8737374960217572,-1.038129683469611,0.9902181457209669,-0.9651950589954617,1.034998555357601,-1.0583047098104754,0.9431535512597704,-1.0505657778962414,1.1148405486817394,-1.1473793042856508,1.0029349982181568,-0.773291683694725,1.1271266757555212,-0.978402772320174,1.011932651735366,-0.9622171593994954,0.9322982298522281,-1.0524750421995135,1.0436205448357958,-0.9120576712904652,1.0965961272982654,-0.9090346862437151,0.9723725722448018,-0.9314612698324024,0.8351540810962386,-0.808092848845128,0.9476022084965917,-0.8869005113365452,0.9794671827164794,-1.0699368076782496,0.9648650118484939,-1.071517400470605,0.7785267181132058,-0.9144532310768981,1.0410452019483534,-1.0396483539917658,1.0636171600688844,-0.9469725944760476,0.9206431226506964,-0.9106793239939052,1.1175264708941868,-1.1668470171564373,1.0399724783399213,-0.9154398757812661,1.202435297054998,-0.9726713825105923,0.9482007934329119,-0.9797247503098114,1.2162852232355565
chaotic_029,chaotic,3.99,0.6407761517529961,0.7211918144374352,0.47064346682531644,0.8889344633171538,-0.11394929942453258,1.2794933708803256,-1.5304637323167853,-1.4328053976007349,-0.9925349227322389,0.46542661586061956,1.042453757885296,-0.36660812587321767,1.1696864917642167,-0.9395792991173914,0.36763006740868504,0.9525611894420739,-0.3726097598989336,1.1786414523877795,-0.8593645732668453,0.440878000435404,0.8778318239912868,-0.026960991136616173,1.4077344928246835,-1.4361831567797838,-1.1075914608602129,0.003064499574749049,1.423876874608885,-1.4915499672143953,-1.5232558260109696,-1.116495963840234,0.009857379471548756,1.3597431039305519,-1.373869353527824,-0.9579390049496805,0.5313220759512073,0.7036363647433838,0.26727844569590653,1.0707039818907695,-0.8068766953983015,0.6435094944817996,0.756283678876007,0.6480638630119785,0.6641275353673327,0.5530075214798792,0.7729770258728657,0.05358005746511291,1.3150493039700382,-1.4279051206283375,-0.599887326057296,0.9635221719861714,-0.3611969608954763,1.1984470137540275,-1.1493103583417636,-0.2041317187132829,1.424736628413846,-1.4829113622525,-1.281467860330233,-0.4062545096252691,1.1642552918229172,-1.0819817601315975,0.02236358819906538,1.4907358358997769,-1.5327386713867122,-1.3009486705327065,-0.5795228203869025,1.1021564793697909,-0.5538777173347247,1.0485013567908728,-0.3910150845654234,1.1519675946858268,-0.8508950163852607,0.5043607726969533,0.9061442543672342,-0.047190404768423476,1.4919148675839815,-1.558683949157407,-1.322997134986746,-0.7716381716536689,0.9301761104989624,0.23789789043451476,1.204050790589375,-1.078399567061778,-0.004403967614605265,1.3172709068358959,-1.458534349524944,-1.2880927871683925,-0.6166617617936896,0.9769805994787135,-0.20989803594150463,1.3464509453317952,-1.4422913355163218,-1.1348593308670032,0.11039305797348127,1.2777911532740847,-1.4458229125739672,-1.2088148533429997,-0.14850756317496694,1.2736367418750618,-1.4641632674806746,-1.0646048674186313,0.2614026925172054,1.114577492958342,-0.9613639955034258,0.2918580012171774,1.0023815311623039,-0.29064737076527775,1.2353344540157933,-1.341783575357427,-1.028988433821991,0.42151480327306695,1.0060239160816615,-0.34675233069911005,1.2453220138727579,-1.0144049097206504,0.31401555779102475,1.0916204293290357,-0.4841768507456556,1.164516329489573,-0.7862169146429389,0.530765950343638,0.7385785886691114,0.4630173366836785,1.051341520061868,-0.31726557250324156,1.2826032551444437,-1.4187204755282086,-0.7102988527415546,0.9703812978649461,-0.16269023489745688,1.3576459762168112,-1.4644456420974574,-1.4666284581884435,-0.9360603823201563,0.45409519546485494,0.9108771607395022,-0.0720138442864613,1.4063563448418621,-1.5076012113246864,-1.2886193225465659,-0.9993138217547625,0.46656167171478047,0.9372989613740074,-0.10706886565126586,1.3713108628902846,-1.5919978970750082,-1.3628607218591153,-0.8827626960790659,0.4078594344687259,0.9158199593577251,-0.42736583886384905,1.2922719632768795
chaotic_019,chaotic,3.95,0.5866889651242675,1.29298403747286,-1.5878398541178853,-0.9610127712275904,0.7062968651570225,0.28402790665214417,0.9310550066543393,-0.3988023024096295,1.2737776013634339,-1.6382127619701687,-0.9220155793394792,0.7618462821140578,-0.13374787879014083,1.2728673102912367,-1.7094780130887146,-1.1245388663345801,0.41790887216210315,0.629211529327598,0.4322033284936816,0.6347570735684454,0.20413855331826897,1.0351705438024292,-1.0186149192147218,0.8372210664960777,-0.08272875520389109,1.205466801182615,-1.4872038298900194,-0.4425312029136765,1.224737259001837,-1.5362877402805406,-0.3904685076376665,1.2357805483305093,-1.4999680485257978,-0.9300294015114636,0.6244455684061234,-0.017235231619534365,1.3525613285877143,-1.3718846649661809,-0.34939386607977846,1.1837447609744585,-1.4966149285050747,-0.7631254408253838,1.0698733519432815,-0.9580314954624618,0.8099472449985783,-0.3048890329599004,1.352492499811641,-1.6753809597650435,-1.274007554719,-0.06087798189715629,1.1636834573865749,-1.3631290695824074,0.02342570533567759,1.2987193520501732,-1.3888311210091173,-0.4677226349323417,1.0929093016151374,-1.744107360689509,-0.867484237583573,0.6947650544505458,0.03088233348124224,1.2468357012376066,-1.0830311243829067,0.32547835581960655,0.8361583161660573,-0.2798220964276066,1.3094647361934348,-1.624709148944096,-1.2674911264730226,0.06568773504647848,1.2642703238623572,-1.409116498369849,-0.032151636755746005,1.2296696598841133,-1.714486023568539,-0.8445752444647869,0.9996321039652206,-0.8738421423805885,0.8103257980687787,-0.11845740234388272,1.394865857095805,-1.7116623102427324,-0.959527284462073,0.7423461600175338,0.026590543029825556,1.1473791616733537,-1.2832080134521169,0.38019555812754097,0.8603849966081835,-0.27993637441270286,1.2701024970234482,-1.5749737837401938,-0.9987279477523554,0.656143171749538,0.18943065312265575,0.9935099722216927,-0.6343852565642567,1.0671934214121115,-1.0920992379489083,0.45229420773234047,0.7223271496452527,0.404656761823646,0.8182593347193517,0.0711579797591206,1.1537902928245378,-1.2358647676130825,0.3248588253984866,0.8238281115348213,-0.0474923072465115,1.2899098762280659,-1.5650681981144754,-0.997815932411907,0.6831833572142781,0.3979694122151094,0.8871495750963384,0.01695435103395279,1.1174561950768869,-1.3327436099192373,0.266879090088822,1.159483355526337,-1.0681777567418835,0.6445269797166008,0.4757208626341107,0.8095157134421977,0.0698927653281091,1.0354670332590952,-0.8964717208376086,0.7380604690411734,-0.23118141315709065,1.2766950783232078,-1.6773160486802756,-1.1327530297167911,0.021032778939864622,1.1431822387963346,-1.2595320746076688,0.15044887842723464,1.0978436213952434,-1.181873724825735,0.44210047999422225,0.8027335929721862,-0.19757228721917183,1.1623754361536676,-1.4283668052983105,-0.5966419604063884,1.097482185970958,-1.1946735184531387,0.2824075200816535,0.9624447730089264,-0.5295686090645186,1.2063816668357197,-1.579522786940457
periodic_043,non_chaotic,3.2,-0.9162907318679084,0.8425798473690642,-1.1908896749450715,1.0569093760144106,-1.0334104057600877,1.18597501052914,-0.9395493703676053,0.727685854834337,-1.1195032311674495,0.9084625514549172,-0.9173991893985062,0.8562625434894597,-0.9573950490160441,0.8170717960514094,-0.9776726687509544,1.0530171756570827,-0.7764172152047788,1.0358070295966173,-1.0914735163097287,1.2083128548900652,-1.003859555336222,1.1088224350386426,-1.0632847996531307,1.0144002815739863,-1.0893346014701164,1.0464116583178795,-0.8673674449880826,0.9334213382411127,-1.054726389298474,1.0511906866466547,-1.0926186940057079,0.7919317005172435,-0.9296848578146422,0.986953308023581,-0.9963478831997711,1.073904961831767,-0.8871535257719664,0.979581851245214,-1.1337808957859614,0.9135371019973566,-0.8976339557723025,1.020709635615802,-1.054553728041046,0.8933746068087561,-0.8930899334975325,0.9711945511231518,-0.8744355788275867,1.1234491304206033,-1.0217903466689857,1.1331724647444676,-0.9593874950160722,1.038874669196008,-1.2812080110166557,0.867578890449274,-1.1052968092257538,0.957780195818225,-0.9627145555274529,1.023316060261604,-0.9390123791230675,0.9071263289260992,-0.8829201377585986,1.2520513702217249,-1.027388996599926,0.910068624720683,-1.0733019103777959,1.0136659069501683,-1.051235309302286,0.7625612249937135,-1.1799808326696937,1.142927739300679,-0.8012700030082108,1.223093807754767,-0.9472326252847136,0.8648152936899546,-1.0391008681589382,0.7956041109646842,-1.1900953077630692,1.0371466750135592,-0.9039886655018798,1.2726682042366595,-0.990018973472309,0.8140730000982987,-0.9953882946292256,0.9627856392516577,-1.0464599913094232,1.0493834357125345,-1.1464762597841538,1.0199239838027916,-0.8884239989871471,1.1981807894837353,-0.9356064723752908,1.1460987495375203,-1.0399139925418814,0.9597666412955721,-0.7921355982387239,0.8121715794350657,-1.0342779214782245,1.1578983785476573,-1.007722476358867,0.9623510199904841,-1.0152205625736248,1.0180474491032105,-0.8283345744637278,1.1296577156505985,-0.9769436335825454,1.152911989136122,-0.9312618304377066,1.1206535308180898,-1.1207402507426805,1.2422693982114423,-0.948074996894376,0.6217856395221324,-0.749033658288477,1.0025456864849143,-1.0332205164639938,0.9180873276677188,-0.9177497617207105,0.878992212288338,-1.0583078734609606,0.92538967401179,-1.0189426014626,0.9305990012048415,-0.8605932140225763,1.0393315854120178,-0.924175379025067,1.0862862265388735,-0.9914019596391117,0.8607490680848328,-0.7288925117101911,1.1301145031323279,-0.7554917775703727,1.1449119490829072,-1.0421923544177585,0.6771470776275085,-1.1484985840845503,1.0898706548617139,-0.9925986642997944,0.9437860195912521,-1.3236356916375283,1.0000312884994025,-1.12812613952799,0.9016724880191246,-0.860967982072583,0.8595276130376849,-1.1076470230251099,1.0275103665568208,-0.8578899458027301,0.9461568414987273,-0.7756282642242739,0.8250207378634973,-1.179607967879636
chaotic_086,chaotic,3.95,0.5698510455520667,1.1231549368334266,-1.0939956106336866,0.7471204164862059,0.04734366333312447,1.176646941476402,-1.2215601979887019,-0.05898443580838797,1.0381156119751105,-1.17705263549392,0.6897251761369143,0.48420674704881056,0.7775055281159542,-0.038710949102932844,1.086650380861311,-1.3497176263606194,0.2111386144698057,0.9452643658291365,-0.4054325074084635,1.2838857393889604,-1.8235292082338006,-1.520882144452516,0.0007960253288511365,1.0732878088089661,-1.365988718857296,0.1063901951088239,0.9558282890909948,-0.835136617190165,1.0214276911140594,-0.8890679305960099,1.0033256647022142,-0.8440976520804708,1.1228271067527658,-1.1175404768285448,0.6059803661405199,0.08442826293790118,0.9917984634560204,-0.7529756016722389,0.9675763657853352,-0.8428354486220031,1.1584085897969079,-1.2013476251966053,0.5376953431534038,0.35949487303859917,0.7118537652133388,0.12920888133197572,1.065778193759032,-0.8345524219073246,1.0782452309474835,-1.0807786263416406,0.5184193851399618,0.5772843063606774,0.5653591998554276,0.280049010313396,0.9752370430751133,-0.497165123246841,1.1801882366533385,-1.9277604708605345,-1.3465920007852974,-0.09490707654046973,1.1737299801325969,-1.2612060603014015,0.39345019589826574,0.9249084789694417,-0.39215572580565705,1.3802380953128195,-1.827588551600969,-1.3975245655875206,0.02109030574226889,1.0135498355738952,-1.0243843095542446,0.7859066785341985,-0.3421174895310323,1.2488554559481124,-1.7681703038076908,-1.008594330562025,0.8461251405138271,-0.08672635795932884,1.1545990370711994,-1.7155868672186771,-0.44935077165185083,1.210942845145975,-1.7342551251896166,-1.0269877133804175,0.5026505566712604,0.24792099310807625,1.00602656111298,-0.5347657082161552,1.0789747751605876,-1.6673790551646148,-0.6318593520719129,1.2860007910009637,-1.6928103696984957,-1.067757593841841,0.9442794095254832,-0.6889304049682994,1.1271500510251409,-1.2308263505528367,0.3523077729545678,0.5944440164076575,0.07258059758120428,1.0811043906518338,-1.0648123122619515,0.6808470682253545,0.15539817972646888,1.0688235336559422,-0.8625459837205857,0.9238892490885837,-0.890132659084562,0.9256794483906884,-0.5656335716901276,1.1377762361799029,-1.4979712044599771,-0.5249075510605457,1.217969660234142,-1.7348141015086513,-0.6583759937806364,1.0532296515796469,-1.124355806439818,0.25836471108512876,0.9074730509408426,-0.25560216367112226,1.3848974998786674,-1.874181591013078,-1.2276006344909012,0.45573538008173237,0.6684748131489004,0.24712080902135325,0.9339484182900742,-0.7444035805191199,1.195095876318179,-1.2662247121449015,0.4610062609837302,0.5712919168548097,0.27097950962619505,0.8602006646999326,-0.47082548793817436,1.27060336753941,-1.8538095653012598,-1.3718899000290292,0.20830173205164668,1.1166363005601865,-0.989912387274793,0.741223494070753,-0.30336276887280444,1.4126360210401314,-1.8972105278805325,-1.2364179330561915,0.3943450504732824,0.6569985341538328,-0.022850272690312524
periodic_014,non_chaotic,2.8,-0.22314355131295646,-0.6204187755171201,1.609824849297827,0.7170664184535338,-0.6954468226776754,-0.9537674565966393,-0.7069163145297207,-0.5037464399814433,-0.14077469355715014,1.0452160072480599,-0.8811276573734257,2.1328503456414096,-0.8596370791726412,-1.2907578910382835,1.5763174345341577,1.2365570235075674,-0.15525969391099967,0.3665137176701328,0.3898742543420809,0.1400804564858518,-1.186558746240203,-2.283909568122535,-0.7683916577148957,1.6946618550883563,1.7310021715618922,-0.22883819599388228,-0.8732108492859647,0.2709760029467781,0.41987660722378317,0.5695902575097527,-2.325620904795151,2.9365202707786846,1.061811287714047,-0.16962112139246083,-0.651529239826913,0.9274351146082459,0.4720958881506628,0.09882876183205797,0.43779118557492247,-0.09080718517075093,0.38551733889426376,0.6858924509029719,0.33132459049833013,0.28282499626437424,1.3028380125447936,-1.4648357275726929,-0.7250304328650513,0.03811810703071574,-0.6620723898064047,-0.35305680246381754,1.2055348405677726,-0.12436339350894429,-1.6796835294685721,-0.3783356515810155,0.06732477905001646,0.05027087010722445,0.5282301343576294,0.45265157282811674,-0.11497275376046773,-1.0908093485969412,-0.39480999091520885,-0.5629432033403431,-0.2503752268855469,0.653314708365323,0.3875912506742414,0.7762759114613019,-0.3419958586795351,1.4097515830458804,0.6363474581954581,0.11742254367519327,0.5720220095765763,-0.611987898506589,-1.9384436682821242,-0.5480585209797759,0.7054182848381236,0.0877843745604253,-0.1131291982649636,-0.7712740395527125,-1.796884964296097,1.3324454920339095,-0.17890638718706897,-0.3840712346347849,-0.6081796233165906,1.1747852734072488,0.8293576044077419,-0.8817965094896216,1.0914954200131097,-0.12075283097291985,-0.55161841683406,-0.2582512277981652,-0.711529750180495,-1.2091424377226228,0.7319604817913093,-0.19076411740336024,0.5848542974934245,0.27939214795382844,0.5212911300420762,-1.880342793173588,-0.7887875696310707,0.5405666096501537,-1.1665194170750417,0.3588611258277305,-1.2737784885048729,0.028753545668590792,1.5038254047192636,0.7305434449220577,-1.6996127756508446,0.7988300989372856,1.7002933602471555,2.6025998558391628,0.4532876474188597,-1.2494480037867053,0.4158933188103675,1.490906247618338,-0.1596467195808268,0.9790895703003168,-0.7636493648767093,0.35820221724149054,-2.290955950571537,-0.8661491859790349,0.00786651555119405,-0.32281032577115726,-1.1903890596357583,-0.44897640892259,0.318678473400973,-0.06628475602850378,0.06993919093232198,0.6910816202796891,-0.3041176507744692,1.2716599188075177,-0.9021901395373438,1.7981944821966154,1.0438202509593744,-0.3159984876717119,-0.2542767653764892,0.20489764433290172,0.5676939734809584,1.0267045883527823,-1.2273909058670114,0.4184524213205183,-1.9456267734585622,-0.15058670616411443,1.3593513548455394,-1.2986826896396781,-1.46680798664313,0.21791187747538496,1.297810816886298,0.3147355620499736,-1.7494841640527894,-1.544461641620836,0.10401144493481529
periodic_073,non_chaotic,3.5,-0.8725073457385807,0.8566787151235653,-0.9318230718170897,1.0428546776255891,-1.2477913255613393,0.8551664983672174,-0.7002420840823912,1.1566131825228445,-1.274772941718648,0.920763011019577,-0.8003896794851373,0.9720590483370908,-1.243570441611554,0.9239288389406771,-0.6686126800205299,1.1030463709801381,-1.3210783513622335,0.878335009182925,-0.6821212984724216,1.1328068015244355,-1.0375879422009744,0.7688734622030516,-0.4068021165323668,0.9687659519041154,-1.2524384694016024,0.7423696797226386,-0.6891869572018594,1.18530639633775,-1.2865873415003566,0.9520413059578625,-0.7597820698532551,0.8920664450336191,-1.2291261406377312,0.8608926038264533,-0.7651915336706198,1.050612316938262,-1.2504158585718588,0.7791514978504008,-0.682513492065043,1.205279507338776,-1.09049800070278,0.9937688058974438,-0.7031621780592551,1.1152401492267867,-1.328448801819943,0.8128944914215144,-0.6344665202032429,1.0605789855263892,-1.2543311020847963,0.7648398749884884,-0.58627506882707,1.0591334180264855,-1.1845142062719607,0.7898588370438524,-0.7919910463659919,1.2187611330182375,-1.3502831814721705,0.7062892433442138,-0.8193837645007104,1.173176912322369,-1.2161748397255518,0.78418377761861,-0.7799024103509964,1.155410977186223,-1.1624687561035596,0.8512754271295164,-0.6652020468438494,1.1747944186175616,-1.0815099363469967,0.7461538260029701,-0.7834813368503396,1.0413361649069732,-1.2097042281335404,0.8335650716605041,-0.6886064652040041,1.1021040506413289,-1.2895705828008086,0.8683163116813996,-0.6191981585977573,0.9964493385017328,-1.3040965954146952,0.7403932837752566,-0.6968939058337301,1.0714092962422324,-1.1863262704269557,0.8574629249178527,-0.761731555419165,1.0664592852263255,-1.1230568598031085,0.7060783688141773,-0.7794959539894413,1.093802489694616,-1.351290853047219,0.9053858983419127,-0.7242684726207977,1.1150776482093074,-1.2783427898309903,0.847963324371817,-0.8436480432508245,1.1073508125454095,-1.4602874498947989,0.7929404032921643,-0.6714917545231395,1.2053811085278696,-1.062513777077405,0.816510633165678,-0.8024763673077137,1.1408328389535314,-1.108883734321308,1.0061694907538368,-0.8189135986892313,1.0767305481125773,-1.2074949443524592,0.9468796729341173,-0.6615632727006874,1.0469190394709864,-1.2333568525573497,0.9478119761544562,-0.808946189698601,1.2189743052349216,-1.1938007895496066,0.7861702724531956,-0.6293523983131011,1.1689606002792126,-1.20741898698386,1.0103503310716697,-0.7198172742191933,1.1223831855931468,-1.544944352042738,0.9658466870740446,-0.6201957103957606,1.22146940937252,-1.3803300467423216,0.9509740469101515,-0.6202766729357329,1.0273662697631867,-1.187610526272551,0.902712590585874,-0.8830294132659863,1.1468482752060862,-1.363939338512414,0.6958409134806987,-0.6833540975934304,1.0840014682526111,-1.1539681434996412,0.8755044494297416,-0.6435106199844861,1.139529677250638,-1.190996250645305,0.7722001290521195,-0.6996039012654961
chaotic_005,chaotic,3.7,0.3515242036074281,-1.9014718729747027,0.44491438346217643,0.35744773986583306,0.41344363396282235,0.3252157816983642,0.42755707014209454,-0.008491478509687992,0.5503266820591629,-0.17411667125922914,0.7791557777153079,-0.7956742000255742,1.428755268907743,-1.8366121761949188,0.30346769998864587,0.501069691970547,0.21519762341117796,0.4910038956551625,-0.08544521872237433,0.7802900441174045,-0.5505024608313261,1.0932499469524761,-1.8613679439153132,0.45812491247398246,0.20909148555779242,0.8168304782475534,-0.5262777790052917,1.2339489045074492,-1.8149243021941477,0.5026721882434595,-0.18647880408388812,0.8476417430154144,-0.9255358391048534,1.1496092032480896,-1.9649768784669823,0.23781550805424773,0.31775887771972905,-0.03426571903910024,0.8939898879878008,-0.5827099182852691,1.3614126584120376,-1.9726497773540514,0.18470897841100908,0.27834277536865004,0.21731085053681626,0.5552685936450866,0.0564986849706304,0.9601726138012221,-0.8381292908428144,1.1509818299472447,-2.0491867109034447,0.21631408245151706,0.4805010658249393,-0.09227697727092223,0.83647646277968,-0.774859184908658,1.205011243978348,-1.9661674165835563,0.19263979372001064,0.4665202308990884,0.10392496985707413,0.5574461557781061,-0.4399993853104418,1.2782369748024656,-1.7157059726409851,0.6059855505938647,-0.9157348047820651,1.270713712730985,-1.9968465883618944,0.21525411402327238,0.570579095440333,-0.20244087784356096,0.7302842749905651,-0.2874987230485869,1.0549927557608556,-1.7258928115854983,0.6321275980744909,-0.56361203490542,1.1525106105516505,-1.603538776524975,0.8122641220349835,-0.34088389534789293,1.2644594507142917,-1.4246468778857437,1.16800741686255,-1.2099908919079148,1.177256631434698,-1.6473254183065804,1.026113367524867,-0.4070992073043486,1.1227789533262713,-1.6722231146071251,0.5625471793093031,-0.28470663004119473,1.1076425321108772,-1.2605095350852147,1.1528670856342964,-1.5670681843148493,0.8853400255901451,-0.7841525876655777,1.0827377645469185,-1.9520730747134019,0.09823623944333858,0.35827098339461133,-0.04096835352100159,0.8196742765678351,-0.7931239856773125,1.34867249830432,-2.12886665269163,0.19247138198190955,0.3843625272066686,0.0733827581252522,0.6958562841206357,-0.4889895559477206,1.2061024665873707,-1.5895833707705274,0.6345026690997139,-0.9409680586630678,1.2685050137826088,-2.0275308781607504,0.20620795522398025,0.4645655039024998,0.051655280056584436,0.8254112038476152,-0.6445729106548168,1.0973527001033998,-1.9371799505438854,0.5357009503052919,0.07367478688052458,0.784961545456179,-1.010742481072233,1.103427279419306,-2.0926845540758783,0.15276871266183692,0.44056660875773734,0.00705553561756117,0.7342471143723603,-0.5092510452642803,1.174802660403682,-2.002374058245658,0.4151379051667263,0.06286957492566757,0.5092302532867997,0.032715067638085515,0.7262166246740667,-0.3989583019536955,1.1598570114181155,-1.6521143807037353,0.44575796246050864,-0.0975855821266606,0.7405361621358276
periodic_026,non_chaotic,3.45,-0.002741855593458939,-1.1280856498847416,0.9502236015254905,-0.9401606777255967,0.9265306742894707,-0.9842435543701155,0.8975361868209265,-0.9865203882782939,0.9904856822567354,-1.1634157941003351,0.7678495233442,-0.8472400555156205,0.9292372389249711,-0.816380741158563,1.1534484764443924,-0.9838621956324167,1.2238134416828337,-0.9307107264799246,0.9031196842011447,-1.182735245629843,1.0657368804137,-1.017199622051733,1.0062621237506433,-0.9578357110780064,0.8903315326078252,-1.0608285470275611,1.0327128620287305,-0.9701086583305111,0.9652098487376392,-1.165136813481794,0.9739253908369743,-1.0428542960558858,1.0875070926337271,-1.089772806905414,0.9370040505705869,-0.7296168493686896,0.9701863938592011,-1.0614726335773095,1.0214411253171392,-1.107772292049926,1.1191329954217193,-0.9239929511988962,1.0156849736653661,-1.2603331208092292,0.9745325570838677,-1.1407101476867305,1.0731628275357674,-0.8366712485584551,1.0364061239942166,-1.1338391534384435,1.1086797231665089,-0.9627118471682796,1.1719597433446365,-0.9931226827532231,1.0142740016724507,-0.9818785714681998,1.1337576307344845,-0.9601090671595134,1.1039387557636204,-0.9210509351905082,0.9945455616702309,-0.9612003364815278,1.1039907896438395,-0.840950485837964,1.0122011576868588,-1.1956962231352781,1.0435813817281334,-1.0761192370146158,1.0022528272153262,-1.0288776823837,0.8304434405297358,-0.9029936368658357,1.204987387436303,-1.0475447276923928,1.039483483444854,-0.7134061466125008,1.0813121434160335,-1.0791724240342258,0.9889523276142967,-0.8930081151817784,1.1359059201383819,-0.9011273280410648,0.7012881508124948,-1.0211299262966236,0.9919338043640801,-1.1143022072272564,0.6123475703309234,-1.0088108489569,0.9982261121489615,-1.0672580481916183,0.8710931240688431,-0.9355792106812575,1.0313409988669637,-1.0616826457987372,1.0978313356125895,-0.934193361926267,0.9150512435908807,-1.1243042683446038,0.9462540112805394,-0.8333347018416647,0.9195685890920007,-0.9595276735958634,0.975749862740972,-0.7493042359449816,1.0356766203345884,-1.0832237941855003,1.037233144028609,-0.8665154435560373,0.9602842113645487,-1.1276567090209004,1.0181271638473055,-0.934278080978092,0.8530963588778512,-0.9917789980792796,0.9059395141024155,-1.085540346290093,0.9644705585849965,-0.8932358973035192,1.0825607709807896,-0.850057659912124,1.0238763398430653,-0.9588592451100025,0.9764576151502686,-1.0465464070430297,0.9114100161880548,-1.0738492848458745,1.1011779913515816,-0.8379102853063408,0.894672418177401,-1.0105126614441067,0.9286086135347922,-0.9559234203501815,0.9466637744241617,-0.8809847812016572,0.9653830859162589,-0.9205326849496073,1.0193705058751104,-1.1137314228883282,0.9776359081197191,-0.8396941664194123,1.1387891487787947,-1.125101944329907,0.8219826902524464,-0.935535524030291,1.1039572519203997,-0.9807381279189099,1.0324559253690995,-1.071776097840103,0.9430339327218489,-1.225189922571037,0.9537734359884142
periodic_017,non_chaotic,3.5,-0.8725073457385807,1.0961174121611905,-1.153873295901989,0.9127946257777183,-0.6773543775068189,1.1239850698735983,-1.1857250284221956,0.7087714531740167,-0.5811325063423851,1.0189417350653316,-1.2873502301170767,0.9012775495483079,-0.6903249622728572,1.143970887112337,-1.2316265321822653,0.841324218933442,-0.5376099398474087,1.165022756137925,-1.21636711956887,0.9347956906650138,-0.7502931492778223,1.3046519163035644,-1.3486705461411999,0.8796419601348038,-0.7104139263066764,1.0667315636690768,-1.288373276669618,0.7954022785821355,-0.5700172446790273,0.9829288689995835,-1.1514939962902568,0.9306086322743435,-0.7194068984574538,1.1483192829551088,-1.2601602767687703,0.7640535526104048,-0.7869547317758846,1.1600129954610239,-1.1876690553379845,0.8919076788568132,-0.7204184280591052,1.0794866141021506,-1.2761208055615276,0.7025608341198872,-0.677315136447549,1.1473527811228938,-1.2386921280593475,1.0372898700135618,-0.7787798384529571,1.0346790301273294,-1.2324651339966555,0.8920747910227642,-0.8641398063580483,1.154991858387372,-1.221488879174042,0.6671040302898814,-0.6942570140522838,1.0206430788526657,-1.288284409040065,0.7414823667947988,-0.6435255912396678,1.2653351158035149,-1.2198984125163284,0.6632969067101491,-0.6559578975272577,1.0790860867323717,-1.3499438663159733,0.9025330842417463,-0.5993935530541378,1.033975530903155,-1.4016103662899575,0.6773589479904607,-0.7465190368361557,1.0828117355625735,-1.2942517096168942,0.8038205388264997,-0.6290828499353107,1.14167616960156,-1.2261273081345516,0.9465973314574928,-0.745626284039444,0.993414440418868,-1.2948541402612823,0.8125768904770608,-0.8784273714152337,1.0456778693711655,-1.139947611695346,0.945108954531063,-0.6331493447194477,1.1101454547405285,-1.1071945430026415,0.7679413370555739,-0.7749970987093043,1.2046474668522684,-1.2425004648576878,0.804972808728539,-0.6306036466072784,1.055873856291923,-1.324860128507131,0.7864876592397081,-0.6525351722678417,1.1172089880061,-1.100735449301167,0.8412521570412058,-0.71238675414969,1.2346673956396756,-1.15129570652991,0.8826625948874323,-0.8317534512498584,1.020327659339045,-1.3454773383763377,0.8723385795068673,-0.731540026381226,1.2502106878455521,-1.3947278881013607,0.7583098672696793,-0.6598579444596648,1.1472557911561723,-1.4914215543540539,0.7036588586411615,-0.7082412359466896,1.2267097096876283,-1.0654152267249617,0.8294086000629693,-0.6993918371639031,1.0179466361927452,-1.1848477265654622,1.0143830937955847,-0.563574307026566,1.0948546978873566,-1.3249559187950462,0.8696487496411643,-0.5516966950818833,1.0594866503956955,-1.4179556975072711,0.8345958329926335,-0.7097094027274523,0.9242295244158911,-1.2230386741861137,0.9170396073861259,-0.5060862275934848,0.9707743993913868,-1.1755834199065058,0.9609103656920479,-0.6336789304559437,1.0017688881013178,-1.3465085242850952,0.8781214485235129,-0.674561557719691,1.0443579157665788,-1.122165702724422
chaotic_073,chaotic,3.9,0.4968638796766874,0.6299247970048473,-0.06408415702763753,1.3766595829369352,-1.3645930551920673,0.17741785016846665,0.866485704102393,-0.43258800713593837,1.2220144338085914,-1.7002649895918398,-0.9150858057182045,0.9400687730017604,-0.6421061092885594,1.220794736237762,-1.5663225966323249,-0.45306741526438365,1.0652606860415195,-1.6582186727282187,-0.9174811291226368,1.0136302740097278,-0.7551444017032436,1.1241814157987018,-1.1009397156022136,0.6473585316752624,-0.07769686858438735,1.1223817642401042,-1.089525859580397,0.5684849757417297,0.10254123389699547,1.0357707910236615,-0.743734356815437,1.1591250239913837,-1.509949449372765,0.016157772719792608,0.9801934683703053,-1.1980327035055014,0.6854378924276935,0.04637467497846857,1.1661710628430964,-0.9985995065675507,0.8247908655193125,-0.018938041867782057,1.1676273523619667,-1.4924215529323603,0.10403350160297285,1.0507657921989182,-0.8349160414598766,1.0745265888625823,-0.9678759584976159,1.0114849033932016,-0.6409623789747705,1.237545895187457,-1.4379598762368875,0.07098259347428278,0.9160713976676667,-0.8455616039419427,1.1413677867662537,-1.2230739534089419,0.39099419071211894,0.3755713446096964,0.579518020186521,0.20444854918741884,0.8257450272073182,-0.3039473947783974,1.2225003066856466,-1.7859524523152872,-0.7756489984263522,1.0566065738999784,-1.2581263891442471,0.5611959915764303,0.28556233165489925,0.5658971764248613,-0.11538623225881685,1.0865692911700155,-1.332366221073898,0.5076698664869584,0.4492644430586633,0.601349052689662,-0.0630484726841885,1.2996240206313978,-1.3130221289542559,0.3052572234168643,0.686764085680367,-0.00782424068530092,1.2649608189602257,-1.3682324289565548,0.3014963473516885,0.5601310583874373,0.06209924915741732,0.9593453976024445,-1.08636011109802,0.7669375100642157,-0.3039446456836781,1.253756756929129,-1.8200314708040695,-1.099289915258302,0.9330723402316435,-0.7240180246666701,1.2010144997130379,-1.4770276996478329,-0.29488354551895063,1.2794599401194726,-1.6146700850311129,-1.0334510688163834,1.0276625944531206,-0.8083458055282791,1.1790019294537897,-1.60738925166831,-0.027276846370252624,1.153557264536127,-1.371564355767784,0.39421360673106143,0.6818035384006834,-0.07442554723724398,1.2461133856322288,-1.5860208986584374,-0.02513489884086012,1.0893552933245971,-1.0915250940519114,0.8078045858388773,-0.07411537951324788,1.1370294549275204,-1.4462018133347105,0.2677367902910572,0.8089777165866148,-0.39581190647034475,1.283097797944181,-1.808037336795898,-1.0220159340240516,0.8723235527570914,-0.6182589637968359,1.009642013751469,-1.6576054085553151,-0.3892584384628851,1.3661243963295546,-1.8434846705289445,-0.9115438008572131,1.0496152827419873,-1.0745903713258995,0.832551868953699,-0.4543283897255267,1.2571323333708233,-1.8686945908998776,-1.0244366480828477,0.881236545456096,-0.7514657489534488,1.1782606540868812,-1.4747443839067949,0.3220942856656917,0.8505778286130992,-0.21570403978293423
periodic_040,non_chaotic,3.45,-0.001407935411564442,-0.9995886429706606,0.8891485855744627,-0.9480511813194822,1.0537184805526667,-1.0083171511193172,0.9216143357739085,-0.9446197222781066,0.9706786469109658,-0.8440663390207089,1.163200598854903,-0.9056853910961914,1.0059842182859187,-0.8054902659435108,1.015294857561211,-1.0486017516408963,0.9183057985888927,-1.0496052709525159,0.9914587261689665,-0.957676907643748,0.8468637906545841,-1.0249822954170884,1.0126409749745835,-0.9402918096931844,0.9809633843460973,-0.9579911423533407,0.8725416773433707,-1.0904982294960728,0.9775711511910952,-0.9322608040378719,1.0144592618991441,-1.0844644623102604,0.9605895788604841,-0.8355487691045251,1.044690908971253,-1.0182537365449378,0.884372558017166,-1.0503272912430148,0.9928022423737028,-0.9759671978169259,1.0379893151046258,-0.9439541167873345,0.9564414689073328,-1.0519954524815551,1.1809888879267216,-1.0350862457846188,0.8675003499275873,-1.1609020538592913,0.9492527612848165,-0.8905697922142416,0.9366192159637156,-0.8601018329291547,0.9826276410473384,-0.8741518293598238,0.9190893322864278,-1.074443427979911,0.9921007181635477,-0.9346364938569421,0.9749828864148746,-0.9745993275080904,1.0401046882896414,-1.118313417633976,0.9593639772719402,-1.0529544944908276,0.9378854193695813,-0.9418477147366765,0.943564416775671,-1.1964991337644155,0.96041808791961,-1.08384001556423,1.040233142113699,-0.9251888618999089,0.7732709775498672,-1.0557784767037717,1.0264507304889767,-1.1390330299373732,1.058771482988633,-0.8796825718662119,0.9767134643535245,-1.0777789925315227,0.7601267584532891,-0.9023499323868357,1.1857016929105242,-0.8297560449509801,0.964349315190783,-1.086377503599168,1.0732585265289711,-1.0154054523238083,1.0293118333921345,-0.9516126179787826,1.001391014161746,-0.9039097795779195,1.0860133481890972,-1.0312533285043612,0.9033130128895824,-1.2445190685475396,0.949693115246849,-1.0862949533769442,1.032920886797135,-1.035722759271069,0.9611355287471776,-0.9023066679915429,1.0308219677946644,-1.0146101258714804,1.1458815470933004,-0.9093842642181863,0.9523420746638549,-1.039233174932211,1.0591625482664195,-0.961014261077711,0.884271011447511,-0.9170622273249243,1.1044058688988636,-0.8664951830227798,1.1414682156993166,-0.8037230934639223,1.1500231669375138,-0.9476109772821882,0.972426661800552,-1.1801664326060821,0.9840390974286536,-0.9303314505670499,0.9967729221979279,-1.1858732586985266,0.9552985045087492,-0.9180988131731977,0.8935446433678491,-0.9876333256677299,1.02461864174827,-0.8724202586140622,1.1579451698821914,-1.0401531530564276,1.0006682850041126,-0.9595376387857698,1.0553191574585068,-0.9518435869354911,1.1204794797254267,-1.2053176333864337,1.0330037897010604,-0.9567180051773081,0.9601772182988945,-1.1987716321363835,0.9867786832844034,-1.0724201765868773,1.1448580317869448,-0.9439195029697475,0.9158900306140151,-1.2020352930608815,1.0398639815538664,-0.9128931446169051,0.9718758929118054
chaotic_098,chaotic,3.95,0.5793501682996696,-0.02225438596582753,1.227342351753576,-1.4005188076602364,-0.25468485688179326,1.3193433068080087,-1.6439383443796014,-1.2267908509617211,0.1606310720837297,1.0947178941572326,-0.9235967283539419,0.6667390956523944,0.29778359199961346,0.9056859545837773,-0.3931804861716123,1.2887503904588542,-1.624025273318719,-1.025072480228001,0.6927076998889417,0.36631634530427976,1.0247315921246811,-0.40360829472643267,1.3358537855188979,-1.7668964546299972,-1.0177833872958306,0.39420262302260745,0.5656472520434361,0.3672369420637084,0.8233812012733525,-0.2809745585421554,1.2763122006596739,-1.6524106352129095,-1.3217885508704288,0.05504990857153238,1.1627069129242458,-1.2009347027942063,0.13380779685242522,1.0526137741998132,-1.1275252831118683,0.18109187229683343,1.0449990919134027,-0.7858194936799965,1.0588492923827573,-0.5785302042188287,1.0237228821767947,-0.7101488865681804,1.0698149935337995,-0.9971726938055961,0.8834889996882066,-0.018617593055451125,1.1831629921015874,-1.5490059249167807,-0.5517102608794374,1.2585393568617904,-1.3693793448927059,0.04512997533541847,1.2377371615685258,-1.51829753120349,-0.5071824833424937,1.359270856115583,-1.5607488535859637,-0.5631491205951519,1.284981040426061,-1.3724621002807273,-0.319894537162568,1.3696393685430737,-1.635738429335931,-1.2458948116468453,0.006385985853654024,1.1673351010445954,-1.2699592076817718,-0.09156662864449457,1.3177126464988853,-1.3090214114507288,-0.37390103640581546,1.31757048984421,-1.5746127048472263,-0.9667087628133387,0.5443377418930068,0.5940417516806812,0.15176646511192973,1.1155823734822308,-0.9306306100579393,0.9113184727771175,0.04919165022472123,1.2066088778077875,-1.5258994919203068,-0.6978205352504471,1.1034344898359447,-1.0217732985380819,0.6717331442351417,0.3282250780833974,0.6354196594758617,-0.17428958756313773,1.2006010493912591,-1.5859866705705574,-0.7271473676229447,0.9498927991810632,-0.7694831018961943,1.013239588192325,-0.935521696853259,0.8154196052357986,-0.2370583692107178,1.3483240250393551,-1.7501161046012925,-1.2405088804022266,0.13130452169805942,1.1413503622774328,-0.9286861783003905,0.8323869874504147,-0.04751521050984369,1.207376257803882,-1.3748078067309897,-0.21556304278707897,1.2865522899426616,-1.5248259429377677,-1.0964830025429653,0.5369908930441095,0.43521896582623143,0.47584375652298805,0.4203543401870565,0.6302394833789767,0.25275318029281846,0.9426358740230375,-0.6076098924449792,1.1927215079425093,-1.3869053408561973,-0.4488408113430249,1.2711916865954245,-1.6289187791714441,-1.1321216466189488,0.48718978474408214,0.5714308760833512,0.3133694609438859,1.0093694811103133,-0.5853397882339239,1.242711333428596,-1.2166894305277522,0.17824351002236838,1.1206512108753421,-0.6164428177336676,0.9802177999154179,-0.7165864178054897,1.1206647611943783,-0.8066965528963765,0.9778176029584215,-0.4001764669725973,1.2249766402160476,-1.4964603137151724,-0.674640720137411,1.0133588406165461
periodic_072,non_chaotic,3.5,-0.8725073457385807,1.052984470858133,-1.2730555494269928,0.826512073586118,-0.6782785442579153,1.0192374737679661,-1.1649047389031006,0.9642975378660152,-0.795331392355212,1.1529681404512158,-1.3003209602324826,0.8640555981158708,-0.5552400569052743,1.0245746371195121,-1.1775223877156675,0.902864733053716,-0.719780670312303,1.1242494238359746,-1.2424261356981305,0.7482491775040933,-0.759279293120492,0.9890457760600831,-1.2926762089781871,0.9878455711125275,-0.6456009733524886,0.9519742345734334,-1.292365051494583,0.8814737792097069,-0.6299946266496769,1.026801506901805,-1.3846345016322177,0.8537213038423209,-0.6467493003885817,1.1115625407742855,-1.3508727963220912,1.0270463292117886,-0.7106679838498219,1.1076254419536227,-1.3295574753482837,0.9650164026324988,-0.6464796674143388,1.1192017269222034,-1.3764248853162329,0.9638221697032131,-0.6287681665548246,1.186223745967927,-1.2626573136425043,0.8519489428444645,-0.7186383607670452,1.307205884220851,-1.3181182475252564,0.7455797116870945,-0.7369343749482563,1.0380606976725792,-1.145622883989386,0.7293333718598268,-0.7549309542897062,1.107320407465955,-1.1448145254766842,0.9273668755982272,-0.5462562085288815,1.1221810922162998,-1.285689532238961,0.9409981311453942,-0.8320598368491491,0.9254345640703411,-1.1727643041520843,0.879266921673253,-0.6089467877053291,1.007506090026696,-1.1432361960043829,0.9232730807358271,-0.7041889594749653,1.108930684840368,-1.232997287457678,0.7771169840001322,-0.7380597562593243,1.1207769907269571,-1.3068904196383608,0.7184774566104366,-0.6729870056820043,1.169101510667813,-1.163933151453379,0.9100606382120708,-0.622891234989318,1.1835989956682524,-1.2585775850770626,0.6563147816266707,-0.5902091613974852,1.0035872102816872,-1.3744362528865302,0.7535079813376112,-0.4634144183677879,1.1312499618366048,-1.3658932374067863,0.7937048303682886,-0.7012798507693508,1.1409984891238658,-1.2394706073591446,0.770237981628679,-0.6708567396920928,1.0305895885164698,-1.1660023388505505,0.8645018991288483,-0.7738854419282195,1.1550246514544615,-1.2295214226353903,0.8136649769212851,-0.631334208208159,1.1492977206945167,-1.15117635418373,0.9270803449505323,-0.7216870696949573,0.9272870258388447,-1.2483376229930643,0.8918274995373663,-0.6963104648031235,0.8009183934380028,-1.2012313293455525,0.771822554525402,-0.6355807364930525,1.2518562028999205,-1.2903963107138268,0.9010806107434998,-0.6980733406231269,1.1393886476744848,-1.2563007402365096,0.8096342367316228,-0.7878214246665882,1.2413072709365605,-1.2242279572606802,0.9386014280040622,-0.6630166208370429,1.1824752825259535,-1.3519533300305402,0.8670750159071212,-0.652830979797941,1.2128055524271815,-1.010364365332732,0.8981169475536398,-0.764483642242433,0.9746520580204625,-1.3528001092446114,0.7850237512631348,-0.9788696682233261,1.0244195080267084,-1.1976029365070016,0.8663302380026897,-0.7259631219739111,0.9338504686185123,-1.1656678404276533
chaotic_096,chaotic,3.7,0.36284456946154103,0.3042877890347873,0.13725283219922602,0.6922238569817218,-0.41085142807322234,1.3208845773991038,-1.6734730025313758,0.7270126174728363,-0.46549795729561727,1.1795195749947294,-1.5035634378249214,0.5920218003826057,-0.28921229787082064,1.1761316139023983,-1.2719647861549699,0.9323988685155363,-1.567061646800627,0.7422437284506935,-1.0547426369474857,1.1995837520581385,-1.9505006704701384,0.3359743253627878,0.49861689340489557,0.11932409585395197,0.584060438690301,-0.3342246249852537,1.2636169978043994,-1.587982546912889,0.7489354479181553,-0.6292078678831059,1.2770626242319023,-1.5927936375601865,0.5483688277375242,-0.14924534097777017,0.8420651869764225,-0.9120573591840447,1.2011419077453505,-1.885799615146681,0.24232283266738644,0.5459701312191557,0.07696015850826647,0.6156309569869446,-0.5327903916104475,1.1113517999420544,-1.7486673084626017,0.737330346573343,-0.004002492558732086,1.0378241571971305,-1.123731408085829,1.0208622448910782,-1.6676165261204683,0.5490764691823649,-0.16274955256892218,0.9104255493987395,-1.395977647661671,0.8432222801298827,-1.0536761301852071,1.253043950300897,-1.7058343301889138,0.45009914642901705,0.10251224359136527,0.6501676820797966,-0.4965927817986236,1.2773266416182565,-1.7476811464849997,0.44249189530908967,-0.07036846707066753,0.9001806374682918,-0.8389227221343362,1.1466736098437742,-1.8948846833883548,0.1651950264484205,0.3234100599300671,0.14596257216038092,0.6247867805385388,-0.5779275639151404,1.137269779855421,-1.8550525921446266,0.3353117879438608,0.1663256767243934,0.6335467672058308,-0.2206805732600402,1.002953777273427,-1.2198225137348733,0.7528983495923639,-1.227090025666238,1.3479177019470423,-1.7299332450528953,0.532211283848968,-0.014853469898972287,0.8720549136412657,-0.7414543316382417,1.1470340474596354,-1.881762928410295,0.256900968701023,0.6205701766986553,0.14430043921294655,0.8123079618731703,-0.7974353013193178,1.3995096461971317,-2.026602745174411,0.2811823613514566,0.372358585492054,0.09963197248338342,0.6353453983612739,-0.16107065321497535,1.0004269775344292,-1.1959319850747532,1.1435037057122683,-1.789107383882977,0.5683772469353303,-0.24953400465730605,1.1764340594377567,-1.2752385510181676,0.8770354558842747,-1.3464387697689728,0.9217960108969614,-0.9387188013314524,1.1851419356105104,-2.0115549132680286,0.4488405790081069,0.37862887752115226,0.016894752730804385,0.5305946954021674,0.06001566735022369,0.8316043617471817,-0.8548079666894672,1.1445494222143346,-2.0478310266442645,0.3398121185746027,0.47620097413738893,-0.18436151974387277,0.8159660382430878,-0.6626859851258005,1.185994060459215,-2.024758893585735,0.15045750642628797,0.495257750170761,0.17531494111372556,0.5923950002667808,-0.12854845877022644,0.951137708791875,-1.0783818360778994,1.1768495124174525,-1.7147206034157292,0.5559182257841179,-0.01977300886941064,0.6037381946456971,-0.2361933229081867,1.2429118225143367,-1.257036707724736
periodic_069,non_chaotic,3.45,-0.002724614159514889,-1.0341701229881304,0.7996330585920648,-0.8156838910093266,0.9663137838472773,-1.0508015860100912,1.0595505915495183,-0.9342562557775473,1.09725530056437,-0.9785795904119843,0.9855140718951445,-0.9236037268860022,0.891827879007803,-1.051018988928389,1.0706092449695002,-1.0405870957332168,0.9310910598362931,-1.121364001569551,0.9808426133145902,-0.818621830386131,1.0529074870976705,-1.2464329638640832,1.0287564026607565,-0.9969590606078969,1.0491800805637588,-1.050471219066797,0.8831343366609364,-0.9613919497840405,0.9572900748461042,-1.006134006489354,0.8807567549240878,-1.0633096922061525,1.0705299315880537,-0.9285942517994706,1.0224037631162728,-1.0175566209689342,0.9283080874410043,-1.101380728986569,1.052454208949075,-1.0347805272742914,1.0850564990288816,-0.9738068895079609,1.0860747358435587,-0.8526578961129117,1.0520225569904043,-1.1769456688118836,1.0255560361823346,-0.9443572017115947,0.9635154024924827,-0.9034315023909735,0.9521096485273207,-1.0068183038428378,1.108025149789666,-1.0739157803388677,0.910844767830709,-1.0647157845566357,0.9202284445865674,-1.105551620330065,1.0268417346903573,-1.0544596901321186,0.8199696285103426,-1.005204597797209,0.905735289139204,-0.9578068476558353,1.1231230944988602,-1.0274223899642856,1.1127859751703006,-0.962988175065712,1.0964638357818235,-1.087039172239973,0.9774888221499026,-1.046661501584485,0.9205567934905421,-1.0557275207449826,0.8388787206412164,-0.941352926365472,0.9698814374311674,-1.0112402915294498,0.8404273970178479,-0.8891432710897846,1.1629756934914282,-0.8902140577143841,1.1511292018944839,-0.9529611564372045,0.9649813540031953,-0.9865331882215234,0.9443543285674524,-1.1252648631527573,1.0780560400084414,-1.056112144026855,0.8257347649635898,-1.0064410620740036,0.9784547566155815,-1.0322046602204007,0.9697832172964234,-0.8253200307176191,0.8744205868882186,-1.0479090100863593,0.8826701847698348,-0.8363608898111995,0.9445746900813728,-1.0662915228785415,1.0689564258614015,-0.8298775375358457,1.1409301415441149,-1.1916238702162887,1.014287020718064,-0.931851293868062,0.9937407189134084,-1.0264195011420638,1.0918660611791706,-0.8577846471758064,1.0852422946055578,-1.0127492153873041,1.187013331344115,-0.9968845560683591,0.8425566825745094,-1.0582233959317149,0.9733992809511662,-0.8324985622808829,0.94920468205158,-0.9850657425806766,0.825237927272024,-0.8540392195006574,1.0050944834590405,-1.0594758721494293,1.17375750629989,-0.8552755423609749,0.8980477420200297,-1.0428388767492847,1.232194039508729,-0.7676355636034294,1.0875278385020886,-1.2105156502276668,1.0966606054210957,-1.0201580564431572,1.1261612179530736,-1.1018423626295177,1.01528054249073,-1.020767960437993,0.9632450445350059,-0.9718814619874394,0.8407784221907091,-0.7299834380666503,0.8990945721628667,-1.1364444858892693,1.0285373639554605,-0.8344252377239276,0.9669838912147424,-1.1352168424928628,0.8791592637847292
chaotic_097,chaotic,3.95,0.5740923506610344,-0.7744318042346594,0.8675622612297014,-0.16663650367824367,1.3584924053541136,-1.781634633590247,-1.2283004372777904,0.1211139678069559,1.1874272747762853,-1.274944516883508,-0.03323083475914828,1.2239748358226559,-1.2152456420077442,0.08270510874245122,1.0933625698015166,-0.9912795831330559,0.5875475321900947,0.3579523637337106,0.733409162539304,-0.09752285138468973,1.3032766937414,-1.7493075562271487,-1.344496692364087,0.3062731878368537,1.0419264750844017,-0.6373139744958912,1.1712492409978523,-0.9512750751506843,0.6260637698344221,0.36255464823504757,0.7865349046011445,-0.07058518525196206,1.3675015241297284,-1.5925877071320556,-0.7772670246801698,0.8641124994501967,-0.1447862181660658,1.4536737001867588,-1.5617023085054482,-1.0404210975947346,0.2757425849542788,1.0317478219798482,-0.31509483892759443,1.2902405284737983,-1.8272073389785546,-1.2005943602941562,0.08934737057908024,1.1234930854027754,-1.0188437964572625,0.8392036645704761,0.16328665072566526,1.2739544862949186,-1.1123162965536626,0.6366578990955025,0.4193504498101998,0.5527695644716527,0.49027866611543475,0.5188409124645196,0.48161345863023713,0.5196530083515488,0.37195323417270965,0.6627640322793567,0.21293696293268383,1.1217072160475197,-0.7610909922419666,1.04425710376229,-0.6332971540927705,1.1819763088187816,-1.2888718783514244,-0.10364502358870109,1.2325575525877885,-1.563683160882371,-1.0311152515168271,0.581136508630647,0.3724565560028938,0.8707441618366987,-0.28528824198267977,1.272755604577462,-1.7713398444614772,-1.2966747987160232,0.10796771991516421,1.2187007652298398,-1.2487180291095348,-0.02877474877592738,1.2231578665030394,-1.633789642751754,-0.7455258267872227,1.0369284999270485,-0.9350572828239008,0.8799877309472897,-0.04521750894395836,1.4235007397309503,-1.6490548761573933,-0.8158675043912502,0.8692005608407389,0.006424315527180975,1.2446588501989975,-1.2712357759554376,-0.17322411391668052,1.2906725552573197,-1.7081672218823312,-1.3001821807003178,0.32998199941985124,0.8476463959677946,-0.3846888173843264,1.331088951856207,-1.7785929839206616,-1.1585418710166897,0.21654123219020927,1.04355441438374,-0.855842346630462,0.7940061098919394,-0.20364881043695968,1.3205024708688449,-1.685909218468934,-1.2390920599140458,-0.003831856421472013,1.1055659054481168,-1.2488356388274833,-0.017791271722824416,1.2281348501818605,-1.5019073385425374,-0.6058760469448374,1.152495122271352,-0.921441640204214,0.7243495423622546,-0.1994263931755422,1.2642361175877896,-1.516236212043515,-0.9983058338837791,0.6732483987617846,0.11795322448282872,1.064531167840418,-0.9495196444194471,0.6341293548502732,0.2157723532728472,1.100710828706964,-0.8277789564423979,0.5742273338411207,0.4023908673508252,1.0175306397807466,-0.44284881178849117,1.251173943438401,-1.6399765027901902,-0.913628215674853,0.8652024705975558,-0.23628739451368627,1.205313007278535,-1.5541449325834313,-1.2828708241032287,0.054245131239367333
chaotic_031,chaotic,3.9,0.5076563872726148,1.0332787439382405,-0.7297066757833052,0.984354928938659,-0.5781210887850703,1.119998564849988,-1.2907527117746818,0.4038256381609659,0.7905921721707793,0.06297617291486891,1.1939069746938455,-1.2385255744697377,0.23718878953553374,0.9202395625566729,-0.3136400641111847,1.245322803020111,-1.5575869607245663,-0.8693965563942342,0.9339864815462102,-0.4891037634379325,1.235047326028125,-1.2785139702211894,0.22313705153807287,1.004188971388457,-0.8437903946901353,1.0672990386419354,-1.089499052177941,0.5266357313905791,0.46477178512896716,0.7133980491495955,0.2436954065228552,0.847784001370881,-0.4173753999963543,1.2390638420995168,-1.561532391965579,-0.586069416500297,1.34751332627632,-1.4771761456295074,0.006490451144342234,1.1598121428993438,-1.2475835513531868,0.39282321378512713,0.8777337486905097,-0.1838940949018867,1.2521064271256424,-1.5926996291916147,-0.6755026932658946,1.1159799419089775,-1.0773225468464722,0.6061617313871694,0.41935004029828493,0.6868792142551131,-0.11010117899884253,1.0931764618191668,-1.3094564449880282,-0.047236104290484096,1.256545742867576,-1.5098492602709706,-0.06777171768649871,1.2311153324941544,-1.5795820169463133,-0.6284419741568161,1.0405294771454183,-1.0515721826329187,0.6879903511189942,0.37077769880199646,1.040537402131119,-0.6355671761133573,1.1301697521973726,-0.8098281512025556,0.8777345086246292,-0.4414762522366201,1.1301579990238726,-1.3327793814257083,-0.23826381918343034,1.1068433330700966,-1.6558538079375413,-0.7728975592199541,0.9500670227742576,-0.5297423825062786,1.1349315824643682,-1.3908131799254153,0.0855245358856621,1.1138002412586336,-1.0565802673366373,0.7265969435155352,0.19383652837090437,0.9579947284753332,-0.4890062029086384,1.1352671924643616,-1.5592939492255948,-0.3387090055358251,1.414683739526803,-1.593856145629903,-0.9286083173724837,0.7620733222177732,-0.5378236680897552,1.1788136430245364,-1.2062698642319025,0.08266580798561395,1.085956273833617,-0.8182183266322901,0.8609817079997927,-0.3903105301600522,1.2816182475052844,-1.5853306032887653,-0.7805315000715138,1.0740970108465282,-0.7387568458021544,0.9963521940416293,-0.813753254978367,0.748409645999692,-0.12815257202640498,1.2320464990407287,-1.4585032661228132,-0.3416048366409362,1.2835841867889508,-1.6418446501490633,-0.82363208575918,0.7855132450644523,-0.38335134526714165,1.2217834469153417,-1.4069904509418902,-0.3603247211971907,1.2531724401639146,-1.683021052187146,-0.7346688862871437,0.906939544859987,-0.468441307069554,1.1829673890449435,-1.4566028408143585,-0.23381616943579994,1.3637287929007635,-1.741209197393202,-0.8486999644361767,0.9003119358403473,-0.8436270211100412,0.9646749402390878,-0.8441049112870901,1.0070900539039669,-0.9871142449127539,0.8516047870199456,-0.36250070785456945,1.2864806691218575,-1.534476082256121,-0.6209860797067375,1.1039440930346096,-1.4310099905842828,-0.037122627752833266,1.2636273683470203,-1.294381328727477
chaotic_012,chaotic,3.9,0.49978571217602663,0.7447743666330968,-0.3076081555907152,1.366936093093181,-1.6055227889369792,-0.8735575497692591,1.0306182093924696,-0.5879662469557227,1.2573584314560549,-1.2391700670782921,0.38010342467533786,0.7697035740882351,0.07346720198170306,1.0511662178034034,-1.0628362584031117,0.6077453575443874,0.4078840705768862,0.7233706725579127,0.07819949157585003,1.2018976347924555,-1.0740654475795879,0.6635080555395454,0.10979974026673707,1.1489303857372926,-1.0724489922792413,0.6817277294263199,-0.18901187538051567,1.217026065188065,-1.4700417855834165,-0.12163257829784575,1.282447557632344,-1.5209012961207247,-0.2985341014209262,1.268351991114329,-1.6163167023926115,-0.822439717332704,0.8900169355415202,-0.5127285787210027,1.313241249129984,-1.4700192217760928,-0.4586854172344576,1.3281889096000459,-1.7185774091133443,-0.7107863717907544,1.0647763748495753,-0.6583657544705448,1.1366358941417996,-1.104656573865133,0.6144428255363236,0.377119913518916,0.7244455096806246,0.1540114067864761,1.0650994133409557,-1.0550082992839491,0.6227661984164307,0.037762158269377726,0.9673025621864773,-0.9228448346205707,0.8912879041762033,0.042237323287933545,1.1063624513857966,-1.3484616674482008,-0.00561023738895569,1.2099179266975584,-1.4798892458134145,-0.4728407246818158,1.3050744548912654,-1.7281252336280992,-0.8264680475112728,0.849972598674054,-0.5180622452072917,1.2843279904120966,-1.450369385795614,-0.179202142455724,1.096906346711411,-1.5079171327865655,-0.3864518232590557,1.1823449449587402,-1.6233397008838217,-0.8603280722191066,0.8945091320342445,-0.6269077163203363,1.2654867201117361,-1.280276457669706,0.07768108652646057,1.1526899765326875,-1.11911241213258,0.6586229771635459,0.22522452320528039,0.943191519915977,-0.5843958923145063,1.1247832541747063,-1.2292469452405557,0.25504316218877543,0.7758178959357717,-0.5240902897326164,0.9796142629998419,-1.328457614294762,0.23322179302693727,1.011894671857608,-0.8898463729374932,0.9388383352163475,-0.6578813815711337,0.9519071417309998,-0.8664969321828467,0.811219460670759,-0.24791410849679069,1.227879409088031,-1.6506951757914303,-0.5543092291293438,1.227095580404296,-1.3816913574065142,0.18432758262957236,0.9215734761540759,-0.5410411226374336,1.076135330690108,-1.1199861063008187,0.29436365537899883,0.7909188853077584,-0.35712122248023764,1.234717677713941,-1.747038238334698,-0.8485009943050552,0.8533591370008081,-0.6455656332862079,1.2187321590417355,-1.6206902549486297,-0.4248775089715077,1.2218214857866414,-1.6989494227752129,-0.6547590511564494,1.0188902198850032,-0.7192560537459803,0.9527283001497261,-0.9574482218879498,0.8708714338744321,-0.3467444060376969,1.3486438724127665,-1.7395406133173106,-0.8656250256869554,0.9071300731062512,-0.5194122113576639,1.1860025217307821,-1.4633379758009848,-0.24180854029970414,1.2321950130066166,-1.6030434845717156,-0.7575804365458876,1.0262305157091183,-0.8172869885801123,1.0691072756937265
chaotic_035,chaotic,3.7,0.3635665794687169,-0.8834191430087894,1.4520484082016354,-1.9840340157925662,0.2011696372771886,0.39956416245007426,0.14649179452118177,0.7680745900658965,-0.6466202158017239,1.0918920757230282,-1.831490701991892,0.6233844010635162,-0.4304599762968567,1.240360066936857,-1.5925463941838156,1.0373909632174958,-1.2439046816696855,1.315458843469987,-2.0837571573360587,0.056122786879751994,0.31851810881126597,0.0026842596561449943,0.5792865477171916,-0.11713512008619413,1.227609477993578,-1.4407911997611158,1.2197428972318125,-1.7200288297688036,0.8173028117505321,-0.6974969085746145,1.308381049930395,-1.9415736017846232,0.3971072347793361,0.16620285890744335,0.3686170095172976,0.36405993398993597,0.3286286701749008,0.3715045609517147,0.3447129008243457,0.2231571564050554,0.4208635398474786,-0.16005326688010793,0.6243921834283469,-0.4773870525224368,0.9901694940428756,-1.4807298302234104,0.9940306729959388,-1.1570476145356852,1.201723901028431,-2.0373900741020314,0.4678227776319598,0.04560706850546734,0.5158840104890575,-0.07049328347479884,0.6900828896181334,-1.0321076854837101,1.2467861191261662,-2.178478581774961,0.14873191213840964,0.42433348136244475,0.24827461771923018,0.603507193314738,-0.3871549618312683,1.3295663895929433,-1.7086832390806563,1.1096467030779338,-1.0977009909018125,1.463093237286547,-2.040557296573682,0.3121866143910751,0.2732286372379953,0.2149726237682389,0.28795681196101325,0.37391723090364454,0.2785567351767319,0.24734136126445846,0.2534016078393894,0.3846179020947197,0.4065602695098343,0.2129556200519245,0.20599453260196693,0.32699912350845867,0.42720620108224805,0.4207705009215815,0.1133735363404903,0.31281206624317665,0.07786257007034103,0.42294896638219875,0.13665232269046107,0.5917005791877149,-0.8212617487071369,1.1625683774855133,-2.002530347112057,0.48647464658457035,0.07095714536344218,0.790068837207487,-0.6684716262803656,1.2896606942388709,-1.8133665921178344,0.85029537664388,-0.8703575368147739,1.2753552188449908,-2.087453349627862,0.41228874725228276,0.09492765741370164,0.31641580779107475,0.10972730185327724,0.4275663930944506,0.1939668600656891,0.6790947833367749,-0.2751500603384934,1.0491619496142228,-1.040796271349856,1.0788771988874188,-1.9728461550238856,0.5150149701269745,0.011017738726639262,0.5236573748361169,-0.3474187134987286,1.0155374064158242,-1.7266513369153824,0.8547773198983976,-0.8666917644319139,1.2339018101733878,-2.2602365814430994,0.16824691713011522,0.5823354047305722,0.15630393454820804,0.6460175665338569,-0.7707172760150559,1.1767237837317985,-2.053637778067113,0.11098553725985294,0.3269525394394517,0.009405784338235978,0.5967197712379497,-0.3125729219053783,1.1174689560299575,-1.4968876095617771,0.924978389542474,-1.4115595340236669,1.0654046757045368,-1.3861776139019455,0.980694507508815,-1.6289326235630956,1.0877996143230573,-1.4300518036472918,1.0207837524788106,-1.342646986713854,1.0940528939102092,-1.6547348026823214
periodic_019,non_chaotic,3.2,-0.9162907318679084,0.8557841436547317,-0.8090817044514333,0.918755160642425,-0.7511716934873992,0.775652716156751,-1.1635195822762445,1.0763043240827583,-1.0606765191404777,1.0132623746111145,-1.0289403771592927,0.9509297492332242,-1.055531527440207,0.9955514076415991,-0.9244838202508552,1.1943559599999405,-1.0414380744042546,0.9161459464986106,-1.0857659339738461,1.1743168111116502,-0.9177384544262803,0.7075785199688315,-1.2825934751720431,0.85568148263069,-0.9814947681691968,0.966046031841568,-0.9420598094782181,0.9463761087566722,-0.8197729790152825,1.0776566386715147,-1.0026326668097914,1.1293661285400243,-1.2418310498333127,0.9588963919492333,-0.9943287775222021,1.0540933368729624,-1.2510111190418585,0.9346047068057084,-0.9578981495803587,1.0367924128836306,-0.8490463488216191,1.0761872066591376,-1.0218106597807632,1.0641985471330762,-1.041278898207082,0.9910182438825036,-0.9032634550963846,0.9644069345693209,-0.9632281932788784,1.1038693000813287,-0.9147126010037369,1.1415765793196218,-0.6907819729946357,1.068071483090335,-1.077291174286814,1.0415945668393043,-0.9484274314782186,1.0556830477554435,-0.8062511773573041,0.7373552279646723,-0.8036434880883386,1.227052233430121,-0.9346763668808937,1.0527215286472515,-1.046859718915338,0.9715593744278977,-0.9166817229533141,1.0584597577051444,-0.9135287381387451,1.0575060274610881,-0.8889117385836179,1.0796707314201128,-1.1553007029851614,1.0859911420158093,-0.7558797268918686,0.9669941601044051,-0.8056327466488764,0.843595031771078,-1.0175041552488648,0.8818529038542414,-0.8222941839933259,1.1979657098678025,-1.0271239329491892,1.1329298377950074,-0.7846918830745322,0.9661224100034994,-0.9954039955905892,1.0723231462247946,-1.1301114449310115,0.9859368580378073,-0.7165047059686127,0.9014080173062041,-0.8950858937998122,1.0432545492333734,-1.0360698597477607,1.0013927737161796,-0.7705610552490553,1.0473822275641176,-0.9150376643062266,1.1924772877860137,-1.0534774860831235,0.8256366712603035,-0.7683820676453954,0.9895978402292597,-0.8895752555873528,0.8650650651170907,-0.9595516331381053,0.818706863091808,-1.0045497043413154,0.8809156312597115,-1.134976697452608,0.9286865817415274,-1.331122195982667,0.8099826297065864,-0.9049797976469234,1.0188512145705302,-1.1622056291036693,1.0465892452269,-1.1350541086157837,1.0707088702407266,-1.029402048773831,0.9256384891735328,-1.0259972029615703,1.3252972563693866,-1.1185100400717372,1.002072147293881,-0.9051246407764819,0.8373441472486642,-1.2342596998345918,0.8874030831933152,-0.9081595752045869,0.9232997802614002,-1.0453995931452418,1.0968672754501427,-1.125096763127891,0.9583864574227146,-1.2231182235092781,1.015117752897084,-0.9815832121120122,1.0809020823789774,-1.172052025346747,0.9440978287245011,-1.1905084081971453,0.9365859542357529,-0.8080838960188464,0.9262439926045605,-1.202624236952141,0.8764882240037895,-1.2365725967713022,0.7911582375937158,-0.9204176622327563
chaotic_042,chaotic,3.95,0.5746761343391147,0.020257778246478734,1.1837846982694118,-1.1701555233555612,-0.11047162120794012,1.2056696914317968,-1.395208855795455,-0.6355075572170078,1.2031063740025691,-0.8383222237303082,0.9064875803479209,-0.3344537068266502,1.3146985618133005,-1.7622734106779783,-1.1403628980449232,0.20914920918701804,1.081979671527736,-0.8898883038198274,0.7586623178989963,-0.020179812559388978,1.199842843930321,-1.4974617828812815,-0.6474416160604456,1.0356101885202014,-0.5117099371942373,1.2348687067730653,-1.4837244260877704,-0.7210349242340196,0.9323832632748557,-0.6333969596958025,1.0866302781182862,-0.7491955427669194,0.7908218892331603,0.029913700924980746,1.1837958392266958,-1.5577139793887174,-0.6143835588055677,1.1535241674931427,-0.9232031430739107,0.8210201940270822,-0.16468262158822228,1.2669938748944218,-1.49346135744082,-0.8604209003492542,0.848988199355275,-0.27033506545179725,1.2669235358010782,-1.5476258329319619,-1.2118717427014323,0.04644040000502827,1.1411092582710973,-1.2218759555427636,0.2687026485140889,0.9933348821231567,-0.32607325369114476,1.4212277573128755,-1.639617492636124,-1.1291143880735097,0.35985153412773296,0.7569573368701366,-0.359354470372544,1.2832038321426222,-1.481931041366479,-0.8695835092175512,0.6351960635974656,0.2815079546851934,1.0538206893888018,-0.872778754650603,0.9028071007848699,-0.2824218984160329,1.4057550486455843,-1.638304515157678,-1.206398408109032,0.15986153355557686,1.236469962304762,-1.0923486497559376,0.3751722393117581,1.010547213584653,-0.49635582238974285,1.2962930130657373,-1.3276891560697561,-0.15961963667276383,1.412062117436121,-1.5367299078251861,-1.1481862180207154,0.24364131058661342,1.0811231697937695,-0.5059738344186205,1.2009999815333237,-1.2109049620660441,0.193722287781602,1.100790358923755,-0.962052511098358,0.7337933435740018,0.17557703649736442,1.092312357337137,-0.9093727109767589,0.7248631540616075,0.4092470391008593,0.8683842416277899,-0.20928615646402662,1.3140422238493483,-1.741551639780865,-1.1886155524755981,0.08285913228553639,1.3551232689793864,-1.1325988941988618,0.13423128377512475,1.1942375118929587,-1.171119809376906,0.13041359584346882,0.9696665444975836,-0.9016197152166886,0.8414762913373618,-0.27710400160375626,1.2647060255676241,-1.6409586926310697,-1.1116115003198466,0.34041195917812955,0.8124807986716118,-0.00658189342835287,1.3338654092991509,-1.6328651726204075,-1.0065522421779054,0.5749834771584493,0.43898004325653495,0.6094178292319169,0.37868787049347225,0.9060793570792929,-0.46009578645008653,1.2768849035297725,-1.5433291032098366,-0.9719637335378551,0.8409900939419553,-0.0861245553025325,1.327232385543961,-1.4817101890606477,-1.010991325387607,0.4905988035014655,0.9860326609723599,-0.0004079887131185196,1.276495953031441,-1.4384838323191014,-0.7196366612690914,1.065459130151549,-0.8182236609809576,0.9690670857083915,-0.46465244835250574,1.2221184494798554,-1.4721315729074764,-0.6870389909008838
periodic_089,non_chaotic,3.5,-0.8725073457385806,-1.1580862546167068,0.6947300761141247,-0.5654160982372278,1.2119461801071525,-1.2036368838418023,0.889232958520604,-0.6597991352032541,1.2440744961139847,-1.4198793729160262,0.946881077853165,-0.7578880628973388,1.1867576490705987,-1.311301407918115,0.9449227991899404,-0.8348309664538109,0.9452473740484156,-1.2632992060104944,1.0148022532160181,-0.6348988178284156,1.158310150372581,-1.1699626188890127,0.839062486655737,-0.627757580608304,1.051975983821758,-1.2825707735853247,0.8589262283727562,-0.7386460172785783,1.1012330470436928,-1.2768687865520048,0.8092670464886297,-0.6998130838324191,1.122457601852189,-1.3579347567246525,0.9171676607789991,-0.7336737654730898,1.126575382206133,-1.3162592078171658,0.9778769288601848,-0.594636447612812,1.006929623845148,-1.2021082239870706,1.0158323801273985,-0.7772607755031616,1.0242335202367587,-1.1819631679806866,0.7517729176539566,-0.7608937047890938,1.0102596565575541,-1.1807716092729688,0.8107281242912915,-0.7136230348991299,1.035802106713056,-1.1423123834706546,0.7947167102849785,-0.8213198837367496,0.9688180995089364,-1.1859334646442143,0.95058051272502,-0.5665911793840303,0.9866383890758968,-1.274629878893798,1.1099142351352869,-0.7153217549406143,1.0535357553656208,-1.2544711913102768,0.9279560174609568,-0.6371094580989373,1.0486426222493095,-1.3085619816853502,0.8487021369119789,-0.7563454606598053,0.9891519854291384,-1.0790714143349172,0.838108441385869,-0.7199179745788072,1.0769665577836798,-1.2601773460363694,0.9188270755684671,-0.730941698740696,1.216832875679682,-1.1951250062430796,0.8588256179133521,-0.7502219683319954,1.2116132557678514,-1.2679963895350743,0.7579515728683777,-0.5884077714484219,1.0379115317963723,-1.1691659703281467,0.6360114837650023,-0.7216844132391859,1.2188098880080984,-1.2519642878819544,0.9344950016171137,-0.7728255341205188,1.1409127671808,-1.2520964842982198,0.9004690999310399,-0.49075958356066296,1.232679234674066,-1.17650313308223,0.9542970734364632,-0.7735184330900922,1.062375894544146,-1.399432926496526,0.7553781463986191,-0.7713489500991714,1.1047742951808455,-1.3699362692461272,0.8733765723938802,-0.701100827281883,0.9987933553641127,-1.1061505542840409,0.7501092959455508,-0.579176283585725,0.8913793402086423,-1.2660966829820481,0.7622792553600287,-0.7490922599359291,1.2811635625889808,-1.2857309797984122,0.7712053690480603,-0.6395642778203784,1.0734507858497508,-1.238002741562406,0.7894356555710209,-0.7693045842444322,1.0320277607939468,-1.1758855480883266,0.8553797743858034,-0.7868587253745748,1.1230860796405173,-1.2448341415420923,0.9321423037510996,-0.7325345647687543,1.1001281713446671,-1.212016798616714,0.7803347682192175,-0.6013392632710056,1.1091443462466992,-1.3580449016367775,0.770833894486533,-0.6958616484130616,1.0548000053031155,-1.1800885687742715,0.8496331607883595,-0.6572666336550902,1.0261835048516463,-1.2546616758250473,1.0032946638058042
chaotic_090,chaotic,3.99,0.6454188251104457,1.2328654263612508,-0.9242988727517906,0.31363102898897577,0.9709032969711268,-0.43067313984240885,1.2762968386339324,-1.259334854329623,-0.34446532169573213,1.2878281778327043,-1.464214261593691,-0.8650501794024107,0.7222022633326807,0.4381572430998819,0.794882414371243,0.34323163843708726,1.1391758499731022,-0.8686503675767718,0.7438597319646576,0.39906267424123976,0.890691309196911,-0.10487414057908313,1.2329430597459592,-1.5624894963302232,-1.424163041907752,-0.6272494928433816,1.0932907063006443,-0.3242048141540728,1.2370107377363613,-1.0632903136536271,0.060569036520758374,1.2946142940227814,-1.562334606500211,-0.8634758466693647,0.3724096811855805,1.009775618436107,-0.108369192546948,1.2965839603298481,-1.5752672476696246,-1.3774012487405773,-1.0753654785057898,-0.11027320092101307,1.3089803495597165,-1.5745365038804884,-1.4626177178837605,-0.9078841204961073,0.43682901590141016,0.8878396655759375,-0.29266174443715576,1.296465109796125,-1.4052929206038363,-0.8076813617574168,0.7873529776779995,0.4559447194594368,0.937268841618151,-0.3030753638042075,1.2901689233488893,-1.545740627395767,-0.9598389539639083,0.5614292550253057,0.8001264798075286,-0.07261049225411019,1.346900250377852,-1.5583679068543823,-1.4910285392970104,-0.9973195365494381,0.456981989860698,0.8345234043010719,0.247944826456884,1.0694981809090738,-0.5409917286376269,0.9274908640054343,-0.24744942978297635,1.3934443733166633,-1.4348961939516995,-1.2128337841648877,-0.03020672700364091,1.3456628673228899,-1.3713776865345841,-1.1461962846094682,0.06878532139122956,1.3099542177316021,-1.2855920664252236,-0.5019194953921937,1.0779717781775362,-0.7955622910274047,0.8326301264671304,0.2232247046920546,1.2370332094877847,-1.198294662982666,-0.22482649188062942,1.464869042462114,-1.5795012198487286,-1.4201827343472138,-1.0915313905411201,0.12244818061170047,1.1831073486342758,-1.405239755556685,-0.3246265367465923,1.263293661965993,-1.2118577773269334,-0.3167013163811012,1.2845227617509591,-1.4656334915982998,-1.153086779265624,-0.37658464723010077,1.3369503144761516,-1.3566457297251822,-0.6970468037676762,1.0481174568614544,-0.19681007195207934,1.4270923916204972,-1.5635816763682107,-1.476417363728403,-0.9783784659833428,0.21806293230215587,1.2023876300127017,-0.9577737686116906,0.32488273692117314,1.2327876540413396,-1.1066616552512953,0.6425481972134988,0.6220417046193867,0.6209675498909476,0.63217071037588,0.6653104624739842,0.5815062286727865,0.7359856578858094,0.4032978487786274,1.137419869373191,-0.6066341461371336,1.0394286405633915,-0.3144087108380252,1.3307107463885566,-1.2721202602495636,-0.30555917969925483,1.2923168486167225,-1.196873945263399,-0.44139048464757746,1.1286214037739193,-0.7525031230647439,0.45595710356739566,0.7151761236955997,0.4413710574398246,0.964139261782706,0.08039717299435983,1.2562083149246956,-1.4098449531576587,-0.819108000607327,0.7798308944143724,0.18258738862218143
periodic_036,non_chaotic,3.45,-0.0027072638140773504,0.9912640363764347,-1.0685836879456752,0.8953183700526579,-0.9783177980981776,1.1005499581617573,-1.154789814381664,1.0436385989855914,-0.9974514679937089,0.9961544727649445,-1.0235653900393098,0.9620441251021629,-0.9571793156357565,0.9735865336985108,-1.0642571868747943,1.1101938597477967,-0.9273706174481949,1.004120517475905,-1.0711250614788883,0.9442136955786914,-0.9915963159640462,1.089719202138043,-1.0814300294057688,0.7676027314353201,-0.9245526342918946,0.9892373207250199,-1.0651381833924969,1.0711926741793039,-1.1930730678515178,1.1675272880582794,-0.9073051436855447,0.9232870728370843,-0.9738454028551665,1.0644415352039918,-0.9574625549661591,0.9227997727592844,-1.086089638091118,1.2190583552470322,-0.9164704450928246,0.9988728638881009,-0.9139681037679871,1.075557065503847,-0.9369925737771723,0.7833344651557529,-0.9647535968255311,0.9720631115115129,-1.0235912766628321,1.0580198202145863,-1.1032465855429106,0.8860475541703632,-1.0734589971552146,0.9988361675734249,-0.851371383685666,1.1724592656217887,-1.0353167379509418,1.063888398769269,-0.8632497166091767,1.0676707994294463,-1.0099913098958073,0.9457289027141434,-1.0340610496558735,0.9067897902546079,-0.9741643369096892,0.9789616131229876,-0.9717455611522673,1.0793981593467568,-1.0266638654653135,0.8964828799001752,-0.9575694661396459,1.0943225360333517,-1.1056413855843275,1.0044279871315036,-0.9374250894531899,0.9422703809811349,-1.035336446084669,0.8333087569899559,-0.9216996609115278,0.8841737112173979,-0.9039403490511806,0.9755890935780921,-0.9873349675071802,1.1268439728282753,-1.1060745552945321,0.9126213174565143,-1.1083279610604146,1.1411117362590262,-0.8267688552965022,0.8236819523673113,-1.0110489812265575,1.0219107371849085,-1.0562308891179317,0.9815841997849793,-0.9440725285040232,1.0543261438745517,-1.0989151588575974,1.0031644258009802,-1.0401729577900773,0.9755226575884826,-1.1733691767894263,0.9458152877065079,-0.9880686327378005,1.10575643410111,-1.012027527621675,0.9965238085623369,-0.9352990942283519,0.810379830747142,-1.1981623398203758,0.9541692665440066,-0.9064862296917616,0.9924029072229326,-1.089169656851961,0.9617500962678014,-0.9648148568107338,1.0898091418293983,-0.9365241168777954,0.9317040701230297,-0.9382898822935168,1.0414405276384011,-0.9651017968899711,1.1437828898060312,-0.9363091404022855,1.1271873132118744,-1.117319630600003,0.9236984497450398,-1.1389996338859387,1.0293559130672658,-0.9434835617377347,0.7394219755089405,-0.9157248449958922,1.0728478198480225,-0.953027287876594,0.8701375752945918,-0.8596194398755473,1.0156297500995406,-0.9487238223969315,0.9730249398071833,-0.8974088091864079,1.1213123949134696,-1.025049417966965,1.012471418772709,-0.8140125819272103,1.0018551685472172,-1.1135174306573228,1.0501846975594962,-0.7963211641172145,1.138496238932663,-0.9365394583882097,0.7599379687562366,-0.9954469956039546,0.9583993502878173,-1.0008611890218375
chaotic_051,chaotic,3.95,0.5761323185064278,1.027369350504389,-0.46384157774534923,1.183577153630896,-1.613769582046102,-0.7095468353891344,1.0508588293274552,-1.1550535555340486,0.6559839101504876,0.36080732161652035,0.7457220421714678,0.13735355947150846,1.043273368015768,-0.8269459513583762,0.8859347927574213,-0.4579768712655388,1.1255550872365243,-1.5856350003270734,-0.9266996633141781,1.0334927874763815,-0.8189152816246119,0.9510616094443405,-0.5361926150396294,1.2018611791306848,-1.729723617804087,-0.9772103728680762,0.6030440787659188,0.014916539787477255,1.2065696303705826,-1.3615519392437234,0.03812454270607103,1.2099239847558443,-1.411250330282048,-0.20698385558571641,1.256141567272937,-1.6286910074929992,-0.6514315712110317,1.220247392732051,-1.2588522332260033,-0.02251477613130568,1.2481665986263801,-1.5301372329534357,-0.22047320550692426,1.2971258849823148,-1.6876836939021993,-1.3135051409621181,0.1449754439501702,1.1205521361131674,-0.8888100766270947,0.8265272890998347,-0.25227870507908784,1.2176303298372255,-1.7256968369481918,-1.0913534722607292,0.5299525586120846,0.5015224595657295,0.49850966116435286,0.5017141326412218,0.43093762515371326,0.6709252284528905,0.4662602917422415,0.6136655562193508,0.36653142361489666,0.7133935049670695,-0.013764580129835165,1.0835478736174309,-1.3522294505412107,-0.020188667187343322,1.2700947760428791,-1.4461984741814904,-0.09630147457706606,1.1764092392310075,-1.427455666728562,-0.5413637711695287,1.3026315707001166,-1.5699590007900521,-0.8348368308657016,0.8852113782466813,-0.7369907107773578,1.218642958602027,-1.340909854085311,0.23325100056445566,1.0042623007549194,-0.6863173359035882,1.134887052413633,-1.1194628233232802,0.5540006238268911,0.3411711532260127,0.8407541939357731,-0.5520721348513039,1.342791253923518,-1.8330023726846785,-1.2330692414743554,0.28533253374786705,1.0144974745878808,-0.6977105306808723,1.0593239414227325,-0.7730013620806587,0.836724765989977,-0.4415267857165998,1.326670714043711,-1.7096051740621603,-0.9559376140311808,0.6363117338345207,0.32544020205091917,1.158542210764531,-0.7614227842101918,1.0667717948349342,-0.7385630148941889,0.9078243003643531,-0.7646327408243262,1.2178042782059846,-1.146047365374933,0.3970562098837363,0.6981996609523198,-0.0451071615084537,1.0892892616438208,-1.100970837457765,0.6907107309313275,0.3332278113489869,0.9570381852810049,-0.45072211300460263,1.1700276042932654,-1.6067710508001076,-0.8216100800500324,1.0086423161026232,-0.3593090858282031,1.1472238750929407,-1.634033638019008,-0.7934923440635634,1.0809564711447512,-0.9432444919685865,0.7939823177790167,-0.10296933865635101,1.213172440640478,-1.7788058263387314,-1.1435570040974998,0.5612389573541925,0.28511647263570306,0.7701346340709658,-0.08717426230724279,1.1938525812475758,-1.5021343518878947,-0.5986065786235942,1.2722601404223608,-1.4137305454592883,-0.14700564003764205,1.2400370807654457,-1.6779073852383437,-0.9197324752728121,0.7469040449036974
periodic_027,non_chaotic,2.8,-0.22314355131295646,1.094467200463811,1.30842492418323,-0.05354221325585973,-1.6457227721175605,0.17284829694507756,1.6015009810648249,0.26917834257132656,0.9522416862601848,-0.6562464270079142,-1.0280385586773326,-0.25723902297506607,-2.044565436166154,1.9915061836731305,-0.05449898125651725,0.6457788637773276,-0.6334630419019238,-1.6751094978730772,1.1841811561307083,-1.271592194224989,0.14696657899394766,0.23773310347783405,-0.11777215492707695,-0.9446109344759168,-0.3331010881401822,-1.1039685694996662,0.590309994091531,0.36145245396237125,-0.20960547303839058,-0.7363613900063013,1.84052342706984,-1.4429855561911737,-1.6765798587759009,-0.2679715638402357,-0.4375135395318855,0.8680669773706844,0.43326890675242613,-0.16055769340361442,0.29287232006551006,0.27537118914196673,1.8369011085916913,0.05501611534501229,-0.8449252684070858,0.002179316689151397,-2.710992111946182,-0.22043541683168655,0.8636368231264006,0.3909585334976445,0.09854027531323425,0.4362763186216168,0.8735315825440344,1.1836211986475016,0.2419428137361186,-0.4934339457551925,-2.4171009691228824,0.7530664792141005,0.30718825142708134,-0.04196984315003297,-0.8516421404782824,0.7405258008693306,-0.4367325768933487,-0.22214447011527247,-0.2429147232053901,0.24425017905377355,-1.2952182231403266,0.3527894822974855,-0.8832666793824637,-0.849477339553573,0.6635641598853024,-1.1472856497458603,0.6618328816700074,-0.09136889936825503,-1.776416293648189,1.1251067856372499,0.10980608551798074,0.19058170111009365,0.7810621521987855,1.2548769554617116,0.004611861768310178,0.4055041333864157,0.16848869831294752,-0.5192023879627208,-1.7139697288571931,0.017994021260361343,1.1390348346339714,0.37280335448224927,-1.2170075975526482,0.868008278475934,-0.48703756745414356,-2.2037823918102744,0.7913300386641396,-1.0994707893837663,1.525991444288933,0.9164048952301753,-0.40838223163749726,0.2534072706899868,2.1454353334740976,0.7740940025873663,0.040412574529174225,2.5934944714899495,-0.07575323754675656,0.37134125924009714,-1.0906418120810792,-1.801882178875228,-0.4661699644740475,-0.15200313397376014,0.12811410697140146,-1.5563469231112033,0.4472893037725436,-0.9887212586254265,0.3972669419783086,0.7114161934989299,-0.5699002742385859,-1.1172283632058206,1.297665244616819,0.6516913493219922,-0.0426277750808505,1.2252208380984118,-0.10880547131558702,-0.7865915612284183,-1.1537128664802991,-0.29281244646402865,0.5542356836541975,1.149456698269435,-0.16635097946096639,0.9793436724819148,-0.3953519053893749,-0.9417349668073554,-1.4470779234553863,-0.676543010678853,-1.4108123531669319,1.7463281235559367,0.23408458400160045,-0.2810779988439674,1.4694329945526587,-1.4431814302037793,-0.32107279029045055,1.7368534932261173,-0.32771580209965484,2.1674852648844016,0.5676074405021623,1.0687184811619275,1.096617876195333,-0.18744991039169837,-0.6591803098775623,-0.3001715217673565,-1.1394885912189816,-0.25252077064991024,-0.19323658831641566,1.4378759623740847,0.3823790199252346
periodic_062,non_chaotic,3.5,-0.8725073457385807,1.1050800046116112,-1.1241177339041473,0.8675058944677162,-0.8142787744386434,1.0469137644164948,-1.1959889143699802,1.021065498446395,-0.8754040342522245,1.112644436545254,-1.3367918761763493,0.8992757518174322,-0.6348155203837434,1.05643733226807,-1.1889114834976897,0.9590563757678721,-0.7059660287145244,0.9520370395182347,-1.113829872644686,0.9296278643881272,-0.6370921411358601,1.0131439284851484,-1.1554511434004415,1.044403544923289,-0.7018750442548584,1.0874203928162907,-1.3493673382669118,0.7832198292535212,-0.7920193812973991,1.0908559001201061,-1.2808638059797324,0.8865164809418214,-0.7747454460119666,1.0626398720105967,-1.3388088081547318,0.8690004485903773,-0.8447631203595806,1.09281865705777,-1.2749962125479692,0.8683756156120456,-0.8466489582224832,1.1403975224594112,-1.2768886926587195,0.8717939875062399,-0.8672457943925251,0.960966467926626,-1.2855329411930108,0.9813361582584235,-0.640542329851344,1.0907663014714601,-1.3360448753149956,0.746649619354564,-0.6642416875667745,1.1447449890299766,-1.2288767576654906,1.0129260528182142,-0.7549399692359946,1.0954467551878904,-1.4087522529297134,0.8712202470944012,-0.5514530655073748,0.9799951248726296,-1.1690026265468845,0.9875338696382748,-0.7556256603235456,1.1226406062173442,-1.099261388394953,0.8730575988099136,-0.6160082059992229,0.9107323564992897,-1.192170424514167,0.9001751198423351,-0.8158158114243191,0.9872936241619074,-1.1915212141050042,0.822637102588336,-0.5852536625988494,1.1078684454713055,-1.2432995760263728,0.8351444569673844,-0.6627261100758731,1.1544135403993505,-1.1981550091776911,0.8112613162724328,-0.5731968324775353,1.1406791886161467,-1.2122088625847414,0.8599341468359172,-0.6431165405701034,0.9052731954128697,-1.225819002581233,1.0063657182429504,-0.6696005086709937,1.0863787303021433,-1.3049876815951278,0.897857303735185,-0.7088504973428615,1.202297852821401,-1.330305908269431,0.8084909327468246,-0.7472250616591453,1.25197055671627,-1.2665833300436844,0.7994342644231678,-0.8880991549892246,0.9923014378692755,-1.1987191565012862,0.9008028381965885,-0.7519840299135008,1.02215692895981,-1.0727607348259083,1.1062443007579088,-0.5816758954030578,1.225937062630526,-1.0811245561814302,1.0606824132190091,-0.7189550262488774,0.9954318987541583,-1.0752554642750753,0.7600750103132816,-0.7876719461307311,0.9833875456489317,-1.261063672015824,0.6636116178891175,-0.8259244921343168,1.019633678021274,-1.3617301783468951,0.9517291597569204,-0.6897747269897943,1.1330504620654833,-1.2044265664251919,0.8317094956368553,-0.5969613800147802,1.1212418282063452,-1.2787475803601671,0.6920249952720966,-0.6411676798369818,0.9592103980481632,-1.2126770286309998,0.8587229079420751,-0.8190458575956114,1.1029199027184367,-1.230546259801466,0.869697948128924,-0.6765027398457539,1.0167920763296203,-1.1926931188906726,0.7862351281863126,-0.7920214170436084,1.1422810583499756,-1.1600852959470158
chaotic_041,chaotic,3.95,0.573637341225769,0.3971140625566274,0.9441131793353226,-0.29604369600681085,1.2580623958246713,-1.4959770819478382,-0.8835737023118546,0.8307236980223184,0.036603564327934844,1.2917866818882904,-1.2358561279413902,-0.016207195968828608,1.3047170233566634,-1.426528446987649,-0.6433597936527122,1.0700605495092863,-0.7215407029151656,0.8370838796218002,-0.19972718169426193,1.3019306556477566,-1.5392815804228197,-1.1830011670795915,0.19481850742845042,1.1876895901365763,-1.2207813920510764,-0.0014929790004228703,1.1633106526939685,-1.4419607751604562,-0.5039076729857754,1.2784467050075132,-1.2479696147418051,-0.12529080487374192,1.362575030277996,-1.4419118086145435,-0.9072040562841314,0.4636114285912617,0.6105625705287134,0.5032523751156164,0.865609492895192,-0.1340937502814321,1.33664945817673,-1.4961347998827852,-1.0911994761742212,0.38013315150010557,0.9447821049225128,-0.2904013606874863,1.3018044577869576,-1.6603450011660608,-1.2340262273737626,0.057240903502460555,1.220345011067075,-1.2030198436138897,0.0274842638317067,1.2117648815062043,-1.3173168068834866,-0.07072663077675198,1.3571845066375159,-1.54427282236449,-1.003349275370731,0.5266974906355687,0.5388979227235248,0.3744183739445808,1.1149300686851644,-0.32855830988233165,1.2758493454847515,-1.4774566035442618,-0.8346246228868107,0.670675595118196,0.32325133522702565,0.7816654917448599,0.3071543712801737,1.1826268080091877,-1.0905940686823505,0.4623002729527802,0.686765758958073,0.17837650418671272,1.1240214486945936,-1.1502829712380198,0.08471028654859959,1.1202116596696996,-0.9612032073919036,0.3797739035412351,0.8432082847072084,-0.26182606985397844,1.1858541118990904,-1.6696874312916459,-1.169675747481117,0.14441331505001212,1.1623053675201414,-1.1075447794384774,-0.030749356031699388,1.2274023001684704,-1.4356264376730346,-0.38313372575844795,1.3554274823473407,-1.4188374837839905,-0.2939726160727914,1.372974528458837,-1.6575506953267052,-1.05613960217082,0.3634665383130562,0.9988280826500752,-0.496270990409929,1.2717828760447962,-0.9650487608769439,0.29767979040940906,0.944177268518515,-0.535237068709407,1.2635265394904294,-1.312044019650438,-0.061984893584314346,1.2768488300886474,-1.5062987296067194,-0.7591438914789223,1.0364907051648,-0.20050249789963775,1.2744711256965648,-1.5300823025898604,-1.162414696227919,0.17120282590337188,1.2081278156419208,-1.2236990448742047,-0.10675404074894755,1.147714339532391,-1.5027105879728253,-0.4825556534774001,1.0988464399614457,-1.0770237271791585,0.14047231317064146,1.137980847668105,-1.1018661483080074,0.4183463667000692,0.818331292671114,-0.2251249092171488,1.372912792198695,-1.564317823634096,-1.1685346110486112,0.17915046164719448,1.1527273732348138,-1.0232150060624847,0.336093403964711,0.9858875944984964,-0.17355495896378464,1.3921414228697426,-1.5845991794565766,-1.0575556904192427,0.2960717981307585,1.1098150987642266,-0.7227792632781188,1.0857059066632957,-0.4948886594513127
periodic_018,non_chaotic,3.45,-0.002712726494159361,0.9563447463048675,-0.9234232585626223,1.0456965966271865,-1.01960326759798,1.124702163172156,-1.0798564592575932,0.9706307242721544,-0.9008305772393449,0.7857733595675288,-0.9761324819335722,1.1324218876022847,-0.9330773463060933,1.0431979268252192,-0.9039375460745277,0.9100263726859663,-0.9173167458139032,0.8610874733992431,-1.0829601386889487,1.049907864561987,-1.0999290767939867,0.9989484439225197,-0.9292628582480447,1.1860042966834226,-1.0089974391101635,0.9181999833386346,-0.9053805336135021,0.9303207779464923,-0.9618801906929431,0.9851861929548358,-0.9325873539718483,0.8373184307655188,-1.2716051595507996,0.8318760303721154,-0.8010078031357151,0.8992043556246817,-0.9792826711885224,0.9161314974339466,-0.9956749188282119,1.007216455364175,-0.8898608323483442,1.0363203093747242,-0.9346224941098509,1.1385387539511995,-1.1127277989882163,1.0837775023009302,-0.8842219265676282,1.0986367765464937,-1.0657499264447585,0.9363761817439161,-1.0578519911948048,0.9323619888317929,-1.140241649509691,1.0152039907373065,-0.9951801180803908,1.0536159830377783,-1.002504626476177,0.8755425752993712,-1.0797052061399104,0.9889124831700556,-1.1260722252687372,0.8931710135658144,-0.8070401373543876,0.8610728038912553,-0.8518779731493737,1.0077561960102535,-0.8766730549213151,1.0962481502566266,-0.9894669578182912,1.1422878187275403,-1.079427530443047,0.9958330360341406,-1.133297622556628,0.8134632325846154,-1.0383177112371829,1.1945011620558688,-1.0666332384988544,1.1739114503075232,-0.7694002367768317,1.3044003603670988,-0.8628924200169831,1.2106591475461508,-0.9419800238877823,1.033362809282338,-1.0205255634591333,0.9797584395277492,-0.959302322776853,1.0846227585641364,-1.0949099104611606,0.8448782227811638,-0.9384770988144939,0.9430495132001114,-1.1068871490285623,0.9658784568691473,-1.010667420721002,1.1195796297708815,-1.0653909806059985,1.0935702607797793,-0.9541659061474852,1.002142874768979,-1.033453255935356,0.8534576789490295,-0.9413541432297421,1.093941464601813,-0.9517951483443037,0.8475780762815759,-1.1233600810030968,0.9581483457337336,-0.9131182074661521,1.0017062541921604,-1.0505806096959878,0.8683781412532231,-1.1156241591728093,0.9065025205102901,-0.8831832726646578,1.1098130032915636,-1.151360792084564,1.0539263790739106,-0.911196910686857,0.8950589901086162,-1.0566397467420674,1.01358654924956,-0.9590575927971794,0.8430246696129785,-1.0354837161154358,1.042568972022401,-0.8204445856194872,0.9450171308000811,-1.1016589970984128,0.9598391357690906,-0.9467394218584526,1.0199838475302199,-0.9889533751249445,0.8701361005202886,-0.9364982698619705,0.937748734198121,-1.0620866723917721,1.1476712335160535,-1.112418679065604,0.9830341437434582,-1.1727993947036301,0.9954177183951908,-0.8729051973844776,1.0269857142089889,-1.0592986883769155,1.1105750643859653,-0.9433015168057793,1.090603733198083,-0.9777247170488184,0.6988009395636677,-0.9832789703290983
periodic_013,non_chaotic,3.45,-0.002756338942679195,0.95607671914836,-1.0335877326708858,0.9507110297600123,-1.136659460896575,0.9950166141976159,-0.9803518698554677,1.0125796450551514,-0.8247639297626785,0.9558398795145312,-0.9064437114970229,1.0779324568881121,-1.060357413367985,0.9978767318339218,-0.963779323176041,1.0274421443967245,-1.111200786571799,0.9230445082704457,-0.9644505494214768,0.8151052576698462,-0.9076779536832356,1.1823062350940456,-0.9497695442794198,1.072413613455236,-0.9479323802110354,0.8422329740560387,-0.87607996820541,0.9657413813908442,-0.8296224678867239,0.953264323490996,-0.8783185001272277,0.9898516317930987,-0.8385621460779142,0.9217453497771333,-0.8535134066786718,1.068334790499623,-1.013269888580214,0.9942125816183953,-1.032591127765938,0.7546747770319777,-0.9476435727276094,0.9242563148524601,-0.8535897452132083,1.0413140089779578,-0.9351396344182487,1.0503373849586226,-1.2085502613420005,1.066914906693806,-1.0856160736225433,1.0858792828316501,-0.9105308963849965,1.065665497557861,-1.0784359777163102,0.8831990511740913,-1.010718992108127,0.8310594611206124,-1.1092802261063544,0.8294624306819622,-1.1090230860267143,1.0180190208929951,-0.999340034584717,0.9693567565080401,-1.0176031427607402,0.9141029551309839,-1.0822296200724202,0.8923005990315465,-0.9752701890310073,0.8579904584081282,-0.9826332966777058,0.9172963791993983,-0.9326265205061676,1.0930130990361617,-1.0188986259278443,1.0507219020773426,-1.1712635330919923,0.958241849865581,-0.9430581523369023,1.022511861658767,-0.7893453641301373,1.1726236849082132,-1.021304441320612,0.9482991369842855,-1.0634999828739233,0.9597638805333774,-1.0902196790723808,0.915070979496727,-1.0597781833054056,1.0453294894305274,-0.8846126588826815,1.064138695020946,-1.0018033148518897,1.1050388176591444,-1.0162104417479012,0.9691552670153837,-0.9805827800011699,0.986488225036479,-0.9863396170316586,0.9868349368483256,-1.041791983163529,0.9301168087975517,-1.0198720858076384,1.0151130704892863,-1.0014339453064056,0.8953907641572545,-0.9274802982166267,1.0747169193396484,-1.1650135874589183,1.136560324721268,-1.0698236385326458,0.9919604726548993,-0.8601175420678192,1.1670454486142996,-0.9514003182456875,0.9970107243925681,-1.1056378137899368,0.8079334107925981,-0.9634291571289539,1.1045367864748918,-1.051043630399803,0.9793084265060067,-1.1033891147391461,0.9166284937753824,-0.8667716415349738,1.026896803248668,-1.0712305860040412,1.2330598978417162,-1.1118440826250735,1.0590052777549428,-1.1511104531153156,0.9583785244438867,-0.9574848933909398,1.0879083578339555,-1.074089297512341,0.9379912045519496,-0.9993779364445103,0.900016889264778,-0.9867548170366482,1.0013245429676652,-0.9298092340512455,0.998582772790401,-1.0671686270896212,1.0886649917028683,-0.8726950182072927,1.1434063523445686,-1.0118544836657317,1.1060042277895643,-1.013170852448309,0.9856667213199061,-0.9314558982927633,1.056357772066418,-1.001043824305431
chaotic_026,chaotic,3.9,0.4961450198939493,0.7372039932598238,-0.2685911718484899,1.2787593527209502,-1.583238908319298,-0.5664105471916101,1.3241657832463758,-1.8186006561613612,-0.6002197327066799,1.2159846263431748,-1.6807443014443093,-0.28536291589358576,1.2573374782473554,-1.8159440534577238,-0.9140521521140473,0.817892110136289,-0.8192929628701304,1.1768789264057398,-1.2898893993042213,0.39006475334735113,0.5713562227231364,0.5121081624295597,0.5699931354639787,0.27863617205486574,0.6999932843961661,-0.16094489477778515,1.1054393735733572,-1.546863129820049,-0.08951269102333978,1.061481947868502,-1.4408498937573868,0.2909117123326094,0.7862262828083909,-0.12101886773592653,1.1940331060421925,-1.6886333853036943,-0.656548735990953,1.1558155309073501,-1.4175069641833746,0.018750313733081673,1.1478390644754315,-1.3201678439318705,0.311656600948023,0.5794280040223466,-0.05936905100691014,1.0548905609857964,-1.2909710104761918,0.5413109959803444,0.4414351930175809,0.5762369829297421,0.0992372097181792,0.9469289621247604,-0.9770971389943357,0.8607144744677501,-0.5800296637186989,1.158885556210459,-1.5144828549412894,-0.34637882271075127,1.216602359226869,-1.874785651284338,-0.8977554412634213,1.0205706092523565,-0.7487977875510788,1.263137159791407,-1.1418333784880677,0.43491638429298074,0.441834487799374,0.48222690502478327,0.4185886066621518,0.5057319209537261,0.5486947885276126,0.3497750892404118,0.7303931988642753,0.09876633859821926,1.125653527068296,-1.272158226499446,0.5178284452665705,0.6122963319775636,0.2653787019422089,0.7519385921220694,-0.1789518229809007,1.2475239012105335,-1.7372871703229131,-0.5944198851834602,1.1938677432296998,-1.8319798034880996,-0.8900694234448386,1.079343119483835,-1.0183477341073828,0.855554899473766,-0.5176937684252977,1.2319773156759426,-1.7547654885883062,-0.9001418159241119,0.8760298261431567,-0.6625381388988247,1.329809018413795,-1.480821634853895,-0.10832177728220244,1.131777047595126,-1.3603574381560841,0.1899890968072127,0.8732198238216592,-0.6267141518831778,1.1784636227248948,-1.7378242607457304,-0.7436923977667258,1.0961652357766596,-1.3509424596918644,0.265449979156312,0.853145076979506,-0.30220951754476433,1.2838097296374362,-1.8032035979527623,-0.8075270324987639,1.0589584943739925,-0.9387797237961522,0.9017397742606115,-0.41921979662345094,1.253826872390271,-1.7657514060230641,-0.8271281183460473,0.9289683605478097,-0.8612550391900532,1.075062812558733,-1.0655946945068084,0.6544865065871512,-0.09839056247218493,1.1606611673298866,-1.6019516990565434,0.001908977188052499,1.0691845829790823,-1.1637792692502589,0.7156090392913134,0.046466141352293745,0.9040774281766265,-0.9605797838493051,1.0644360313549948,-1.2391784468950766,0.47686296212644563,0.4315716925705778,0.7057231352968758,0.07077900822013926,1.0078294875055511,-0.9305638319495093,0.8465396079093678,-0.5061213829031708,1.1425846169327851,-1.819576056267421,-0.8672518030911481,1.1116517141169997
periodic_039,non_chaotic,3.5,-0.8725073457385808,-0.8030115826997343,1.0824872794771627,-1.2198734382221714,0.8702537203284397,-0.7115353882661399,1.1242352266927642,-1.155557812456814,1.00726480999152,-0.6920344289336713,1.0121545953230255,-1.1120930739969324,0.7578560771637763,-0.52428087691803,1.2182931502789818,-1.1164005774232413,0.9261109192999533,-0.8967716235228449,0.9908462600625358,-1.2292538881222732,0.796219794712232,-0.7252542419447164,1.148498684190008,-1.2747634284602027,0.7443627442337383,-0.6106422466286687,1.1391550474912135,-1.2823048880778867,0.9285803403075447,-0.6860945465001448,1.2170740426497269,-1.2441112954601623,0.9870499035793314,-0.8739781060383717,1.133840849111679,-1.2965119529921334,0.7787165706770983,-0.5846034875110024,1.1748654913290637,-1.4500306789477575,0.9289839794660458,-0.6384626692608224,1.0210085380898328,-1.338259397894842,0.7089032988459828,-0.7273778711660059,1.0730765352954936,-1.1824802059844775,0.8864088122659397,-0.7963180986757027,1.1128121756183544,-1.2827867866299056,0.7714849354950866,-0.8468605770856431,1.1496434459344431,-1.215939804616174,0.9138358501018906,-0.7646656589787889,1.1063421873000738,-1.389800232342185,0.7665455264102805,-0.6919461519701203,1.1150528740935575,-1.413988679682238,0.7597732523830925,-0.7300367896279598,1.1814916918736809,-1.3361406191563543,0.8741162541569008,-0.6717462636231524,1.0661856938236982,-1.2329632867427391,0.7323477962467579,-0.7577506773724604,1.2269037563423937,-1.1149341072764496,0.9411448394880205,-0.5901490820209166,0.915758678319452,-1.3490809972647353,0.8310103154624161,-0.4646277625258827,1.0601358418904236,-1.187451670137944,0.8968104698896964,-0.6611786290043731,1.087769467406806,-1.3730674266790357,0.6029138781443825,-0.5728323098114072,1.031179438442277,-1.4367304750498757,0.902497366294062,-0.6551980822650593,1.1632991925444132,-1.152063154029896,0.7729966165946248,-0.778669582064754,1.059599562608794,-1.1801283541170313,0.6600343135912767,-0.682929979662167,1.1789724936675723,-1.1735226758060744,0.9283222259287074,-0.5937175691224724,0.8278367764329101,-1.1045599232167744,0.8922327153086246,-0.5677924844663944,0.9779134677846802,-1.4259189525028004,1.0311839831416059,-0.7835883322367058,1.060349146567011,-1.208204054559666,0.9344611120454833,-0.5922463592696652,1.1113340578747524,-1.3591602431639003,0.9281381356868448,-0.6262080058296929,0.9167966298364565,-1.1231491879999793,0.623345470165001,-0.59644557751062,1.0294986137004245,-1.1912113284311026,0.9093909655496654,-0.6987081997371724,1.1330647322109315,-1.266792130728492,0.9288365501019993,-0.4866132198831109,0.9620135076353393,-1.5628037350171742,0.821030383453812,-0.7413585776466021,1.0539817695814866,-1.3469568992204475,0.9439614634425045,-0.8269930569476655,1.1330350008870478,-1.1976096830310332,0.8909024375181848,-0.6486747070382355,1.180608773906792,-1.2534298515225317,0.8276323770304427,-0.6487484630273397,1.147311282979423
periodic_000,non_chaotic,2.8,-0.22314355131295646,0.3956964653370029,0.6590590628235756,0.6488027287676946,-0.8300328027730209,0.9467268878063667,0.29026847011375184,-0.41639493986874404,0.26862104703700856,0.38153419634333113,1.1366655919983926,-1.0427190259932249,1.3857459282209215,0.05245501873036232,-0.4896614843029183,-0.5210062400106895,-0.9968483587890642,-1.7542748665390182,0.7225053729875743,2.057505143607155,-1.6279944268847477,-0.9446769884764344,0.7984821465782337,-0.018011642454152647,0.8833208543249075,-0.07545114129857523,-0.5659362314199929,-0.20257350760113862,-2.4109505196039653,-1.142400774202964,0.9999336828335155,1.249443951262962,1.468890288465773,0.4802564477737274,-2.2818832833545333,-0.6216299354617046,1.3854093049772,1.6910219874805466,1.4243198723110087,-0.21323554369987135,-1.3094352158141127,-0.012885314539901592,0.0438935842644228,1.6321426976281204,0.2620270003718913,0.045813054853513606,0.10400056563039738,0.43825445578895994,0.6703135684302965,-0.7133253504682194,-1.0544609657310373,1.432421902660745,-1.6519867210289687,1.706070433109697,-1.9281429108875137,-0.5699444814714308,1.024078221541801,0.029078744369527672,-1.319575519277545,0.4654661234085311,0.0973528367543089,-0.19254290871819227,-0.6102777231454358,-0.0067140486961369105,-0.5672616307335621,2.522118820059729,-0.21709124628429446,-0.35406435820203797,-0.5260022178729584,1.8486392148805548,-1.6499645707515433,0.39685069411305635,-0.21634648595217812,-1.4290838110411201,-0.810149828247849,0.35334530241557444,-0.8565623067949223,0.29456776743754826,1.799686039725512,0.20345372992800448,-1.459924185381152,-0.8385399227676938,-0.2635771532773063,-0.332022208849722,0.18441754028582494,0.3487251908435496,1.8010940017134682,0.024918997569896472,-1.1513214519098196,1.210429279015705,1.3222882041553634,0.26679125659717884,-0.22362266669771283,0.6663257507459128,-0.18745431549831398,-2.0766794111405695,0.6058254963351707,0.9425512482490714,1.5046557223850143,-0.7196967592805438,0.26036170611531545,0.28251898020440663,0.11617536871587421,0.14636140174440748,0.06676240999464893,0.24559727091879277,0.7873164195833903,1.2785179357241925,-0.7458890166554172,-0.14773834381152037,-0.40409655607460965,-0.5506195319982309,-1.6263721999829712,0.05353665066604786,0.5196370675383689,-0.13012087285339094,0.019554126135794745,0.45728170032299864,1.4739636883492013,-0.4011842187193128,-1.1712085632864115,-0.06389804938091058,1.9578270620618952,-1.1602380434868398,0.6945820459214578,1.2146356717841036,-2.3939950761200794,0.4488687035728556,0.6467273566483512,-0.24506974037622406,-0.6333383495747394,-0.5762136885251524,-0.3077834185370023,-0.28067095279642507,-0.47391353921400164,-0.3240747390543739,1.248309143294804,-1.2150603688209252,-1.7626152852675707,1.2646890822703063,-0.16793141458729607,-0.3688896544347803,-0.08517733286707439,0.24306478979610427,-0.5079921643524865,0.5468911706038082,-0.9567977625005888,-0.2803945749382152,-2.239510434823428,1.229305873867182,-0.1516162246476969
periodic_011,non_chaotic,2.8,-0.22314355131295646,0.8249891736613133,-0.25588874143152274,-1.786912890212377,1.096776718206309,-0.4165365812814729,0.9441482907942819,-1.6479795370406751,-0.3194631888176533,0.3380066196751688,-0.28418617111825123,-1.4265196632752752,-2.681366147072898,1.3945164167949378,0.06521098805313119,1.0229357811695374,0.7747053747997857,0.4288115266938802,-0.528310057178056,0.31719069283534684,1.2999407269568333,-0.1068145910617125,1.7890006495329172,-1.756353575632413,-1.8683984859897684,0.8366307228864516,-1.0468090986388756,1.9366428729172482,1.2007081965860917,1.4615498322107405,0.7285968025399802,-1.1540109470034854,-1.9230549986817944,1.3653598142048633,-1.7565061001451552,1.4587501157519618,0.5046653278932821,-0.27283205798921767,0.26744782343100765,0.29167675023485484,-0.40433975914705444,1.292800540045317,1.2570601847182363,-0.031085420625254143,-0.8187840871590106,1.1679898285498407,-2.3016767840511845,0.269370983674682,0.577592481761327,-1.0568254810889046,0.8217350118770159,-0.22085056626094607,-0.762187367531223,0.8107249554931548,-1.3250707687985648,0.7127074255306982,-2.2597572570682947,0.10447454393397922,-0.14764251545708923,-0.7559283859839883,0.2128019145471334,-0.2762902175997204,0.906076305052896,0.3905595303622935,0.2785458597600562,0.1108923901220603,-0.6855353627009363,-0.5079478826534702,0.06539615947434205,-0.3740568971628354,0.9652404087935487,-0.09593263242525736,0.19856444915403218,-1.6555132602854,0.7898840426116863,-0.7991651614595052,-1.2802151148861987,1.522649997598084,0.5338597718251166,0.8251856201939528,0.2804242250214028,-0.2904467989589937,-0.48480692558116234,0.618804121567258,0.9871999746634964,-0.264420974301228,1.967087352587492,-0.3990319908479392,-1.646469870138515,-1.9878730528804887,-1.9526945561627083,-0.6247060546501444,-0.4352029614498927,0.5182008545614701,-0.22316697584602987,0.6857900781984073,-0.1465491593846716,-0.17925093195527214,-0.7953512866040936,1.289570355907324,-1.789775655182935,0.12074218436507556,-0.3826994668598394,0.621560675098967,-0.21505847349970092,-0.1843355017794925,-0.47129275960789646,1.2589944162166329,-0.19083784936062057,1.85983237697433,0.09044649284624653,-0.1706631511386769,-0.3448355955640353,0.39482913638526146,-0.8066911096031846,-0.041422869136538226,-0.18486368053560845,0.1456947057152196,0.17152828865795128,0.22569650149577958,-0.09441639246654455,1.4421318602842184,0.24714291563707444,2.523152491777522,-0.1413803052950628,0.8062321322721467,-0.9501845109925334,1.2668467127372076,-0.9274962403248138,0.2818646594979736,-0.4689865168176062,0.2778303143468162,-0.43809899290149634,-1.0160684728937213,-0.47645545468290423,1.4136080947332565,0.2937462752363603,-1.536852006112811,0.9484887942264684,-1.1226663498890879,0.5815371371854227,0.3832774408451285,0.44910056069263266,1.7384315298765376,-1.0571268306470982,0.44335096665088464,1.1196581794196703,-0.8639696300638828,-0.97072448571321,-0.4927120508038491,0.1451582169585037
chaotic_002,chaotic,3.99,0.6475967861959814,-0.6804829559524564,0.9400761929434982,-0.026978425857771382,1.400982635675297,-1.3906247145682524,-1.3252287007159484,-1.0007141688394325,0.2228148355779951,1.3408555498091888,-1.2412860679215332,-0.6800193523813935,0.8956412202155497,0.043458156065963274,1.391199791887876,-1.4285276422837492,-0.8613706107343069,0.40383876741221836,1.1068360381926616,-0.29351162400146363,1.3788993566395966,-1.0884046090171478,-0.25855754753674987,1.3524797097406793,-1.5162631662718027,-1.2592314043749913,-0.37910176220498715,1.193385013222054,-0.7565754599912118,0.7429056079778419,0.31415687862728975,1.0920532255438202,-0.7760040677397678,0.782027065003267,0.4683395526204754,1.0922166827220066,-0.5255396241321552,1.246514808009724,-0.964481919919094,0.2917920776941765,1.3009292468170037,-1.0112602257190282,0.4149811661341369,1.0252829006118895,-0.285201714483926,1.4343441196215894,-1.3970222682752438,-1.0682260711056917,-0.16161028907948222,1.4114323189759617,-1.4174195455466583,-1.3345616137602714,-0.8504477646493841,0.5258808122311925,0.8480206991004757,0.05852163559819533,1.3319025345639306,-1.364914214300149,-0.945148364950006,0.11992049027853123,1.2710817092571742,-1.0635238391101933,-0.2652251460965673,1.2905492275147026,-1.365640864494126,-0.918977902475869,0.2702014343046327,1.2826180112397332,-0.8360896269904539,0.5111336244155502,1.0041102234610624,-0.003163938483481151,1.3507723318267912,-1.5893781129184374,-1.2311017049528354,-0.8075051507510729,0.6875117645681611,0.6586089259750428,0.6813794687205231,0.30467589757794594,0.9947603222148921,-0.535631999190082,1.1565373156753866,-0.6005955305589445,0.9579475401062415,-0.13480674907563236,1.2336623994688805,-1.4897050851389066,-1.4277674544481016,-1.0246296023241335,0.09579140704652712,1.3532364094399454,-1.3605042004006627,-1.0532613919847962,0.0444144259505785,1.3167419782079277,-1.4636205286657205,-1.2363649586310785,-0.47875654042967597,1.064332730955932,-0.4578843625911574,1.1172961014022067,-0.6433657116607573,0.9814841245504576,-0.14465237133884148,1.290260543682608,-1.5701429441321477,-1.5019889963240247,-0.9689919594699616,0.40514992299001995,1.090132534401538,-0.5394494261114252,1.118935409637589,-0.31209318349078524,1.2279576828432883,-0.9013047446561255,0.24552790209294623,1.183574198591504,-1.014895887815232,0.152781751859223,1.1819611192332549,-1.0059687571111553,0.27329435824625253,1.3433655753329428,-1.101859937555463,0.15616125617034568,1.2485474060191442,-1.2369648928241672,-0.5883159267095669,0.9092878049952615,-0.21217067406373347,1.282643967161256,-1.3292061303484128,-0.754851785172579,0.8040293878065081,0.23773346547521784,1.2437432459343487,-1.0432465593806561,0.046235087863448834,1.4312137391477586,-1.4613228968265428,-1.2889903304022858,-0.3236698751194378,1.215782088837792,-0.9261044200731356,0.23499628069309367,1.2472361563810526,-1.042529969651062,0.13717093485611606,1.4754097724144999,-1.4387300897979065
chaotic_077,chaotic,3.99,0.6332055840712438,-1.0956990056810196,0.13199591001142638,1.3004696725967064,-1.196634510968404,-0.06425968328832357,1.3897466722723506,-1.4672492293945025,-1.2608854111447987,-0.5527716281824119,1.1421764013859188,-0.8548925614284364,0.6957724566012323,0.3806021484478389,0.9655034687673624,-0.11132547870814745,1.3497525791766873,-1.700146763046364,-1.5222652228126203,-1.272652261731416,-0.03228006924476424,1.2892186949564906,-1.4911464367198428,-0.9813732141742302,0.20194296370256837,1.3091682066163508,-1.088487978466835,0.1522461158108521,1.3939830724905113,-1.3942567470511744,-0.6061867065993657,1.1710555869426376,-0.808731800267679,0.7893686445128929,0.20934898161974402,1.134028915514819,-0.8456903369998061,0.4497492345338964,0.8116330491702825,0.2702611002781247,1.0604054367719824,-0.9439932745486668,0.577320677537729,0.613042163163832,0.632466811520669,0.4964725495450317,0.7074067826974629,0.3170642202501426,1.2182118911319777,-1.0689636073876605,0.12410751255408854,1.1911512411883454,-1.0438736930911836,-0.11522511448311598,1.340954980358603,-1.5852356181234744,-1.1324474675982474,0.09565104040073723,1.1885471842607302,-1.2214037195115492,-0.33184759312925216,1.333074481351312,-1.6275120772761844,-1.6026847632109535,-1.0475717853940152,0.01860768262091888,1.2847503002913916,-1.4511390736962262,-0.7763005758590963,0.9180664474209534,0.2142517124510327,1.3382920569621832,-1.3276508513572718,-0.5943753166765867,0.968095480798789,-0.15485247059880525,1.3873547114282394,-1.563693915916143,-1.3090805471933524,-0.605337051463972,1.2111159515203447,-1.119213538424555,0.23530357736125765,1.0586008593708423,-0.601862641402207,1.1549831998226467,-0.8845431207788068,0.6302549312489243,0.5205673182764147,0.7162191998691866,0.48053422792951395,0.8486601627337645,0.037023051654384534,1.2550613361463614,-1.2233709462520874,-0.31199434836460777,1.2395444249277432,-1.4047779716060294,-0.687569864206697,1.0088852650469078,-0.6239150907699802,1.142077150072109,-0.8374987994691804,0.6053177131060445,0.5002476287445595,0.7750362710674443,0.2578417520833897,1.1616139118963569,-1.0786548382126133,0.2403582525819174,1.0294070102014505,-0.6675945567989128,0.9426298678834519,-0.23962965161117106,1.4181923715728997,-1.4988337123742899,-1.4553805979604955,-0.5379380395765694,1.1232819077225629,-0.7658339242095843,0.9125021922916817,-0.1828836165909872,1.435164008181062,-1.5703461558592697,-1.4929482886346879,-0.8924897460722212,0.5851547746446518,0.41051405584068273,0.883335397129379,-0.21350576283621142,1.399824865334649,-1.5483545045486757,-1.5353464347826233,-1.2048895044144425,-0.04691036827207342,1.3446602372323655,-1.6625565194503593,-1.4641207147729687,-0.8206703493339097,0.8010131468434568,0.20043665430489707,1.206013449524734,-1.1174713699780288,0.3749181627018273,1.0453905991950287,-0.37497737328656167,1.1377188058295522,-0.8930620137845072,0.7506402537914386,0.6645245112141821,0.5013802300462491
chaotic_046,chaotic,3.99,0.6403342802459138,-0.17762569342949538,1.4475337170664586,-1.509154237575452,-1.1736362795705662,-0.12589154615676149,1.2476505040415473,-1.380443471642464,-1.0246403109793418,0.18821678781988574,1.2591566500731473,-1.2989579909263116,-1.0161920583402158,0.23287765124586485,1.1578208196029096,-1.0011659961322577,0.39355742795468596,1.04648396838431,-0.49433491303644456,1.0520238397420534,-0.5421381418659387,1.1377990775741307,-0.7069755404415267,0.7879881248115691,0.32973974588085897,1.2011974823317357,-0.6352036146105395,0.8348145236605221,0.1465045127120347,1.2771066256869763,-1.066089615121339,-0.11575162463154315,1.3268915640676853,-1.542059377902182,-1.393985246575429,-0.9870688997060972,0.39944667924355864,1.0318498504973672,-0.6765771836206392,1.010057212073977,-0.2918712625994737,1.2387903385868992,-1.3214450063923302,-0.6371934075138646,0.9642726640601211,-0.14776466316022857,1.3341314409046112,-1.388913075390491,-1.259225894114404,-0.6673562414225821,0.9834537387484831,-0.12230740013503902,1.4490493658004664,-1.530395977574484,-1.318634138945595,-0.8756468075387523,0.5918253505949507,0.9994109074672902,0.033323797679042755,1.3536129311831417,-1.430399829366863,-1.2399345766103,-0.3331922136183701,1.213695695287929,-0.8895406881941254,0.5042493021291009,0.8094983841977936,0.16948400291724594,1.2723969887154314,-1.2079492773905092,-0.6448198751548511,1.057487198497693,-0.2762145028610244,1.1578590390590247,-1.0171093685939447,-0.17308983842608494,1.3829369243676113,-1.4490396790026823,-1.272142153058476,-0.6936991804295479,0.8923614801245207,0.2857931466664765,1.335918789074945,-0.9187159108952422,0.4569177709827932,1.1974642666061661,-0.7517709699638256,1.0915449428602444,-0.05241528323314747,1.4651041208416706,-1.492076704411964,-1.2953366152367782,-0.8971245725122656,0.5870744473229083,0.8334368544954984,0.31207833477837815,1.2889869899082667,-1.0045674653061911,-0.06352669601755277,1.3506320459661794,-1.3838017588981726,-1.0229901608424956,0.18131146976994647,1.305680523371141,-1.2948863210143113,-0.5837483624560822,0.7941589393626256,0.045730785345342896,1.3520692059630988,-1.5239725393183974,-1.2491796240138668,-0.4861216561520462,1.1255860601543077,-0.3968010006468143,1.2993936061641698,-0.9534232618144206,0.20174490082899738,1.2326735380024836,-1.133196765359644,0.012482595007010206,1.3773382163153327,-1.5641411049774885,-1.491878721224348,-0.93434176264215,0.22786811847115546,1.2480084501497617,-0.8620912232137509,0.29958296827547465,1.101244635905749,-0.5226829149757094,1.1437687401335055,-0.4971538285874395,0.9712260015458626,-0.3074072143686095,1.346430585783342,-1.15384687414324,-0.17817189845594178,1.3941848902991052,-1.4425937013349834,-1.2054952541851474,-0.43111836784680263,1.1187394034162628,-0.6943477429687882,0.8261737385857899,0.4469530348435758,0.9379122400643722,-0.27577795592381527,1.342221559921333,-1.379013399495066,-0.721641150483818,0.7671433507029691
periodic_087,non_chaotic,2.8,-0.22314355131295646,0.027279013156645566,0.47380498891071277,-1.8208430427010134,-1.111032696826548,-0.1766617931353856,-0.6856430841936177,-0.3724019537910441,0.01719636106852887,-0.7762631729459246,0.09454152885336682,0.4213378671357888,-0.023638363232694987,0.5855593059396144,-2.1031007635314087,-0.6286226132660785,0.7450047906612942,-0.8872226032455155,-1.0133141662429284,-0.20142915513639653,-0.10019876657025031,-0.580921758371867,1.628854576633345,0.18208686820767547,-0.9230226725718074,-1.42162874567241,0.2927357314807156,-0.9450397424796134,1.9160049599197437,0.313517400977035,0.4361926377382098,0.14696157071956814,0.9580023516194563,-2.3097510825271828,-1.202128160380575,0.8767652168830197,1.3101609002119967,-1.2318721844255667,-1.7738925228146842,0.07154654984853971,0.3669154396085183,0.0528339659260247,-0.13951125275050713,-1.8047625778810668,-0.43254837046063777,-0.29400326307373004,-0.5935055239739636,-1.8669074390868863,0.45920269352155835,0.720318668783375,-0.8224527616010013,-0.2569027381724868,-0.5458133688562967,-0.536782679685732,0.37411959307472836,0.39656147616280235,0.9145196868379394,0.8951540870025128,-0.24374081393256142,2.5566418271816054,1.3560350624351802,-0.6956191425267171,0.03352283982250089,-1.9292302553671237,-0.05878024610021289,1.4710110044798463,2.5001493842261278,-0.1967930021298098,0.22705007556006715,0.47832046761558167,1.755339868356904,-0.9974398536302025,2.383269964562516,-0.378714895822256,-1.1713582563477527,-0.37703249524695387,-0.8363532971606618,0.3054457481768506,-1.6194329646645622,0.047498456916511035,0.5328216852918398,1.2936722340906002,0.5482801339583555,1.2364740553940559,-0.6468644050331078,0.28215613508127607,-2.15539868208083,-0.19001894719083726,0.2752441936048386,0.35931508685806046,-1.546664556139796,-0.4466303944273916,-0.31710150278886995,-0.48278296311841284,0.5895342830841803,-0.2855725078877459,0.00818315327217327,-0.5390380421628667,0.9052775959215309,0.9744155994317967,-0.37060326185234266,2.5645254979977823,-0.7962815420887165,0.8517328316100767,-0.9677314428744085,0.6341507031972771,0.5616579848299615,-1.024165792443762,-0.2054568219916299,1.6513081164283876,-0.8407171220703804,0.2892880599634935,0.22760896197962885,-0.12339405991439463,-1.6925909517115418,0.6858123151039426,-0.07331344716291374,0.941534271917401,0.13123188842308736,-0.024204994370164195,0.2620407038526662,-1.0016735153197935,1.3636116226443336,-0.43292393735786083,-0.42098171760845876,1.116633668056076,0.14571188560278675,-0.30380489402897876,0.3003952483905248,0.49752795524634214,-0.1940623104903373,0.7728786015165767,-1.2646455721684604,0.15915448697954182,0.6594658693188464,0.4936357596912249,-2.166383553872781,-0.20173054028900056,-1.212132232989531,1.1105713073558572,-0.44710239564743154,1.0073723301030728,-1.2149261289360151,0.27885999227509617,-0.0767287144193451,2.4841352446869402,1.0103677646826261,0.9508616601252036,1.8000359807927726,0.17955663480375034,-0.17656324080871144
periodic_091,non_chaotic,3.2,-0.9162907318679084,-0.8412982174665591,1.0089332821193966,-0.8985169117672744,0.8362299560611585,-0.9689370660977671,1.085928894015319,-1.2786360490299065,1.1691042937816694,-1.1677227147272737,1.0354686226554852,-0.7437048137844011,1.1393399629270395,-1.2013011402456428,0.9811687827449772,-0.8210877166272565,0.8919933506738402,-1.043532032437168,0.9518716904336925,-0.9137047000982422,0.7914428630060505,-0.905876503405837,0.9190746066123284,-0.9948714609618883,0.974629913161831,-0.9095543415293456,1.0030870816772626,-0.7921874836960245,1.1441601962517407,-1.1043248729640711,1.196635786678233,-0.9486959010985372,1.0297421963732367,-0.8748689538225668,0.8606682177964708,-1.1858741196303793,1.0095066443747507,-1.0779353886889727,1.2955394720447522,-1.0999969330250714,1.0116435212593016,-0.9664882384073424,1.1779245510502718,-1.132140832657331,0.7809616739804609,-0.7986095613709392,1.0172658905058973,-0.8802393233771892,1.1256293081434388,-0.8494876511373264,0.9532704465246025,-1.0838874899941344,0.7273241064585031,-1.1321883583304992,1.014701535614203,-1.091211660650343,0.8467416577787065,-0.9862492556815458,1.1935146708709308,-1.0011091396851977,0.8478698961226184,-0.8156435724879871,0.8979488372285901,-0.786751391869079,0.9692880549726549,-0.9788905366682927,1.2239431395904128,-1.1819732548996935,0.8594177655919853,-1.0388785328397456,0.9864834012135515,-0.6244253817038188,0.8820409631346859,-1.1753766230455354,0.8753712227682909,-0.9608802440050618,1.0747183758810426,-1.092006168383593,1.008961416354154,-0.7217160846872729,1.0109344531961246,-0.9484747888683634,1.269748991216487,-1.0907410960898491,0.8994438990372087,-1.058861703458254,0.9323221541577904,-1.2475230417697885,1.0252900971281533,-0.9630011860126975,0.9800765396042906,-0.958738911312243,1.0420594891541524,-1.1770386245259672,1.0463219825537806,-0.9153139804007542,0.7830508111647138,-0.7890208744679617,0.8334931637475138,-1.1521998063534793,1.0342198113216439,-0.9186385890525675,1.1145963798399956,-0.9149677080943363,0.9334680159294788,-0.9781322807025499,0.9618137057966587,-0.9689601207423784,1.0155818653457822,-1.063779728957639,0.9575489177774897,-1.2518776935375333,1.1219202193007716,-0.9517462374173427,0.6839854725460299,-0.882554396579151,0.9986212375320801,-1.124079817908083,0.8628633901070855,-1.0893724083951035,0.8759728875882323,-1.104585290697276,1.2434526086978734,-0.9414752311530726,1.2902749664978184,-0.9617729799706581,1.086896680232592,-1.1162452505396778,0.9825658358696355,-1.0046921753543507,1.0925965602479601,-1.0001971613441805,1.055073884166044,-0.9492373672461186,0.9637421175628578,-1.0499278194801571,0.9126253995389798,-0.8421866523681387,0.9638016006027814,-0.9473708136216399,0.9841676331078347,-0.8449350855390977,0.7284646452173321,-0.9509906127508859,0.8308246022199629,-0.9387422656881113,0.98556494635191,-1.1996848843891108,1.0531629232654,-0.961990326577096,0.9737433982937853
chaotic_085,chaotic,3.95,0.5772677584353156,1.0265892707008941,-0.3370715460835298,1.2851427537450986,-1.5286771827480723,-1.1195711370877421,0.4994845676444755,0.6789484188464711,0.28658201680892254,0.860006138200751,-0.33417506213588877,1.4070478466735574,-1.5506925251579733,-1.207721657336258,0.1293680268239168,1.0959679399585347,-1.0141752922267173,0.5447357464112271,0.48207369745690326,0.690033218020627,0.2842585161141659,0.9327600513277587,-0.427312382089606,1.2611195675561984,-1.5685701855393304,-0.718047327233816,0.8638820150476431,-0.4105256683214779,1.2373774141403036,-1.3065514316699804,-0.1422004262148306,1.2706173185578429,-1.7298889374262687,-1.2747294651198133,0.1460489677845903,1.164154536612418,-1.0012113334169908,0.7120619175064857,0.13719866238342437,0.9488520464935037,-0.42557862246923633,1.2249706223117292,-1.4248435465924532,-0.3029782430893106,1.1249701000415968,-1.7469021903909845,-1.179251613609442,0.0313878260973898,1.1715432276904612,-1.3961897501087943,-0.035885694649293906,1.2775690431750917,-1.2080244940849003,-0.015898280959776072,1.162096067529114,-1.2530393280644554,-0.01850564812004244,1.0810060044096614,-1.285650679444458,0.0333219706650542,1.287688433061191,-1.366717243501643,-0.5058422207782968,1.288938441521677,-1.5717745995705008,-0.8184660885144014,0.9011432432905488,-0.37044960133142435,1.1166405017890217,-1.5733266804072212,-1.1044759432226683,0.2569960896765524,0.9162051908021188,-0.2757878915772523,1.2923802229947041,-1.7331105930380926,-1.2188935405444898,0.0016619516590385313,1.142855374853651,-1.216639572396645,-0.049734569738467016,1.2593464929102844,-1.4486517470743596,-0.6602896760937578,1.1137071452152805,-1.0264462510244357,0.41945992379629016,0.6230072489613603,0.38031641317120946,0.8212070928346237,0.10245735974651471,1.2287007236034337,-1.3530354703619916,0.05381770606093075,1.1321386521868169,-1.2714635289558334,-0.13526733532329913,1.1414123982881583,-1.3106579031233092,-0.2793808143107728,1.2917762922530096,-1.723736113566567,-1.2576272186621107,0.22299033264975063,1.0465367726067512,-0.6972123476872275,0.9261409073053889,-0.3914704083839279,1.2008236802751115,-1.5944188050009516,-0.856230260016194,0.8098766800693776,-0.13641995738223317,1.3176252966362536,-1.5010537167369695,-0.9467190545666031,0.7603434302439563,0.29674040904957166,1.0831518636371993,-0.6619067707070059,1.1254336907636702,-1.0419641592756907,0.5865392261405962,0.5954425495633243,0.5660715858242859,0.5881008295649194,0.5465147754419035,0.5396241162479075,0.7381138014030095,0.332174811063183,0.9819694080229004,-0.45419919708583417,1.178973267556094,-1.3600725223304186,-0.2444491332199488,1.233506424211037,-1.651224503113056,-1.3247925815115624,0.04629732285752482,1.199956264557812,-1.2800305577961435,0.10759215143400624,1.1784507350811844,-1.2039784103498443,0.3308683114286016,0.9169959619904157,-0.3310560688476302,1.2428917105233879,-1.4979653537773598,-0.47028111886944196,1.3583104496057068
periodic_061,non_chaotic,3.2,-0.9162907318679084,0.9817245900719569,-0.9394030979723498,0.7885353555087115,-0.9645413500698318,0.8645760639261075,-0.9769631954664975,1.0612514766086631,-1.0179706509480237,1.0872537511131593,-0.8858566883826574,1.0864907282092486,-0.9388217875525899,1.1128482466260017,-0.9412828065000712,0.7347019768556878,-1.1020980281325485,0.9336097785117953,-1.0058072517924763,1.0113415452534782,-1.104130983990883,1.2368841676354116,-1.0078885740626773,0.9614198226893289,-1.0855240253581286,0.8253965712160516,-1.0111460727930361,0.9662338341666727,-1.005763678939514,1.1885845500629542,-1.0111469171668994,0.9507310828591261,-0.882512217802929,0.9391003915705305,-0.9202112277058164,0.7877369645838592,-1.1675453586458417,0.9791447573424116,-1.0255333058265452,0.8519474209435492,-0.9772450874369796,0.9910356914717047,-1.0908720880165061,0.8915962348271547,-0.9642990583225821,0.8229783043956296,-1.0764097736429132,1.0354121190446868,-0.9971478121588317,0.8972783430385692,-1.1172617986358961,0.82405304610578,-1.0118909249342252,1.2392207577898249,-0.9165981667050845,0.7803845641199089,-0.8972771693486791,0.8587969067274133,-0.9945550967274768,0.8820245316712628,-0.7175585519448577,0.8075371021033126,-0.9510482622620828,0.8688464825488058,-0.8929585967748879,1.0025594388291672,-0.8225043334806327,1.0605737150631436,-1.0886367015928542,1.3608588944259203,-0.9180135385117442,0.8872429337339157,-0.9658121963490083,1.0486496336020863,-0.9129085669685373,1.0302335548338855,-0.8618582747400597,1.0810728136034962,-1.1096793913023173,1.250455960373999,-0.7249174402273021,1.071891639036027,-0.9886050764744493,0.9701047622697652,-1.0381216833771825,0.9359148143855406,-1.2926329311921165,1.17152271328111,-0.8330369974535085,0.7334142121293362,-0.8723083203765416,0.9614161598672805,-1.02108364917211,1.0297982279198832,-1.2319774971739634,0.9609332939252225,-0.9830334221161531,0.9734603787127367,-1.1807072434730137,1.0235242386809897,-0.8491078706332755,1.0181165133457877,-1.0252013826829285,1.3298257992410796,-1.1201997075593972,1.0681329465576852,-0.9606573657889161,1.2373765514606234,-0.9410567799373123,1.0445952048267748,-0.9248044147175377,0.8178903093415488,-1.1125911827791577,0.9248104765952618,-0.8631013550329145,0.9943139256684995,-1.0221340258010412,1.14992929140744,-1.2647155940476056,0.7854452415438323,-1.3349574892468812,1.1275400154841462,-1.0071054904527437,1.0944773069037408,-1.008817540182869,1.102249432654403,-1.0112074315584851,1.0184689674736074,-0.9578923643860846,1.0086050023248834,-0.7637358760554652,0.7405538766241944,-1.0032335199742553,0.9895175365810855,-0.9872949250549127,0.9081140973987198,-1.066940283325451,1.171488724509114,-1.0035528827586466,1.2955232881912164,-0.9217227162437659,0.9228995877266896,-0.9183888522547254,0.977351627517247,-0.8105580589727736,0.8029449642036925,-1.2399554844157312,1.011784476300527,-0.8797252717754617,1.0015282394001856,-0.9020232119140824
chaotic_036,chaotic,3.95,0.5909198513644153,0.4969476433268694,0.5024539317815728,0.37903368143177857,0.9249700861708624,-0.311235435982512,1.315522588230499,-1.6983012080037547,-1.2238911689058196,0.3329832765032282,0.7562905053255713,-0.155096163662564,1.3317549279208374,-1.5939280855956537,-1.1348820373705937,0.39441079995940026,0.8105134835794735,-0.24586489688247565,1.3157395549847062,-1.7344303840396338,-1.2138314909807608,0.10354567663634835,0.985694965816026,-0.8085576278727808,0.9446472952463653,-0.4404284516138863,1.3208688872840206,-1.7149803288449987,-1.1295312102766906,0.4861706363485132,0.7866850485860143,0.08297847946132063,1.2954453807917605,-1.3382027701946881,-0.04120840951474833,1.1334913226068208,-1.335022047790393,-0.19420167480655845,1.209203133646203,-1.5085129040885477,-0.4181928329568487,1.2676474805263418,-1.5954763973634027,-0.6842501080495385,1.0931713487755108,-0.9127614436231946,0.8361006614247803,-0.46383041762513233,1.2175564476909413,-1.7665195421378168,-1.258861432551245,0.03352293215394653,1.087457928246768,-1.1889121610701838,0.448470799923235,0.6898872854576426,0.2309370951593475,1.0050814608925795,-0.8267555562067431,1.0007667037862435,-0.8699195482584037,0.8696549352228694,-0.3950587485454303,1.363163244814567,-1.604707726518523,-1.1126628265388414,0.6013039055191968,0.47480538711028175,0.6174015375122498,0.24409275258058033,1.0121077360431785,-0.8758295439567724,1.002165723413611,-0.6160914180342558,1.1223667850876065,-1.1696663207068172,0.27028579193192853,0.8961772100558968,-0.2931625134328701,1.3005020858458474,-1.7039819746796112,-1.3668574649714136,-0.03451312627856387,1.037238926881584,-1.2802228503982807,-0.11531845877346385,1.2278954844908907,-1.4379862770733074,-0.39573911065425377,1.182196905406954,-1.6159921175234553,-0.7913004658204517,0.9255743889769994,-0.11308852308499968,1.299281267239033,-1.7447020443809016,-1.0821511834597526,0.38959698596085646,0.7630363652843916,0.010369858048828999,1.1465317462550904,-1.2289752466044415,0.16785182306978377,1.0954385006647316,-0.9563307428256022,0.6973152079623623,0.011699990466936079,1.4082821042566216,-1.5402527811238287,-0.8457422201368496,0.9531078918642101,-0.6903235831909388,1.1319370465644403,-0.9382126533278683,0.8642844649900087,-0.32078243107343796,1.3417182485240942,-1.7349218736042076,-1.343128775766952,0.18471917762355705,1.1435820303629078,-0.9494134037358387,0.7695104779227988,-0.020395224236638858,1.134238056461163,-1.2838992041165715,-0.09904252578961402,1.2927040330893915,-1.5211496158513769,-0.9859840639626913,0.7496515109855059,-0.08642663736823036,1.2136668723089044,-1.5250875406658762,-0.7930959416379919,0.91422030562163,-0.6416208388143883,1.133940566139232,-1.0586948342952995,0.444928781227702,0.7230649081461012,0.15313373179308506,1.0716688936725343,-1.0317862898051813,0.6916584793545499,0.15910017526743161,1.141283840879625,-0.7316472308473363,0.971363752607694,-0.47819118028763896,1.221951924985378
periodic_090,non_chaotic,3.5,-0.8725073457385806,-1.3452500014168711,0.8779785162180682,-0.556658691777067,0.9800207625670191,-1.2667522939197062,0.7144895689138914,-0.7321684797135027,1.1368801152586248,-1.4143616769271445,0.8368879529136157,-0.6645641361405465,1.124184557045135,-1.2292460295838106,0.7857911071092578,-0.6646038491529653,1.0536670390085636,-1.1930712160025534,0.656931453011403,-0.7205163372521775,1.1210730520733403,-1.1317879674974995,0.8881602852311279,-0.6744243613641223,1.1477518045532165,-1.141080224782357,0.8429559847590398,-0.827910251703253,0.9577458483359779,-1.1978776085737666,0.9013167373166304,-0.717307814117802,1.0550089922502686,-1.2444969060644815,0.9000162564205108,-0.6463055529249435,1.0046079814039912,-1.4321013838322088,0.7916811562731915,-0.8228976490530747,0.9762273219935996,-1.1105400832016832,0.6611413421868836,-0.6472820972644983,1.19901462715655,-1.1666989602708278,0.906527336679712,-0.565281622167948,1.2835417022848576,-1.2910873848257944,0.9229465945231241,-0.5695364798995384,1.028402412525701,-1.285558688820702,0.8194297253404411,-0.6481237722797129,0.9284689012948352,-1.1233782007776432,0.9312724453277191,-0.6356855444968067,0.8835999070284185,-1.362257057122896,1.023541497483617,-0.7096945459036806,0.9452542422960372,-1.2405628494933103,0.9452922587841607,-0.6413228069715703,1.0970302998606787,-1.152415128443386,0.8120813209268043,-0.6404936780224589,1.1245587316531853,-1.2747737354259279,0.8432354586530211,-0.7257228850246545,1.114647338994623,-1.290170141229786,0.9504919387926191,-0.7442787760641155,1.2627949192823908,-1.317942090635576,0.9685287421204017,-0.5996838921838276,1.1275336206382338,-1.2545345005497466,0.8094815652330777,-0.7424545735802106,1.132734228745417,-1.266291071667883,0.993894864048759,-0.736428349842609,1.0735298802064908,-1.4224975893378666,0.9418557973776379,-0.6392273375467497,1.205774050206052,-1.1622650931266338,0.9558811214998743,-0.6124247465215698,1.1703764087184714,-1.1882426520951928,0.7021355776230934,-0.798656615594753,0.9897041695602204,-1.1394323344574306,0.8042740986304929,-0.7526578662020252,1.1121786444255441,-1.3818880942936094,0.9164916343610654,-0.8980557596706636,0.9979701728721474,-1.2427624371154051,0.7600357021048781,-0.5672874095511578,1.1160001192294382,-1.1527520653781358,0.9143091991634414,-0.6937347255305032,1.0154202502120286,-1.1723236454005608,0.9223469740236485,-0.4915242373976496,1.1914340308677933,-1.3002665161819433,0.9077029935650645,-0.6518698081388696,1.223701436402237,-1.1344462728811595,0.864166718784295,-0.809818565019609,0.932737745981809,-1.371844976951476,0.8227133059303479,-0.547494155478916,1.2580896600337843,-1.1693324293329617,0.9984582667157803,-0.7608106596183867,0.9653875595514703,-1.3590153908241596,0.6835349412661123,-0.8000227555574265,1.0627390479113428,-1.245859620421624,0.892853459923665,-0.7590981204941646,1.1664103920561175,-1.3266003299734213,0.8807576843386206
chaotic_061,chaotic,3.9,0.5122216074142328,0.9651417822888843,-0.9310898861876581,0.6930014374805771,0.09065962701990778,1.0543979840998061,-0.9318396757502095,0.8754019395419258,0.09953691359217617,1.3129737217185713,-1.5179309955537879,-0.3857623020590285,1.2901543688429316,-1.588743183623139,-0.6465393961965136,1.1739674716077584,-1.232819813932921,-0.0234307968261306,1.0598308729251857,-1.0064527005685853,0.5901424805860613,0.45201396427220697,0.679768249787523,0.0878828019790753,1.1105428361764937,-1.5358962307466237,-0.21656216745833373,1.1884296455514334,-1.592097195640122,-0.7547632133699875,1.0015009333087759,-0.8016383847915246,1.0465243812300964,-0.7791446129160088,1.0772978339035553,-0.7293643968573942,0.9855535495974528,-0.9651340479109803,0.8747687739632457,-0.45178401998823947,1.172968630708574,-1.5500555900440764,-0.8511512173038162,1.123430119053724,-0.7875776327028078,0.9556875383630586,-0.6451751938652839,1.2191270270268002,-1.2543744288982857,0.11109501557924237,1.0487520211628363,-0.9233193137574489,0.8328822296437608,-0.5962927113111056,1.2260592624306441,-1.374043291106304,-0.06769424175325538,1.182063937486727,-1.477056269299142,-0.5320062264858834,1.140418214694938,-1.3452627711360565,-0.13219509706547936,1.1979663845737156,-1.5004739666045999,-0.49961200919518073,1.209711916230667,-1.4601897673071234,-0.3796114086923037,1.2741934609533074,-1.6662667991191642,-0.8922293799665849,0.9086657642100433,-0.42947232888853265,1.2383105910540764,-1.490832041674403,-0.39456444081095604,1.3051750615798585,-1.749333139120268,-0.7060930339118231,0.8821647246413143,-0.8103069678846642,1.0150607627798787,-0.7122957749960894,0.9960056952326732,-0.32240168585993095,1.2847829722749546,-1.706596811497944,-0.7241835025180879,0.9951056786999929,-0.8522292631380299,0.9678941510379194,-0.6058327927561517,1.2276580437335545,-1.386791721144494,0.14771997095086353,0.9918171779016547,-0.8834689807319731,0.9031811394846491,-0.43393803815530246,1.2736559659746505,-1.603913683385315,-0.7945898146953161,0.9819829650454954,-0.7518869150767465,0.9729383409768264,-0.7737154945781457,0.9686816403847125,-0.7024440979033559,1.2058612333718632,-0.9988863452532962,0.5941683990463147,0.3012736057549377,0.8033689175559237,-0.35454163340252337,1.2465791236598383,-1.6889285979588797,-0.7796921914202705,0.9168134384747718,-0.5752080676185976,1.1485837658042097,-1.1188975542330533,-0.02644066054800245,1.023766597945699,-1.3255114277627118,0.2816513674738542,1.0364013410118516,-0.5932743861243963,1.271746109846912,-1.271512899170566,-0.013315020475238238,1.1548250054741207,-1.2522442006150654,0.19061949548601326,1.0852630749611507,-0.9322717502604928,0.8282053644665032,-0.11169089219878589,1.2833493578996222,-1.5477818890684683,-0.7619360872944169,0.977359541440715,-0.5728659452992602,1.2260216860825899,-1.2007766671523596,0.1878367341570532,0.9746627815393124,-0.7391628902372092,0.9937140841003327,-0.716682532392191,1.2453735043060519
chaotic_022,chaotic,3.7,0.3663415917335971,0.7031790155240315,-0.5958396569419944,1.2678107854728702,-1.9957801833253577,0.31284451381368167,-0.05631585253220275,0.8462678956838269,-0.4938282967839059,1.3285053837708864,-2.1312044092219447,0.29688488265955776,0.290971220222858,0.37563260265148274,0.25283298095473977,0.37241832009937637,0.007410421124715525,0.7840719515228195,-0.5138725391365612,1.1483765236457761,-1.9527478883608653,0.15796352429838173,0.007516198391052555,0.5997476681203152,-0.49263945316699437,1.1374612582644827,-1.60030290065851,0.6374963976114262,-0.8712768468970278,1.1815945882414387,-2.011082945520042,0.061303052024089456,0.48173469566950883,-0.056013214895109735,0.8077414296136786,-0.6681888793816627,1.2295659745338536,-2.1527626992564928,0.14746147141767438,0.24972810021001102,0.285177456916165,0.26265936383277594,0.32201603416559255,0.33950411122938534,0.08537492006783588,0.46256895819620414,-0.028085475523371168,0.8374135105039555,-0.5596366891973216,1.2014706833812867,-2.0479754973111444,0.2658391437459614,0.4235985618037921,0.023916930202743245,0.49142079826746515,-0.4287340995835165,1.0046157047161202,-1.7412105988618338,0.8121155004598625,-1.0698666886833899,1.324081882804749,-1.9723911972195056,0.14724735316880425,0.3770083754609006,-0.06893574526464519,0.5369979412338164,-0.20796598352533363,1.0914682470018842,-1.3490101488947228,1.2444237113520669,-1.8000424040860414,0.6769713634738901,-0.668489033262563,1.4341359457665381,-1.9874344039800986,0.2260421152309806,0.19564713492460203,-0.10778216658955826,0.6310271786377838,-0.3516772831180327,0.955530221318136,-1.4304933523278904,1.0306909609620953,-1.2113859067564667,1.1345166742265702,-1.4717936413152688,0.8642637612406873,-0.9047130996162178,1.3807478541756184,-2.157356362429824,0.47089283970253387,0.5160345589661319,0.010770542603802322,0.8294291505505458,-0.4918122898762534,1.3339869818331918,-2.1587011192458188,0.43700098827962697,0.2713127037043889,0.3013399194597617,0.18780653241923123,0.3255736371926565,0.28010346453601487,0.23144295973445952,0.4004189387976247,0.2609419592917678,0.8518168115591124,-0.3894317571860238,1.1295671960102196,-1.6386464799828167,0.9665375307034203,-0.9071464713254294,1.2332414677286716,-1.964863382659672,0.13014943729264522,0.4833536416013656,-0.20231251968171218,0.8677253787004102,-0.5348249440326345,1.3373972208663703,-1.8850350188022096,0.1553404402268621,0.42291178658155604,0.02943383424162337,0.553748257258256,-0.14971164017127478,1.000241823046473,-1.3671057690616453,1.038812325084945,-1.8784576344530912,0.7357021173993396,-0.26174798592008813,1.3050458034895351,-1.9257361029759161,0.8341349769941071,-0.3869941312894553,1.0213409309656505,-1.7873049849926455,0.7739545137370323,-0.36310451343428773,1.0080582958743298,-1.5863950158878175,0.5893201900456156,-0.7648684770387189,1.3813459587321766,-2.0364945892715443,0.17742550421124592,0.5083946974878975,0.18351157358875883,0.7605674551637501,-0.2536172287594185
periodic_041,non_chaotic,3.5,-0.8725073457385807,1.0606928654862706,-1.1561505669773235,0.9591982275733617,-0.8505705076968454,0.9606272726708618,-1.0640043099531589,0.953416688793954,-0.8145800901883847,0.9438826422235569,-1.2382968495910782,0.7551331652981627,-0.7241918349237687,1.0894618630320312,-1.2668000479399995,0.9719920490645779,-0.5185531875118291,1.0482054877154308,-1.3662251976281803,0.9014828341961194,-0.5379824852258779,1.0554412131613222,-1.1768778768670853,0.7843024993108368,-0.6918875498923589,0.9829214559246287,-1.2571205358329585,0.8531857399003271,-0.6357958021342723,1.2639294246058523,-1.2953268143740584,0.6731808595603849,-0.7132379390854441,1.12258986898334,-1.2388580979735289,0.8492700011606794,-0.5517236777247316,1.1070003432842963,-1.268172385457405,0.7899828160914484,-0.8608727160640876,1.1254491033906406,-1.2346986300627447,0.7630649255767507,-0.6981618308960911,1.080231409228925,-1.317846142239006,0.7884913170098169,-0.655202648237355,1.0723975799947654,-1.3146435222687727,0.7819572870224696,-0.7063447631497889,1.1823437396971477,-1.2384050462516025,0.8416522855341917,-0.6644349183254243,1.2243898785075182,-1.211281699721262,0.8891868236460719,-0.6328895140306365,1.0788777647631018,-1.2405625206373627,0.8175818436779047,-0.8421238351078261,1.1267493767788803,-1.225019907909711,0.8368167625997892,-0.5949160624266944,1.0250094128366127,-1.427466239176568,0.797685700846757,-0.8412049193548548,1.1262906369528007,-1.330040088907365,0.95843399747087,-0.6018000093297556,1.005571068618839,-1.3353953857873815,0.9153987793985326,-0.6002667994904973,0.9016129277091381,-1.2312335416201197,0.6542691012970696,-0.7463483015475431,1.1985134557984574,-0.9704795899959777,0.8414896249392001,-0.8131210369377689,1.0449008458725004,-1.2518408783592816,0.8002543976274658,-0.7823160854909217,1.0531821749177912,-1.2203462754117838,0.8481243572012824,-0.7781849989386938,1.0299357265422415,-1.2977128105717437,0.7687906118597572,-0.7615101798372462,1.1555001001668166,-1.2801701382427622,0.6967168886585435,-0.5959552523705065,1.1338112666152083,-1.3903568492511305,0.8293933784311736,-0.7696301364207907,1.1586800460254185,-1.2936786957520023,0.8573608671237472,-0.7120040414819916,0.9525083815157441,-1.123826961549221,0.9276226485207701,-0.7653562184745821,1.1123191653378999,-1.1650488885725778,0.8696443731447352,-0.5451248503214217,1.3728714087085985,-1.2702106913408677,0.8086379339678205,-0.7884892275010351,0.882405579468818,-1.138857151460893,0.830529375158864,-0.6102534686366635,1.1968690225675465,-1.361475888820746,0.7753486221418624,-0.5271620893810407,1.0872839623809927,-1.3212666940884417,0.7644180861196521,-0.7074411434062188,1.2381066245559178,-1.1926411519174174,0.8816895949421671,-0.5420885577975008,1.2273901746636737,-1.2262201997167606,1.12966038174793,-0.7175695915149296,1.1989313054221449,-1.2957188088968798,0.9506115912860228,-0.7176617340943282,1.1380788062743095,-1.029704734226257
periodic_001,non_chaotic,3.5,-0.8725073457385807,0.9065545679793036,-0.64408761064504,1.0898539182428848,-1.2235450706318813,0.7691755331759481,-0.808518383495191,1.0809367427931,-1.325586597539717,0.9972154298249275,-0.6607762476470189,1.0221412096740456,-1.2865820360419087,0.8737286506642085,-0.7031163938099997,1.1165605719621665,-1.254078391034615,0.7281515126012452,-0.902125485507844,1.054900661018391,-1.2070861254965206,0.8263984018604366,-0.5784726246777666,1.0861170741602355,-1.130965769646087,0.971078298383967,-0.5961747843389198,0.9756083124999088,-1.2590002412622225,0.9778495178441475,-0.6705981594058797,1.1435626779062007,-1.3932424633672658,1.0443498265472133,-0.7722303134146106,0.9000411431772377,-1.294185946876549,0.6271778512850865,-0.800296482299988,1.3350476970076515,-1.29694861014945,0.7246039177361283,-0.694202042857396,1.0048169169860366,-1.178038168450578,0.7760298364081282,-0.6707520824500907,0.9810020286784767,-1.0123159625491227,0.9091389550236437,-0.7105213379387617,1.062606373675693,-1.3135311792458702,0.7883198063008408,-0.7719458138158944,1.2509513503781862,-1.3134369702617907,0.6575671003196787,-0.808020518591585,1.179235497207479,-1.2847460229102157,0.848209933775204,-0.5848501652829403,1.016343093105814,-1.200214109923645,0.797208311344328,-0.6415974568388495,1.0532261343419462,-1.2837165458501025,0.9393796321774003,-0.6251497038833118,1.0747911461624935,-1.3056988209853575,1.0138098660305932,-0.6403119889698553,1.0532255077740027,-1.3230363310984734,0.958943622845822,-0.6855933035957132,1.0749702905398526,-1.2496527250925054,0.8932951678277722,-0.7020354254222627,1.2056020791851876,-1.1403154910181452,0.9118394533940113,-0.5652727325400375,1.0914086412172932,-1.1946808337673889,0.9569905866347509,-0.599255948425509,1.1781151967709977,-1.2003314886082008,1.0480128163584335,-0.7481838905036191,1.075766384340195,-1.2811331560532702,0.8258539806889514,-0.886634669149679,1.2219571321298737,-1.3586701092160083,0.8772454714468576,-0.8324696448155858,1.1499025897549224,-1.3356779391569826,0.7524861164922355,-0.6780507245555039,1.0236457254255795,-1.315495482480119,0.8774341431227269,-0.6201847852645376,1.0124034347548885,-1.35534058764118,0.8632643753588889,-0.6450966716733273,1.2303545455371152,-1.3629972221320832,0.8306407474259379,-0.5842796162743646,1.27911449118639,-1.3555219806541252,0.7904314813587986,-0.6602072185887595,1.0353968394902955,-1.333178094779325,0.8843783876119756,-0.5485810751787761,0.9654834343703582,-1.1174808533671305,0.8061048039930656,-0.6635807084693752,1.2425933257012294,-1.2295551616131728,0.8325971147843578,-0.628001619288222,1.0740518047006702,-1.210825882221891,0.8414645733405817,-0.6143409752445355,0.9573861241005476,-1.357474007604943,0.7264057605676817,-0.7020106108608595,0.944458375259743,-1.3267384010280088,0.7552046651008806,-0.55524468095314,0.9959430992661237,-1.383559864778094,0.8847479454988226,-0.5354531924095232
chaotic_033,chaotic,3.9,0.5034156722296417,-1.1279618374693035,0.3851718763598843,0.7308442206013112,0.05354257756337099,1.2155613908469904,-1.3396641760581387,0.02029129949553104,1.1476996276045617,-1.0175245338559316,0.7012055038452385,0.29885825297874913,0.9105262543933661,-0.6576758356854089,1.2822385523152895,-1.1206048718966881,0.3095529236691329,0.8166892282728948,-0.2694989436784678,1.2146816502759525,-1.508629702349358,-0.8331069597939066,1.024420997250678,-0.47508199501268167,1.1775287121223654,-1.4232963913887615,-0.4500690875937057,1.2835089722568576,-1.5745098427852475,-0.7208642978912458,0.8410939306207863,-0.4035371883201653,1.2833372086762664,-1.259437704948628,-0.13606292496107636,1.3413474499976055,-1.6004888161065822,-0.5477158919082765,1.1011084373456843,-1.1754827174382956,0.4182025584758628,0.6311072050779843,0.30523726003633694,0.8701821931409479,-0.2693193757512413,1.1422280109939082,-1.4340822674817832,-0.5910979226201251,1.033391085547122,-0.904202072656411,0.8470862140946943,0.041301347703017514,1.217517025424911,-1.1915660708732172,0.016746955237553696,1.1749408723891872,-1.1428933745520098,0.322752787698606,0.8468419089181689,-0.21750715613714242,1.2935524556898412,-1.6314377081770333,-0.7218731274759201,0.9008351321608496,-0.4949964171905232,1.2098463083751896,-1.3140864581745482,-0.26135214004388646,1.330694924155154,-1.5391327094273046,-0.4855812783010839,1.143151897004789,-1.1493985459685494,0.45523198062253206,0.8677081746639819,-0.17850731795547103,1.2947855033436297,-1.5397532579484918,-0.7803171485663292,1.0055936434049595,-0.4853369334801772,1.1852241996538682,-1.4509092290472738,-0.31122999621262465,1.272659119586125,-1.501218086602728,-0.6393442291284507,0.9604377592612117,-0.7065641296794412,0.9995056657893698,-0.7437712768009935,0.843988208503051,-0.06442672437447101,1.1761726221599287,-1.4604856474882193,-0.4295285909796748,1.2222384750636741,-1.3017723301785695,-0.06428770607750366,1.22915999062572,-1.6274789882730119,-0.8239561804250427,1.0774896156923122,-0.4388770266472437,1.205205201337978,-1.281874914759226,-0.041617871567573295,1.2673793121007244,-1.2932208871666366,0.033231260843013664,1.2229181909410045,-1.1897646662652581,0.24711285682531856,0.9764563559255548,-0.4627725606124401,1.3161355639241286,-1.2290562326903778,0.10581655528332512,1.1678361637936288,-1.2148475877435994,0.3241379513550799,0.9627196810836818,-0.5364116092707129,1.2264009139459198,-1.40955754840056,-0.33635441013365597,1.3853745838648712,-1.5238306321988688,-0.658726226052873,1.0132420883897864,-0.5696132371822118,1.1056807479760717,-1.1192501478992856,0.38716640358548593,0.7157043844195785,-0.08045145928434391,1.2204806072117946,-1.354924483666933,-0.2118762366268584,1.2544375303334017,-1.5361657655939094,-0.7963378439639085,0.7644560359992637,-0.4736120102654559,1.3186944476530693,-1.5165263606750554,-0.30432548398450276,1.3909595546658478,-1.6002224581196915,-0.7346278580754096,0.9269070775922003
chaotic_011,chaotic,3.7,0.3632007160697008,0.07980934614682776,0.6433752153810545,-0.48643532905982,1.0415037309613484,-1.7556392789703763,0.7179712048550846,-0.4072319571771438,0.9834259052032638,-1.5027061258708059,0.9154169870491993,-0.9468560482779179,1.272051902245506,-2.2205719466080382,0.09603491702500398,0.449078117372667,0.09488712938485597,0.7501619999963587,-0.6505180398468157,1.2346278797536168,-2.008308450179037,0.2486499190110211,0.4915344412374894,0.10699451671281057,0.4025334215543935,-0.2853212216978859,0.8904924947843362,-1.1683112858705744,1.3134592804044136,-2.0277169746821047,0.5923473627364296,0.07646315482902667,0.4418795421441733,0.014164038472678431,0.5592089657711634,-0.23167124266295808,0.8045474261681099,-1.2741741265776383,1.341539890325116,-1.6572439157729955,0.8947534471577255,-0.7447321935041489,1.2844722596785638,-2.1297956962977587,-0.03381461670728437,0.5736425437821641,-0.051591087857540206,0.7256529834856407,-0.7344603717610853,1.2353378539136692,-2.1032165733797368,0.2950117589651079,0.3149451987481933,0.1798809528329303,0.5424868365788467,-0.4756675590731598,1.3565386754140698,-1.5357636851662795,0.8344657646885618,-0.8342299290711526,1.2396642661848307,-2.0388445125240335,0.24405935539946214,0.4306263362920622,0.09037818038539937,0.6356548118281808,-0.4960316510851492,1.0707095792115207,-1.4417625072243392,0.8132457242965084,-1.0802150688087362,1.1835848032797283,-1.951665175282832,0.34295619749896805,0.34859126588853245,0.5545112564556433,-0.16153638253025385,0.8825203547081304,-0.7935020711134495,1.230761597240576,-2.0017773252291917,0.21308964267330796,0.49386242636074573,0.08220119929529217,0.4996557891504915,-0.213927859440424,0.8889559891749895,-0.9362362110238737,1.3340704410260842,-1.8036566797796065,0.5890280215752297,0.134658021612932,0.4494386132364431,-0.029986265524288503,0.5853601220013658,-0.4285343253918851,1.026433825748604,-1.6699562456154309,0.9060103724087969,-1.1035917368448536,1.3721931305438104,-2.1204884753051205,0.5559632023436893,0.34238240242311424,0.19638712604204353,0.3884554909004143,0.11165000143033428,0.964506459349621,-0.7757165382598787,1.1640693735666356,-2.046662180721624,0.08850854417841575,0.647618385968553,0.059115849740334146,0.816493258558704,-0.9419873992717749,1.1858646898194627,-1.9519113622420563,0.4061758251767461,0.48120622099001364,0.061907368249970084,0.49813383640897796,0.14288702136203665,0.5608127230872341,-0.5109930126679809,1.2472190849267826,-1.850270934268182,0.41500037220785513,-0.26375764523633305,0.9928305754779496,-1.2762650971691696,1.1161483318399494,-1.7253156041008901,0.7831691532033521,-0.604100317405601,1.2425069284130026,-2.0256777517853974,0.35597203397707666,0.06856825339375991,0.45237212675709865,0.1594401474289211,0.5673998157926468,-0.053361903969241724,0.7516426223335474,-1.2533950837721537,1.2961077514685355,-1.9703161973184327,0.3883257747217474,0.17258525130235605,0.5399738038648659,0.12445298202957183
periodic_094,non_chaotic,3.5,-0.8725073457385808,-0.6933112536289375,1.0458068294066112,-1.1279894303326152,0.8594939657117465,-0.7528864009156919,1.0711780067694558,-1.0631462140889585,0.8899805634430595,-0.7374041311936388,1.0531605414661178,-1.2120342551342314,0.7919278532342066,-0.748647507211744,1.0562762707789086,-1.1128106061762204,0.9058465540024341,-0.7392472864329547,1.1390167265771358,-1.2547802598211595,0.8638916566430485,-0.6769192390180329,0.8590026656449727,-1.542006873091124,0.8528042428401585,-0.7809149807017783,0.9032702395540452,-1.3328446352826797,0.9184094855390511,-0.6671255686116078,1.129876282378393,-1.2130007449402969,0.7451459673733204,-0.6277712117249763,1.1123925874343419,-1.2666280134131354,0.8370349081647521,-0.6262748357207946,0.986901544026148,-1.1533386782112194,0.8846164232092839,-0.7005444880440708,1.201257440299119,-1.3772370114452939,0.7882530616775743,-0.764879733210213,1.0909964681405404,-1.1444540326173014,0.739112915594445,-0.39008127907786455,0.9950496021422386,-1.2216863236333213,0.8317571460993273,-0.696418567810909,0.9828636381904328,-1.1552500536366401,0.7512467631753897,-0.8670138833471491,0.9518866865599437,-1.1197444848977707,0.9490332050982025,-0.8894117192866835,1.1338207859777787,-1.4418629278885151,0.8289455902445932,-0.8142702237761159,1.1410627032006628,-1.2034548743728668,0.9235728500942462,-0.7285055469600054,1.0393578699360289,-1.3964963820101801,0.734652019950029,-0.6116064378352629,1.091858701489221,-1.2457798702221234,0.9501275550850649,-0.8229537855833203,1.1250252781620451,-1.366412008568485,0.9704063034617868,-0.6495829483644859,1.1479914434997234,-1.3215320621155986,1.036594573676052,-0.512917288593626,1.0977906324307298,-1.1451261701482598,0.8031310894330195,-0.8199780524747984,1.1321347370409995,-1.3419896887561493,0.954648952738063,-0.6022711595637136,1.0794483776315362,-1.238734485547885,0.92448539572264,-0.6749511223013653,1.019326056996022,-1.3979307657799886,0.9216292333979678,-0.6663160250038863,1.3163379318273334,-1.264600500766208,0.8598922738432216,-0.6701634440224282,1.1185033423319115,-1.3464605638522327,0.8242474005236756,-0.6229670816098054,1.0260647992001817,-1.181318206925982,0.8405947571027755,-0.6629858544110039,1.1655328012069066,-1.2769546318881007,0.6950488352844755,-0.725789320089997,0.9797485457680853,-1.455378621040362,0.8214779303432593,-0.6820503126040255,1.1532791772643207,-1.3626669682684986,0.8398250049824142,-0.5947302441338853,1.003330753507415,-1.2051879229958469,0.981670151583065,-0.8758003207121098,1.0829664858944714,-1.1462889677097206,0.7985420523351207,-0.5704186314051711,1.1169492995146857,-1.0892886376214665,0.8862490665331767,-0.5266412637129917,1.085536639953762,-1.384141713619529,0.7721985336937175,-0.6050432894802377,1.1512047133548375,-1.284778699723535,1.0010863483402639,-0.7340252272201266,1.1007604460312395,-1.2147688662610914,0.7064571308588439,-0.7111415590977344,1.281061565075933
periodic_059,non_chaotic,2.8,-0.22314355131295646,-0.9778419332057103,-0.7087720908625874,-1.4136323768623649,0.15600782838205676,-0.018425279227535202,0.7929968057373078,0.5089240305066413,0.618929604063125,-1.4749152381118902,-0.5840691213471667,0.948439748353256,-0.49869866985607625,-1.5581588849883883,0.8113529413536342,-0.5363384412576695,1.0590952201693538,0.0073577950361868195,-0.24442906062469302,1.3514991616611702,-1.2420590437236023,1.420603360601734,-0.5967457540152643,0.18324013937235556,0.19243421490248572,-0.3902646744750648,-0.716173722257786,-0.3345207485636739,-0.9617781672740559,1.934032400917051,-0.4428112308009541,1.1527938881936117,1.0245928440019973,0.378361545243966,-0.10672672580755427,0.21380034443540585,0.5819277258911686,0.12301728612506964,-1.498991139409552,-1.743731986728091,1.4933429876510909,-2.5379966303119557,0.21565204005702476,-0.20333306997699385,0.18171396288435143,-1.0837817113316204,0.36644153182528305,0.22570317290913713,2.7114160725519105,0.15172862247703645,1.336948925206235,-1.432773459985102,1.0177071239865614,0.24541074723577888,0.28769750129067434,0.30115234397268215,1.685341504330628,0.2734601110960113,-0.7375862655877442,-0.5739628096802327,0.8202430675201487,0.46059522670969755,-1.4636994690809955,0.5259597363402384,-1.0277198958870402,0.4516471901725726,-0.7584370953627952,-0.2485757741582292,-0.5047620102387956,1.5029986227900587,0.4162242381235989,1.2521892632449574,2.841977838445577,0.07080932095954477,1.4865347121043826,-0.6552157341101643,1.2461234390407951,-0.7603388967870813,0.0073573954735825075,0.5475926123688984,0.7006793146251141,-1.2127713798272335,-0.8182381896026706,0.6201428946385745,-0.33247221991596027,-1.3341841980378357,-0.04377892319312948,-0.09047224678176818,0.19739084825759598,0.5401633468336838,0.4782977192600147,-0.7220697900100655,-0.37441508340349866,0.9279035275942407,-0.5031824455165431,-0.3591053889926802,-1.438205462652318,-0.0026295835047814944,0.36118112794811147,-1.8966516730684573,-1.0159558121658776,-1.3579023464867408,0.7922480936239547,-1.8352219137297283,-0.051277775894887224,0.7236694526202718,0.20800176590957892,-0.4027553705376631,0.3623465665657362,1.0341274354003491,-0.07942039130043688,-2.152952019994864,1.1418835223625543,0.4146840708037694,-0.006906277329579479,-1.9013980117161249,-0.2649463576415918,-0.8264642178780627,-1.158024908059485,-0.10747623201642904,-0.49616019003733175,-0.4320782160384558,0.7448434960217841,0.27391510382141304,-0.4568050441541499,-0.5802312750202192,-0.41725124491163135,-0.21546124601966032,0.5934859882257518,-0.9890164216492902,1.4441646911607178,0.5941882221377962,-2.638411917886723,0.10830803976142177,1.03778872976344,0.40343875613549984,-0.37588656101571577,-0.03416201325676986,0.1987577174001042,0.7739929238837072,-1.351449319503825,-0.5633392268118887,1.6194188731995671,0.0573269853505823,1.51174402245945,2.9299075147718554,-0.45341939354870814,-1.1395419481505853,-0.23305728547309998,1.0944651058648227,1.230574582517048
chaotic_006,chaotic,3.9,0.4924345101202973,0.47506348612903154,0.6737279429944865,0.22707633639428074,0.9782811652981086,-0.35632798703217416,1.3281736557406847,-1.4382378874218646,-0.38038919639865987,1.0973732845802726,-1.4353783661470636,-0.361974602149102,1.2718818700747416,-1.6158839561343605,-0.8004783370665225,1.0652946250194735,-0.526404650028734,1.2212720239125745,-1.3418025399210458,-0.068052235150596,1.217879976316241,-1.3797015316934622,-0.21374460176448123,1.3718457465720504,-1.5625193488798201,-0.7631798929509569,0.8542056243839706,-0.4784063317442328,1.2781480107728223,-1.3518048562862284,-0.2731833416255075,1.3226489431427522,-1.5511086481001837,-0.7246380823821085,0.9461864403793935,-0.49201997962171207,1.2407849229856038,-1.6040734118402182,-0.27963813891934836,1.0279938112697056,-1.6908937858335755,-0.7617317394035134,0.972742602632705,-0.5860530682994844,1.151046170367328,-1.2475122322014252,-0.12855935131814183,1.3737011381069846,-1.4483310463440864,-0.37268756613412496,1.350921568397883,-1.5043316654442522,-0.6520225373661537,1.139240254009708,-1.161775603517118,0.2297628260323287,0.8286183393300167,-0.28740829715679606,1.3240224477821703,-1.5766316662259412,-0.8080225564953771,0.9365377738620514,-0.5009980128103755,1.2343999152156326,-1.3914322149278333,-0.14023000293166138,1.2889441447370742,-1.4351280713072312,-0.3801169893139054,1.2939334627168826,-1.5526852983451302,-0.9008789064276052,0.9431041335731476,-0.42364730755991575,1.2421866325046733,-1.3694250848068257,-0.3845834913815217,1.2863959662877895,-1.601424300497261,-0.8302772146859327,0.9881002584411642,-0.38556390250164846,1.3292001824387798,-1.307473885250818,-0.2525324997543114,1.2874450527806112,-1.5308513692533596,-0.7870201217492625,0.9454237633596331,-0.44323127619444774,1.2012247425909428,-1.4115482632753813,-0.19686923698766443,1.2938746611910665,-1.5368630859080898,-0.6382014570973147,1.1279000045475354,-0.9769764947968256,0.7573586330278016,0.13100027632925607,1.0124677650221332,-0.8852983833226662,0.6325400797071936,0.09959770964753961,0.9210376293504924,-0.7167400608303228,1.0967532907864939,-0.9995261906888088,0.6378924377009296,0.2587689637833443,0.9968711436745036,-0.5882819386160253,1.1559281052045467,-1.0619474036914571,0.30073024366243084,0.6350244027257376,0.07986753022151359,0.9743197043999261,-0.6004175974785584,1.2039972309860043,-1.048296409453931,0.40305566136780185,0.7044370230614075,0.06966350710414096,1.114934217118388,-1.1690589586785436,0.3616060157207249,0.8375958424993772,-0.2649690915316833,1.3069694377369891,-1.6367849448966647,-0.7143157810596407,1.0038203518067341,-0.5535477032024559,1.1165281804857288,-1.2823979880924057,0.1341273526452242,1.0658223530182394,-0.8421332983346446,0.9834274000973477,-0.6302402443732226,1.1597057394750783,-1.244052872214437,0.2705000481707074,0.998009927474918,-0.8662129951003219,0.703508316213733,0.16728761247972623,1.0674702459471745,-0.843893370263542,0.8217944730664911
chaotic_027,chaotic,3.95,0.5733504567506729,-0.3312385319474254,1.2235732707727818,-1.62534422131189,-1.3254483721251535,0.15432792085173952,1.1898627459350062,-1.0479142809303212,0.417679415816135,0.7710559958692164,0.12046867469169327,1.0976717766426454,-0.9887383784765914,0.3450861709921682,0.887198234396116,-0.30730680581402847,1.371993788746368,-1.5393759961939488,-1.1137772057122017,0.3812505148875526,0.9054587612356246,-0.28252448183339246,1.3353005043406874,-1.719709344329108,-1.2818104132097288,0.11810539252526846,1.2587005088343768,-1.327489736417725,-0.10040598805749176,1.2160509272708653,-1.4559268153010372,-0.7483264460299452,1.0773004236457215,-0.7496220470320097,0.9096206344871193,-0.30562755966040156,1.2608990128179602,-1.6035068778133532,-1.0327198763586953,0.7002303559268468,0.2913538852058204,0.9010929455281304,-0.27100770256469037,1.2332963778681914,-1.7040303822957623,-1.1449343419398663,0.08666640461016913,1.112792069443023,-1.1906800541893237,0.11953881284429863,1.3481778913802134,-1.02842004527852,0.4669847387276451,0.720758573341411,0.23420723604231325,0.869071653001894,-0.09626338017375884,1.2928956772626765,-1.776498143203705,-1.2622683860286004,0.15399251456581148,1.20963494897831,-1.2957967106918207,0.004891934476908958,1.1606085124009329,-1.2562620628999113,0.04024395824575861,1.3188676291745822,-1.4562393850313462,-0.7155460049933758,1.0267105560095662,-0.9482551081071526,0.5304066441530646,0.36966688369383743,0.8317828406980868,-0.15811970661465283,1.2058457903096789,-1.5599117929857123,-0.81932097968533,0.903300980006375,-0.11058346405491522,1.2947128404302746,-1.6749383935805369,-1.1676070669040446,0.3477849533051709,0.8444421548136436,-0.08061126215499013,1.1435932208832145,-1.625575296437187,-0.8474366583482146,0.7242375679250436,0.05894106551065711,1.259914795149435,-0.9843921585838841,0.6387745567693172,0.41147667932178295,0.78574259098219,-0.12286550254104242,1.4011403370435291,-1.4764728597509365,-0.7534595999365823,0.9396501456049456,-0.39848692142015996,1.370532697741176,-1.6797806852094872,-1.0774755730970333,0.28594515450470925,0.6744693346977905,-0.042516665536210606,1.2096611393079775,-1.642921256651387,-0.697794611102484,1.1340869571683447,-0.5354400612024474,1.1021149716255751,-1.007426890740667,0.6227371839102477,0.5566616550379241,0.6190132205159528,0.33132548601976497,0.9133429031390284,-0.27472796313541564,1.2864133029873843,-1.6536350870136807,-1.0763770633318954,0.31471064316048386,1.0437977956104856,-0.5570685570287716,1.0511601336249958,-0.7623037367019996,0.8492227680634125,0.11454907582626243,1.1975660901426035,-1.6064916756456855,-0.8540527031457932,0.8154708583653483,0.09502765611156518,1.2017846126269545,-1.3972431324210068,-0.46388153568851703,1.2357438042944486,-1.3225319066617054,0.08929881577646717,1.3056120428041786,-1.356709151184073,-0.3476123896702498,1.2972305218947378,-1.6055220123179579,-0.96608381693999,0.5711648140609176,0.42671418796442395
periodic_020,non_chaotic,2.8,-0.22314355131295646,0.14277354821230842,-0.49040068126537356,0.37184085417973806,-0.9518514812288813,1.0688965227061962,-0.67993343124874,-0.325467560844797,-0.46065795584340286,0.8969081622524131,0.7321246909753566,-2.865266418512426,0.4023967760304379,-1.8686912003900997,-0.27428698853840616,-0.009383325644471212,-0.2864858774289678,0.6825580813932847,0.931679457747618,-0.7652914228504091,-0.8065711391659051,0.07265578029373514,-1.6404721318706126,-0.4284203659465712,1.6452178835246902,-1.5979422423121579,-0.2729185963077175,-0.5594507959513391,2.3919207592956546,-0.4975962218076612,-0.4316391337562535,-1.0576360872429134,0.12411606455468915,0.42048984560379543,-0.8929487056701673,1.2369167579515679,0.42150848698811283,1.0814571232597066,-0.2593047747876258,0.389831928967551,-0.12859680530016326,1.7697502166890517,0.24562452080099495,0.12347086435549319,-0.40713244881108107,-0.47271607767153406,0.38362568417395654,1.0447442712192223,-0.6642740205497157,0.25734463826147497,0.32277894972687743,0.5206991405020968,-1.8265420366590304,-0.9371616980146228,-1.4383553266150242,0.1508880439409146,-0.9101662193742039,-0.4503072531518247,-1.2434233891346265,-0.3446349464922311,-1.1636879912137814,0.9746642391760368,0.658025984117233,0.28421590065385055,-0.22954346733647396,-2.201706108955754,-0.407092257220045,-0.7516464492389907,0.39447887991647934,0.8176392074230836,0.4823739624612452,1.5485955175699488,-0.5321971160851056,-0.5793060628732943,1.2927674204713315,0.3023805447112629,-0.16711671961187988,2.2115518614110528,0.7699451438472659,-0.10297273665754486,-0.6658496144467982,1.6207154304152342,0.3487157122401792,0.14138083724543613,0.881913504094565,1.1134851490246522,0.7382898220797016,1.117902396060778,0.6263785612482928,0.743994253663074,-0.7177662942073785,2.170458421880073,-1.288185490216187,0.4650410946812093,-1.4053173575842373,0.0020301789577463745,-0.535582330385905,0.26777113403049646,0.5018315012245103,-0.9730669283219155,0.08010371877948434,1.6970247466172323,-1.3774780977608105,-0.8568559160602603,1.0915186527937888,0.2016427780296821,0.2852676272999866,1.2750700213992585,-0.7887005591127128,-0.4765469073438889,-0.6166485723929938,-0.2821055986323851,1.635496796019307,-1.8192517948063838,-1.2433532704904258,-1.4381718830405579,1.7061368050700778,-0.5845599372531781,-0.2576437768559644,-1.7210314771529913,-0.1845998478599666,1.0980712321461386,0.4009357431460557,-0.009031135550165239,-1.66450678999818,-0.25909634866620906,0.2804499279450947,-1.013392168890862,0.8576154456161155,1.119144235618629,-0.4871289318933009,0.9382190329628673,-0.01116214123801378,1.4169089405348212,2.424737528142061,-1.1291040359747888,0.9878169090595896,1.5962323568593584,-0.9893676550369463,-0.5399306229036177,-0.5527202393705143,-0.037342178030153245,-0.2913798284254018,-0.1117674369141816,1.065651437677676,-2.0405069185719036,-0.9930183753214182,0.8747004731826776,0.7415918214327355,-1.0891967668961506,0.7494609546451101
chaotic_004,chaotic,3.95,0.5771748329083612,-1.4270192946287557,-0.41733385100415143,1.1569553817697,-1.0783543367547568,0.09807880673852724,1.2193593685601039,-1.0439151023826678,0.33364639496050397,0.9722841758031733,-0.15434623764088165,1.2991196807645835,-1.4352381804533312,-1.135766270491975,0.1469828358922661,1.2410421505670168,-1.1468569149704804,0.17333034931187893,1.1924328227354244,-1.1353339340126598,0.22480681443455872,1.1636992631637957,-1.2652120820376553,0.22038953508881656,1.3969132259023294,-1.1939121445166114,-0.12768002312442642,1.2927260240690663,-1.4461272433404284,-0.7937242966048988,0.7508592442021091,0.15783172764847894,1.2731753397250536,-1.2594606650790428,0.03541066698462876,1.4360081730813088,-1.4149735540560138,-0.7920943214149937,0.8273611967141067,0.11633269632457163,1.163943383133295,-1.2613327903128346,-0.3167431478282257,1.4231403757784808,-1.4346719753184805,-0.6651305581796834,0.7761934330352451,0.09543156580967793,1.299856318277799,-1.3645081033096302,-0.40086309419026517,1.322025109671686,-1.2129421667745932,-0.17688303767638283,1.3285286876775346,-1.552027239138914,-1.0354434756955135,0.36294268507198074,0.88615046781269,-0.44411644613374673,1.3167003657408278,-1.3690930930360676,-0.6463445224404355,1.2348885264066116,-0.960355516449977,0.4067957687442936,0.7905780598687905,0.03917714372521771,1.3337780165926076,-1.2864167035842928,-0.7666704968633777,0.8256329646656227,0.1540276047270768,1.2593386886192088,-1.0174160262362941,0.3502668972338482,1.0729496926515638,-0.7274071058072245,0.9141946301885501,-0.16210395623494525,1.4236636082899863,-1.535242800539854,-1.0764550371595598,0.3047635750775298,1.0767607558552708,-0.600776548409048,0.8637870759210076,-0.42846935126400704,1.2217260890691637,-1.4126884138955953,-0.35115039506206885,1.2548297872706629,-1.437086746619619,-0.7015255852827462,0.8244779363195647,0.00723673186281489,1.271074039343892,-1.2259689471393405,-0.4069512985441476,1.230818982313213,-1.2996339907075953,-0.4926413543376078,1.2358739567462664,-1.0103332607601603,0.4220256193003719,0.9117177499745547,-0.30135144037214684,1.2946604417393197,-1.4871328437182554,-0.8258097307922313,0.9418297846995101,-0.11126756552695667,1.2700914387898763,-1.5137498922915336,-0.9839517970990453,0.14135979422600717,1.006236196989008,-0.7337167848703656,1.065271348805122,-0.2871870622631826,1.3528006465793352,-1.476822340367545,-0.7801469566171119,0.9548399305779308,-0.1621225977008804,1.3701910808352153,-1.5357970235264256,-1.0940812791064942,0.14930791241058414,1.2761310096663734,-1.0742965580263846,0.009604596308256575,1.1137931463441593,-1.1421770776145772,-0.028633080394298537,1.2717638221079037,-1.6273515203552427,-1.0679960396506942,0.28684300049285866,1.2600015696783586,-0.8202990735794254,0.6756790703106752,0.351299342097719,0.9382750086791147,-0.21209948262708883,1.2726113489468198,-1.3909213495507051,-0.972075079631184,0.2827322840473214,1.1101973686422433,-0.8538340970649243
chaotic_032,chaotic,3.99,0.6399007304158688,0.1090545546266066,1.3785370349886625,-1.3434352466166446,-0.9391420616185511,-0.23396500555382393,1.3772918579000082,-1.238687614724482,-1.0496536440746098,0.08118461703133989,1.3633604754970894,-1.331625868121113,-1.0978875384097229,0.039506501772895275,1.4520959214680116,-1.3710811633300246,-1.364593663500996,-0.9875678368335714,-0.005520905770421468,1.3918429753021586,-1.264172925915923,-1.2584389716366027,-0.8763186108010522,0.5177033049017585,0.9713615512304262,-0.20392389799360713,1.330568647087769,-1.3301589772722928,-0.9019823207751481,0.17950916187639235,1.4124224483230614,-1.3390294753251188,-0.8837668921348889,0.4203908892816497,1.1446388631989344,-0.5648046808811503,1.023350288194185,-0.011014935515983443,1.4268991742226538,-1.3088646829586614,-1.3232012289871564,-0.9194985422243768,0.09357115796088401,1.324597697566538,-1.439612991615237,-1.2722639453598483,-0.7213787891651533,0.7827949566322655,0.5718204356501575,1.0767460577789312,0.006715813323432781,1.3887599139599653,-1.5189669789766793,-1.3117619764063517,-0.9939984972800043,0.047951339625797985,1.5319159496095496,-1.3203562752177855,-1.2352160382367199,-0.9205398391635075,0.34501323895475305,1.2087798940318752,-0.7065643230039422,0.8355865747271666,0.5142454900712031,1.0054807224073181,-0.12412236722216378,1.3702884779712818,-1.304952900187781,-0.6132924008799683,0.9151778516688067,0.32842766513423594,1.2877848197461241,-0.9437980987696436,0.06058135740558995,1.33523637231878,-1.4652237045125645,-1.1906913452293804,-0.7080685679244071,0.5973209388583487,1.024212357693095,0.23037248004115937,1.4108668989637532,-1.2869145132790716,-0.6090313540053031,0.7510909548616548,0.6578733153558729,0.7218924395774627,0.6122903263488989,0.8126281193700592,0.2906575599248666,1.269175716599263,-1.0308455928844569,-0.15356565614205284,1.3789853311013922,-1.3641584106691336,-1.0238878653789045,0.0913204980827302,1.4929693866165412,-1.3794554506209402,-1.3148614645231016,-0.9386588706933227,0.12594504332652673,1.3609623493455718,-1.3813106943431175,-1.3290326456385806,-0.6100847464761189,0.9029242253426748,0.5473999434673932,0.8748472586494485,0.049759135033049184,1.3622023506767005,-1.4363926023576783,-1.2734644696397268,-0.9567618897265957,0.07605531885042323,1.3609819849036062,-1.3293347287172466,-1.095528688389395,-0.24695874242295485,1.3499458958862895,-1.2040927574662725,-0.6783833429111236,0.7156107452380966,0.5747903788795604,0.8764031825372284,-0.11455975725860422,1.3686859503963642,-1.3517680164851924,-1.1294138802790685,-0.3975996678642858,1.079907980371372,-0.3218022019685378,1.2524735214989573,-0.8534516062749182,0.7307101415427806,0.783395336451103,0.380572076815093,1.2546084631922605,-0.7091468750278025,0.6581579829331183,0.7946772588480019,0.5351460003455923,0.8586303976617845,0.3318758458014882,1.1862648411857937,-0.6745263434776749,0.7991080265001336,0.6250764205619034,0.870173439178254,0.45399669278433064
periodic_042,non_chaotic,3.5,-0.8725073457385806,-1.3447610867250588,0.8778989797263195,-0.8008304475354762,1.1754410898317815,-1.1877597188871223,0.8426088261418422,-0.544543276586377,1.2364465033811918,-1.2560858735413598,0.9140926518493149,-0.7605823899895304,1.06424019102244,-1.3738579075503525,0.8139536191994424,-0.7141444684699065,0.9310678705487441,-1.2151066090284874,0.9578971087248591,-0.7048897450421195,0.8315978044543618,-1.2947121026490962,0.7261705950369576,-0.7626124972624477,1.229639150355984,-1.5039871173319432,0.7815259606793614,-0.6245474310142975,1.0230135916496985,-1.345118664349139,1.0548156645175162,-0.6678305010428556,1.1799812006925154,-1.22298691877498,0.8753537626777576,-0.582869017451098,1.2731359663439628,-1.4319459626553117,0.8564536314747275,-0.7082743433598293,1.049169499988245,-1.1763261883042841,0.8844856119827833,-0.5194146148544895,1.1959025536745846,-1.1395224434394033,0.7448028100349434,-0.7814600712017641,1.0209255870821718,-1.143511668491878,0.7670580088799297,-0.7941086295613796,0.9827766609179285,-1.0063368783489046,0.8461970435239382,-0.6532966568153108,0.9809288172790639,-1.1784177322303606,0.6896893174775065,-0.7980484263594689,1.020188590422917,-1.2494449470909095,0.7837592911457472,-0.557929120937123,1.1386266642666436,-1.3365972857784325,0.9555456869277542,-0.7418589762820518,1.0337090642834539,-1.1845039585569879,0.6245359494223449,-0.6336372862400222,1.021942151978787,-1.3389959720287385,1.047690826012953,-0.7550907831152148,1.1820545166796916,-1.2436531917153244,0.8965830298229356,-0.7281653392184662,1.0613108923727579,-1.1238580022838733,0.9491031425849328,-0.7520658552219646,0.9900175819605548,-1.3265119241100123,0.9539990805376782,-0.5910552444791233,1.1435883349603384,-1.4255428479303671,0.93215368110748,-0.5790745683170344,1.1070008942487446,-1.0805142599892716,0.7331176055201302,-0.6384348305698322,0.9924787111679565,-1.16889321003665,0.9186350335579031,-0.5313214822948691,1.1382894983379583,-1.3091991922673598,0.8127320884136879,-0.7281303222171527,1.0413560985290393,-1.141210229949034,0.9822169752981957,-0.8476997384623213,1.0940311558106435,-1.2644468845653025,0.7848900514528495,-0.6620877280697329,1.2304943448253218,-1.184888328090141,0.9890694495785581,-0.773054643893065,1.0938534531645119,-1.34389240646623,0.8828108583928247,-0.6725251037786486,1.1824308959023628,-1.144435206399348,0.9259370666692704,-0.7866484824818081,0.9606337642829601,-1.2205549980993422,1.0037905634673914,-0.7065085248762507,0.9438243779283276,-1.07044585839324,0.906791552805731,-0.6877121308063062,0.9783046937622856,-1.268886192465279,0.9257362796310833,-0.65587410558644,1.0251278487479742,-1.2759162756998703,0.800746609801953,-0.5444828778224348,1.176198729817687,-1.3207426482180458,0.7477474181879821,-0.6774786613863966,1.0430739296392613,-1.3105710899651877,0.7509377062164541,-0.8011572152588717,1.1059565345723184,-1.2960441919549077,1.099338758854844
periodic_045,non_chaotic,3.2,-0.9162907318679084,-0.8633202342544284,1.1365311637829398,-1.2098716562937537,0.8002482441232953,-0.9083501186850534,0.9021304523614905,-0.8650790783136616,0.7790084659050069,-1.0034829807410917,1.0014481088716267,-0.9227995610643384,0.862497752287145,-1.2638926856805406,1.030091869853938,-0.9163932503610654,1.146638277309835,-1.0397413244965539,1.1143338968249072,-0.9220599205383391,1.190535772847069,-0.9974866048769232,0.7651080257034891,-0.9991970326481425,1.0185482038077895,-0.9175411816660864,0.7925959648191748,-1.033259238473738,1.1272155917014988,-1.0042740286516287,0.963606995081251,-0.7240644303387379,0.8570836800083942,-0.8178905626242557,1.148560981788398,-1.0211502029825268,1.001635750095301,-0.9948482704534148,1.0315797421043669,-1.0726333809984345,0.9465450512165282,-1.0392775928212756,0.9611590337785019,-1.0330796366291597,0.6938956394296263,-0.9761564294704725,0.9327019711297361,-1.249961319882613,0.957430178193495,-1.0428642304404137,1.183962572959965,-1.064924122373457,1.0992960711274569,-0.7970314485785063,0.9186802939988369,-0.9963868045503196,1.2471636882627133,-0.9578521677123498,1.0583129636495918,-1.0465294080794738,1.10198060522178,-0.9952920372075573,0.7508629646597458,-1.039278708284873,0.8413094941635001,-0.9741226253980861,0.8784317079112269,-0.9231255176289236,1.0124590989832394,-1.1637131796922693,0.9375704398803411,-0.9032731475643809,1.16622636172339,-1.1155454319568465,0.8532596292933027,-0.7178399583446325,1.0048585605369291,-0.9770178142057538,0.9031642742984393,-0.9597694577783246,1.2452686749291062,-0.9543134533181996,1.1546537363599547,-0.9857269345895607,0.8632443795631921,-1.0849956627373456,0.8504216345439792,-0.9594117612613289,1.176804651844168,-0.9673251048265822,0.9633216250171109,-1.0998260394771289,1.0557617696419916,-1.1623365381790418,0.8481499064651183,-0.8643026439484607,0.9675095179149867,-1.031225609259794,0.9826557227728937,-0.8885953517284613,1.0292876395235304,-1.0933367793217572,0.9076660605680513,-1.0169610703790954,1.0483431555188856,-0.9947160289369367,0.9888686663818184,-0.9833157158664348,1.0011710804641296,-1.0985358271547156,1.1605198812476702,-1.0569908668443622,1.024230666284756,-1.2769345626847455,0.9762291886766676,-1.143026540890328,0.8697647366544581,-0.6521643383122041,1.040998729890739,-0.8188846892297487,1.1254315395614796,-0.8527230736423785,0.9784735598946683,-0.7658676517375422,1.1242306086743372,-0.9840054487943316,1.0429171067267167,-1.0088243363877314,1.0135010649904057,-0.9958437170077008,1.0593978619680375,-0.7472505223806711,0.8382382279188921,-0.8305461866558924,0.9548957808324782,-0.8128020456504628,0.9597446606944564,-0.9322374035360513,0.9840804245668947,-1.230975229564104,1.2485972174805071,-1.1211669271872327,1.0179115353227017,-1.1364523895163179,0.8198697865949572,-1.0183310325701558,0.9234968833591298,-1.1526751856833362,1.0012814395731986,-1.196313657060257,1.0237084469453892
periodic_009,non_chaotic,3.2,-0.9162907318679084,-0.9885151544426353,0.836473055558834,-0.9545078076116211,0.92400043854912,-1.1282076490393238,1.1734612979543109,-0.6899492943320149,1.2673260984706767,-0.900988705949709,0.9606541065224414,-1.0010475812958775,1.0538675264398278,-1.04964004376865,1.1806923582365514,-1.273995275165776,0.9564682457857153,-0.8800251890511117,0.8801637215360979,-1.0246282032296403,1.079982379663293,-0.7804219364110171,0.8178380656540583,-1.1812726981499362,0.8661549829044777,-1.2048072199814768,0.7938898514066463,-1.1263583356297342,1.1688437381220702,-1.0346174381691486,1.0018954600025527,-1.1239700520975782,1.0855227469140785,-0.7307736161011978,0.874265523280342,-0.7517464279158322,1.048148808573876,-0.9889347353137892,1.0531066907242268,-0.9370410181815233,1.2554498140746195,-0.9190292914672303,1.0726862303392397,-1.0498139288918809,1.1140678204557826,-1.1241620815950815,1.012676434627052,-0.5908509225683001,0.6497602624240858,-0.9588976306880067,1.0352606905701416,-1.0229533508167754,0.9691348292300169,-0.9785818685516304,0.9625403255902429,-0.9604485228609918,0.9298195441495009,-0.7104100451677517,0.9625388718344364,-0.9121699937543221,0.9046234768741293,-0.8616833059708512,1.0994009637048738,-0.933050522867182,0.8548634517310227,-1.095769236596434,1.2317111312047473,-1.0973067130655914,1.0865455994967197,-1.1224711477932063,1.1375807795257618,-1.0866024733656485,0.8637721491327448,-1.090205689841087,0.9206269206816379,-0.9350763255521057,1.0071740333098236,-1.1433702280928641,0.9936568992799139,-1.1500843494958246,1.0869143486835615,-0.8764377647703406,0.9942123677533641,-0.9535499227892459,1.2408703174875952,-1.0131643614104013,0.8664011084416329,-0.9108390070739413,0.8402370001997004,-1.0205201903602619,0.9143513602962682,-1.0887443220173483,0.9628063721262438,-0.8663012492318508,1.151091640805524,-0.8626467286228641,1.044250451230613,-1.0270679730471668,0.6700871879785664,-0.9402165428799043,0.6809882073113368,-1.2583908686087064,0.975085991333312,-0.9545326482952513,0.9348921888534383,-0.7780246118099392,1.0617140715240954,-1.0259140804446376,1.1900666338398322,-0.773916283538669,1.0687214636220446,-1.0989432493957718,0.9211174621714496,-1.1921974593825677,0.9916473475344102,-1.1371047795758478,0.9518367603506224,-0.9550849595525606,0.7220438661468681,-1.1667830682666736,0.9271478920212561,-0.9985716275917806,0.9289473747942482,-1.028845806748098,0.8994639923030342,-1.1925670326775208,0.9232728067363682,-1.0208812133072254,0.9544316566922113,-0.97575067339474,1.055713540684636,-0.8965996677583237,0.9095516133799775,-1.2101208397277805,1.1741353962045873,-0.9377466014363982,0.8649561619275951,-0.9527094788727642,1.1458595285600304,-0.7511314529789601,1.032342488226587,-0.844111355175423,0.8295505429981092,-0.9962628274715194,0.9510121171066993,-0.9437011603144354,1.2212981611462166,-0.9565724733570439,0.8673131521255594,-1.166741031354965,1.226101426947945
periodic_044,non_chaotic,3.5,-0.8725073457385808,-0.666695564822908,0.9955030123584799,-1.397851654445055,0.8956025991596691,-0.6201116185151562,1.1893937829997285,-1.179414091332084,0.7715540221476616,-0.6724739206482971,1.1364457376101282,-1.308458210543156,0.8750494192354868,-0.8184868092535819,1.0289728170554462,-1.2275365186048988,1.0033884563894322,-0.5888112803852733,1.1521190091332283,-1.2554531572611618,0.8521127535180238,-0.8372180296513879,1.009101883521664,-1.3398045441644195,0.9142364173493703,-0.6085470196281851,1.1593555678985314,-1.1500356402462915,0.8662091263169104,-0.7928065828902123,1.0841841547084963,-1.3323478900123225,0.9221788777493322,-0.7331819589087297,1.0795392657172354,-1.1967767070574353,0.788471915459952,-0.6067283147606888,0.9601582011537774,-1.233771570496347,0.8506152167695484,-0.6197873709979611,0.9575988945878513,-1.4093780452135005,0.9309895268681854,-0.7362246074287128,1.0802780245025128,-1.3261270224297967,0.9465461086002588,-0.6702636937446897,1.1119583575923748,-1.3748586676036056,0.9072350891652836,-0.793693793051914,1.0260144560746178,-1.393565561206281,0.8443413475310412,-0.5971232081373702,1.1106232419249644,-1.305298232466432,0.869734820463652,-0.688958644284224,1.0952711638597148,-1.246121617214076,0.7599041343925806,-0.6886791419249669,0.9211963039449098,-1.2080545861234768,0.7539062552158385,-0.58631117315602,0.8552497704508797,-1.1030351508896543,0.7026322618102706,-0.8135470786572607,1.1175393433702512,-1.2039360691244552,0.8322180639300775,-0.6135496507879623,1.0128248008850378,-1.3012716997176947,0.8304315012376967,-0.7503196089101061,0.9040948057019051,-1.2654281856065621,0.8483110468628102,-0.5958129036399004,0.9660506689963073,-1.324182823646854,0.9743283266412374,-0.6708302082166717,1.1414642716766052,-1.2197330604975023,0.9030647191459811,-0.5248123554561439,1.0977056824995735,-1.359731109301753,0.9203569528002583,-0.7530106394068602,1.078449182967125,-1.2276900432831552,0.7808009541119123,-0.7476338069842762,1.1344364351254188,-1.3155080880582546,0.9523356406909295,-0.7931150475036624,0.9943814182880537,-1.080896709676732,0.7130495344030507,-0.7014151595774132,1.2659146517407134,-1.2658032637071277,0.9880224547551683,-0.6365005163786632,1.0882682294359924,-1.27555719604328,0.6567463617390722,-0.7293612227621619,1.1111511595593588,-1.2409290987396648,1.0949808241513332,-0.6720087407692185,1.1491835572949658,-1.1517276544701167,0.9109621619203478,-0.7070859477451862,1.081196967647779,-1.2965848772030444,0.9017590869319982,-0.7151403259662552,1.1486857066851013,-1.359515492227266,0.8733382539135727,-0.5505207411079857,1.0674878624057051,-1.0869232044952497,0.8749461340102633,-0.7042625383903877,1.1001025316532411,-1.292835298149988,0.6700086662389085,-0.614737779102214,1.29852810876796,-1.2171529147682938,0.9110405010699496,-0.7163132357081534,1.1996138305875488,-1.2668240355660918,0.8848429374593239,-0.8484593882540732,1.0383639885683673
chaotic_010,chaotic,3.99,0.6386905048093109,-1.2535631477271316,-0.834973659994241,0.4947557421091455,0.7083667772428288,0.26118291745521216,1.0609402621610118,-0.3795301802427518,1.2361166404062758,-0.9311524060920418,0.2668233848374129,1.2914182213988148,-1.2671072027514056,-0.17689054307835397,1.3916708578961172,-1.3447882142739962,-0.8745947569149775,0.2827824239704057,1.2781936606082258,-0.7029025865203947,0.9632812246143078,-0.018770622619463623,1.3105879922421717,-1.296082620769187,-1.025089688731781,0.20521354469455053,1.3414780248557236,-1.2475764486653627,-0.43965737598177673,1.0886762206853136,-0.5600127859117813,1.1294968086152508,-0.666326829951323,0.8561916997317607,0.20964926804414577,1.1711555969860148,-0.8596052327081537,0.5673617282283362,0.7361288692124102,0.3048860781939567,1.128715670011844,-0.6361461011753522,0.9101937838222036,0.21836349996791324,1.2562304581037318,-1.0522160180472244,-0.02621567678298396,1.3155127397436084,-1.5082369970938994,-1.302967017076857,-0.6670659754262073,1.0026198108976254,-0.0823408237800947,1.2929950953362517,-1.4644245301312524,-1.3266450564839056,-0.7404306910441867,0.7189865136161604,0.47562196810597096,0.7917954204797665,0.222416455020148,1.3438962230147162,-1.2070941512082662,-0.006898087436218452,1.4593449068106574,-1.4921356248058726,-1.3487629633716134,-1.0375629807849232,0.18364130719551572,1.2111748948871854,-1.295640150346103,-0.20657219053787296,1.2781699458044355,-1.2983755896067901,-0.6994828118246612,0.8817488633617814,-0.052192734714891276,1.3484196172428549,-1.4652423335204867,-1.370380584235294,-1.0357301572949023,0.05152968847647714,1.4704985753301545,-1.5001026586961654,-1.2101208221586413,-0.3431000805206837,1.2980440218361298,-0.9466286923322785,0.48879815188151815,1.0313462748382973,0.020653159430647612,1.3992811257837618,-1.4877467032264022,-1.3715534016047515,-0.8665459112286311,0.4485038105317631,1.0149114757717628,-0.19091717706585346,1.3266003615410624,-1.3585698264499873,-0.8582951647454647,0.004197768910233084,1.371919712201935,-1.3829486421229205,-0.8125693652190349,0.547685066424789,0.9357558604695331,0.22285627927213092,1.3400167907335296,-1.179732944820477,-0.6699482380544552,1.177412303179612,-0.37794945434981436,1.295971225611873,-0.9659337591170079,0.38886008676725614,1.0620477370436414,-0.30477722852471584,1.3263808761655411,-1.1111093629130515,-0.4114454513141063,1.3635120690852744,-1.1620525597020914,-0.28444976689742146,1.2435731604667675,-1.218692236203246,-0.6813849043002997,1.1128429072734531,-0.45689088914807086,1.2628863173145746,-0.9970331539770232,0.2753522659538227,1.2836196448510948,-1.1559036423720206,-0.16295761002843895,1.4582125190864559,-1.4282198874424095,-1.3117955410116886,-0.6908467657427267,0.7785216927772385,0.23192949061330873,1.1898166486128923,-1.0657529446889398,-0.10918390269695899,1.5261917075141294,-1.5355063284825154,-1.340778156015132,-0.7280230981549107,0.642906811431559,0.802549750576389,0.28945936562191527
chaotic_062,chaotic,3.9,0.48665376319078524,-1.5605173666166428,-0.4701819297697182,1.4107506699179742,-1.511946243128904,-0.37089747375931253,1.2842328999535844,-1.6657363860568586,-0.7407246811565255,0.9347954339358383,-0.5174413002204689,1.107197385450919,-1.4041904599042774,0.08128301975236732,1.015933719639343,-0.9282724682132337,0.5259282864423667,0.24579290312915883,0.896571813421377,-0.3133900757168209,1.187206404239529,-1.4827855813245379,-0.8894630874050429,0.9267716593407951,-0.48581119241523696,1.291196105370239,-1.4292057103240687,-0.4091157994400668,1.2595627351813992,-1.6088456284751829,-0.6999189633869348,0.950923025911136,-0.6026677844850195,0.9926146225434769,-0.7821361700907747,0.9146146442541626,-0.7092801485776664,1.0909295461329969,-1.1900950631855212,0.41613617040305423,0.6033094788932829,0.2703149703719304,0.9344230704913858,-0.6673292921170356,1.1347992307349122,-1.1014133271419613,0.37389706284169805,0.7964254470472099,-0.1944838724960776,1.1734136066509975,-1.5606546646107726,-0.3145232755704018,1.305508153184081,-1.611765628713542,-0.667476637646782,1.0887363924250217,-1.1661763175848923,0.5100893065225,0.5854704460903067,0.4993554056480957,0.8821977711111625,-0.004770191131961749,1.2894261014112711,-1.4905343511215157,-0.32310964726492,1.2565615015180542,-1.4807466961734612,-0.7057556838489749,1.063790961934875,-0.7848242652370866,1.0921684996146537,-0.676535109647307,1.3017728462709088,-1.2466086995320473,0.12049541007201425,0.9494881380133139,-0.7565222551647188,1.171748890347588,-1.1272310054649912,0.5837472430684453,0.5022294208351937,0.6509085061244695,0.14454525727564607,0.9696531403636319,-0.8479591439118945,1.110987907415213,-0.4243570756559177,1.2251127965614035,-1.4940024189206713,-0.3403247715350834,1.2922888406558308,-1.631223595967443,-0.7445464747805195,0.9306282575402717,-0.6939895435858363,1.167265969175759,-1.1834711057800549,0.5305218754702817,0.5986744668872359,0.2513278292717763,0.7914216222706634,-0.1633711665675938,1.271549068374096,-1.4098091433427937,-0.052681197846686324,1.3450236834745117,-1.6388878001118388,-0.8059472400594972,1.0563268844132403,-1.0653223709192816,0.8226860175743138,0.1457208532819071,1.1336376008964992,-0.892874973988932,0.859796294675197,-0.2833531229788663,1.3605759761775682,-1.5970689528390032,-0.8936444873087617,1.0462212690209673,-0.4894716036186599,1.2150522468796325,-1.6495867957313495,-0.3210442028058467,1.2861970410075747,-1.5815458724470322,-0.7582730411742271,1.0093128464393517,-0.8202157923049433,1.0046875805332287,-0.5303043989106603,1.171687333983006,-1.1943310849401867,0.15644181565883722,1.0230401379807037,-0.8111687709119614,0.8487552201686069,-0.4531329931283377,1.1440282963008939,-1.5332436692284983,-0.503583275486205,1.2664719958558994,-1.4763615058213608,-0.7224617736513549,1.1075032736293196,-0.6964270002410421,0.9290138262809575,-0.41634830438606674,1.2375176705671582,-1.5859982991227115,-0.7669763981719322
periodic_012,non_chaotic,2.8,-0.22314355131295646,-1.4931328552845382,1.1317106130183898,0.374328164124732,1.7338837440621881,0.5249342776896743,-0.4209089133063021,-0.9007717967205445,0.10727365103406179,-0.1542098961340187,1.0275688345964609,-1.0270161447935895,1.8385796316199128,1.1136846572128638,-0.32255266349411843,1.6218460312317662,-0.8856651856544804,0.074919930100139,-1.3649706662075642,1.6692073144265251,-1.7253324692273142,-1.5242757249166892,-0.7414731662819461,1.1598785055081515,0.8028558805033468,-0.006242225978929552,0.8651138491446921,-0.2369498185325511,0.28558902879186276,1.4799081603615993,-0.36442168352902227,-0.8693864680842267,0.3321678057344272,0.5943906476977474,-0.017514970858180448,0.8500112629022728,-0.32035260290365025,-0.0009032090412912972,0.23909675672542705,0.1543644764532796,1.4425478886638632,0.23422092326979688,-0.4200750194539517,0.38813857052959577,0.8553251607163495,0.627385458812776,0.5735347213364776,-1.5802449936160494,-2.546411242424554,1.1141583801394486,0.3015502379217053,-0.14578350886599406,0.5497371405013726,1.7476506156070348,1.2484907980489075,0.8100217009990974,-0.9863149810393526,-0.8600772892960168,-2.4433224796666253,0.49066756423098573,0.9522625025796398,1.0314929207385155,0.5313918642600698,-0.2745031239771433,-0.6730416820547128,-0.9267000925455193,-0.28359484462357415,-1.0748234443330322,1.5811704685879708,-1.390134200321522,-0.31626641619004475,-2.0059457164160364,0.1632967006147534,-0.12713593567619702,-0.4714583680022387,-1.031062100100063,-0.12242826445205861,-0.6537889666969638,-0.2577935309324897,1.7769136518755628,0.042458070379551495,0.3928850658462485,-0.5760690448515793,-0.8869353993734489,-0.1471245310257181,2.3078597733292243,-0.40406933965263514,0.22633347719478852,-0.9296474907476314,-2.8016941630761,-0.8921776900470649,2.1881492713754462,0.45362913393343984,1.469413640010267,-0.4626482716231011,-2.4145903823671304,-1.201982083873201,0.2609078511201875,0.10603279498951348,-0.13494725157035298,-0.6399814708725555,0.788157164258447,-0.6119015134514589,0.1742382626652551,0.06495028731777976,-0.48283720440539846,-0.9810398914162431,-0.5399909784658601,1.69549009396844,0.9559744559693295,0.8665347550219018,-0.8889058865829325,-1.5216016184907069,0.9404747501678261,0.7542031530240303,0.008523671887716293,-0.4848166756204513,-1.5471099347030117,0.7178995644201208,1.0275650262214207,-0.7845897279026836,-0.8657208047647413,1.0809289604487784,-0.7484210389505428,1.6036191541427076,-0.23076887374381017,-0.5003826134523247,-0.08099554378748668,-0.500450648402119,0.9693473262273783,0.735785434050364,0.9323254953441371,0.05444940359536863,-0.5681895355934585,-0.13362615357224492,-0.5384041567473994,1.3000462352353777,0.8489351881234034,-0.21373894039543584,-1.0249332861363825,1.372176910684201,0.007974902619539514,-0.2512837543545243,1.3807391780678417,-0.6202588893772771,-0.43467227434207656,-0.34901303364137654,-1.4039278428668636,0.1819314467419809,-0.8654732003239377,-0.6793025885510597
periodic_046,non_chaotic,2.8,-0.22314355131295646,-0.5677943522365118,0.41454090461752013,-1.103224162561816,0.4575212305769485,0.37914108618396586,-1.0578241861003195,-0.061698655434777816,0.7678188926469821,-0.9178338736312132,-0.25343421699682755,1.090054086680673,-0.899217765166459,0.40537488085206286,-1.1187244609201992,-0.20900100508027053,0.3930584658693132,-2.431783280831975,-0.5789036602905986,0.3758248100370535,0.17422194228494114,-0.5670696100319098,-1.1438801570147157,0.5731131548160527,-0.36895034212595434,0.49076541071745167,0.3271709233809516,-0.4928038820456151,1.0130962534719172,-0.6383028178618615,1.1298964242241578,1.2595229956952003,0.9908571168598821,-0.2284187032962743,2.4739548916279244,0.10090776641845628,0.1892933965699109,-0.07138711205531434,-1.1688313394610061,1.2335465773311332,-0.6166312625993864,0.8615623510092071,1.0992817995767221,0.5482025626878643,-0.7350895453820935,-0.38744890193834136,-2.7018079895418157,-0.1649189177702163,0.7457443895977576,-0.284835145513033,-0.6341443807158634,-0.34451895772509855,1.1545776553581897,-0.10339221381602477,1.7911757844414002,-0.6149768066828188,0.16568939597768348,-0.4789173585790797,2.0057398863669977,0.12851053773484225,2.058833196988803,-0.465765951127927,1.46389876464378,0.06738015667079833,0.7793753530370154,-1.2579426655823032,0.2956563922212855,-1.1087470773448216,0.20518473727611128,-1.5538550139427987,-0.1427416345494531,1.0359330279063765,0.49295164716849393,-1.272049837763759,-1.9303313582282817,0.4428111531568738,1.517021694392285,-1.0045469287085869,2.028445259664563,-0.05596326515630568,-1.9900798713086607,-1.595951721044518,0.7132868236221519,0.07883769928765523,1.418960717172544,-1.2365564119625927,0.06786703038023714,-0.04283169341224235,-0.19121987528003953,-0.42859318350546827,-0.4088697410058284,0.12349791779285463,0.2502480307909467,0.20070308927005745,1.1452860685966981,-1.2396809437478309,-1.8444316565217516,0.9580145686247626,-0.9843150967058965,-0.42549078037999527,-0.6559597585169263,-0.6771740905702224,-1.494285958985569,-0.6137820601956957,0.5937860966460041,-0.053425147536525816,0.45030364773807996,-0.5410168117764587,0.8449526137833143,-0.5531829385967237,-2.138555418730308,0.2641607148077032,0.7107461976711038,-0.6035887901061404,1.1385676431569047,-0.8923421736453361,0.6149836043824181,1.679083591853301,-0.01313938809655294,-0.2739152514820862,-0.15422294230765257,1.563682020403234,0.34952138885754697,2.0748103534917908,0.22713449823258822,-0.697270530316741,-0.6276319140534534,0.011506458827694261,-2.0719435431253497,-0.5201200321503587,-0.4981335986436973,0.18803840706648037,1.874300626245043,0.004778586132960195,-1.954379219378892,-0.9549720577641438,0.21032810885095113,0.04260320408727691,1.559877725233631,0.9016537757954642,0.8719694938522348,-0.26465186856118733,1.0394095227346598,-0.9371541284904046,0.9097946708263231,-0.329332923438285,-1.484110465736861,0.5382112992538044,1.335067753978498,-0.4523655587787532,1.4987554354840018
periodic_066,non_chaotic,3.2,-0.9162907318679084,0.9412857674982971,-1.0451305878886896,1.1463368330551793,-1.000184436818868,0.9558847454912416,-0.9364928587199282,1.250365543979096,-0.9804236069027996,0.9588888786030222,-0.7211354856449006,1.1807879649806101,-0.8263336277194301,0.9268039158432554,-1.0739578917864738,0.7417825159386323,-0.8568463337923398,1.006958751837881,-1.2406074626059624,1.1630340773901837,-1.0375386890312908,0.9665711343380858,-1.2006581644191592,1.0645687891942115,-0.9211089183586287,0.9896168658592472,-1.0487619246734283,1.3607030525289738,-1.1577003077931427,0.8961743639716581,-0.8924584601940773,0.855519599708573,-1.1417215060302874,1.1532757894043624,-0.9067589437982729,1.0634503832186875,-0.9655019730466395,0.9002375234275907,-1.0257891847245058,0.9853034439620529,-0.8733162783687413,1.0553638278897983,-1.1194707456867474,1.1058258543537092,-1.223626731099155,0.9518160441088621,-1.1491921199841773,0.8773503632584461,-0.7234127178667175,0.7922161599419373,-1.1043954155034008,1.0670945389618063,-1.0559444012959767,1.017859194774391,-0.7923775799222555,1.0871062065975352,-1.0557611916998935,0.977721383847232,-0.9171078659654059,1.0843813808041047,-0.9878510611756887,1.0463104822861578,-0.9405602356391215,0.983478613023267,-1.0747085158145413,1.0993119124259647,-0.9502433232165706,0.7075350005228924,-1.105316932320676,0.9295810584433066,-1.018637938275983,1.1633250845500045,-0.5464012074920224,0.6551087443111278,-0.9484935350415582,1.005930456090172,-1.0157738780337997,1.0716092223750082,-0.969947049322722,0.9461255267451751,-0.9866730666697863,1.07350001335876,-0.926700454792483,1.0224483606868915,-1.0716851112318113,1.3874371410472377,-0.9408473315918878,1.1020685870652485,-1.0611891868360182,1.0225789800158656,-0.9655320506426553,0.7309882523761744,-1.0901687087676497,0.8942725780870836,-1.0740451643703215,0.8478328463914697,-0.9846454310336562,1.1901616344556565,-0.9726249698885635,0.83237152031114,-1.133770594466212,0.9439586116272098,-1.1871488770798522,1.038519287846173,-0.802985281322133,0.9163673379789394,-0.9801668097775182,0.9367560558542306,-1.0780927127131001,1.022579309379918,-1.0827655556937046,0.8841080040783701,-1.2154105735002128,1.0052369881698722,-0.8426807873788957,1.0944157946630835,-0.7837133877275219,0.9026848242950579,-0.8726789853759228,0.8432826827832839,-0.8923194434038811,1.2244096220005,-0.9215790828833744,1.2268550353259169,-1.0738058492111848,0.9776504002165197,-1.1177835524105857,1.0011024014428098,-0.9533127466566226,0.9998876568112929,-1.0565183058484382,0.9281874118057339,-0.9428374135319436,0.974173847172992,-1.1505455947965235,0.7330228769539924,-1.0733558053345638,0.8044825932970028,-1.1066676099964243,0.9375407593845576,-1.0110021089990873,0.9038655520524342,-0.6866968631550374,0.8212945850878156,-0.8229498184161721,0.9737185906312992,-1.0819636928209704,1.077802624173755,-1.0535682431950202,0.8843072195860092,-0.7423907227624255
chaotic_000,chaotic,3.9,0.511419621383782,1.2533530229335015,-1.2834623937725975,-0.20631850603709223,1.1428116401771724,-1.4215520942201627,-0.3235688787549335,1.2740555229535835,-1.657551822855195,-0.7516951824590777,0.9915518090670317,-0.49187987663028593,1.2933495393488414,-1.3688954070445642,-0.2767722877056113,1.295924747802549,-1.6520151110992352,-0.7126468589082541,0.9849803895619402,-0.6493740217382603,1.0782065837207584,-0.9850491805077705,0.5291965413943296,0.45016684257629636,0.5698500436351217,0.40514259022152216,0.7976343201496029,-0.01727268260930075,1.2384789872316957,-1.226262067628415,-0.16018639163050682,1.2171594781140531,-1.5650959375956188,-0.4952071116340593,1.2712508823418733,-1.3282300859293334,-0.0726558972110611,1.140572128307416,-1.2683306575215307,0.05534166936918398,1.2142386907858465,-1.2990931967151849,0.1544623834667836,1.075159465425269,-0.8698191502896268,0.8963636145620237,-0.19934956613231328,1.3152688630615594,-1.581276747509064,-0.7401707261451178,1.0423703650377492,-0.7714968669678539,1.0668867348500866,-0.9805239580229302,0.697750549180532,0.0219442407999936,1.252586323966886,-1.2296744755836224,0.3866242568756382,0.7337086957065193,-0.24806544219849588,1.2831838128783297,-1.5536202729913609,-0.7321895496863471,1.030030147393212,-0.6295679809029534,1.117482630167295,-1.0930549495335735,0.360706131987019,0.6856572293311511,-0.10709755846668415,1.1435726070822951,-1.3108404947364134,-0.0650944785717031,1.2712368826085318,-1.4506497507864777,-0.27269307219748024,1.316772700765786,-1.6244252504830603,-0.7871373904516102,0.8874042087603722,-0.49130899480955215,1.2084346537593809,-1.5275194229547393,-0.3244229500963417,1.2379692755373415,-1.5770245647012893,-0.7032275856067821,1.0574895562936468,-0.7164402179991605,0.9935670314895247,-0.7006746349818819,1.0855594159775543,-1.0698552448586545,0.629275575964428,-0.009137920573039698,1.0592835614680904,-1.0448698573062722,0.46882698670055983,0.4751607636282482,0.6382203296322188,0.4276335965442873,0.6894597703764797,0.20610257228733206,0.907066615653335,-0.5003973820757305,1.2233949720521298,-1.4382476713092356,-0.5944505944566764,1.2554129843315913,-1.4104846164487779,-0.33115344711194467,1.1809671149168404,-1.5987394427887314,-0.8494457953429644,0.9488508400546467,-0.47443801300176863,1.3344523227298075,-1.4511354807423962,-0.3851170762807868,1.2857415566311488,-1.5830539947550073,-0.7068949532246087,1.0120182145224017,-0.5217483913972125,1.2871678088149352,-1.3776335167456542,-0.00802902118583057,1.098664893549519,-1.2142346634290557,0.19932666988550554,0.932577283809766,-0.3694310316819837,1.1726750762642901,-1.6452791001304368,-0.7171337009238703,1.0798993470078961,-0.619256404372364,1.2021420909135203,-0.6806823264418421,0.9918289693784254,-0.9888201687977742,0.9057067574797295,-0.4002550049742506,1.2431140981555593,-1.6238406277777941,-0.7623113630169267,1.077651707821296,-0.6867040564511577,1.0571473008564534,-0.9519644174699963
periodic_098,non_chaotic,3.5,-0.8725073457385807,0.8555601148569292,-0.7651244406257218,1.0866570516964622,-1.2326685603110412,1.0154332473603063,-0.6590371101782269,0.9922720246210122,-1.3457776427548303,0.8351356985752129,-0.821655437695718,0.9984324829286962,-1.2735605550365205,0.7998865489450993,-0.6265059513327783,0.9963173060022351,-1.4830658563827819,0.6809215271513405,-0.6966042075079241,1.0105326645621635,-1.3669790317080475,1.0239387632075923,-0.6169198948498326,1.0602667371509757,-1.2286163345417291,0.814640309348944,-0.8129440056189688,1.162784124206644,-1.1704432084599572,0.6534779895121907,-0.6736138059467277,1.0974710289686482,-1.2808590945150469,1.0370048082047685,-0.5077339346589983,1.0302328510109446,-1.2715488751291155,0.8075686572093269,-0.7524694891162029,0.9790985148482119,-1.202867164324076,1.0242202108874765,-0.5490236257605497,1.1400485550396322,-1.4771482011410653,0.6640939550004832,-0.5947613297330385,1.218191850860159,-1.1984547589228403,0.8108339084818634,-0.5676400023979677,1.1366992389672639,-1.1435122518151535,0.6648451180420418,-0.6626097474694576,1.2328000314606204,-1.2009289802852632,0.9288517838566809,-0.6915034064583685,1.0757507234686603,-1.1185610471782923,0.7765523646436285,-0.7671820600810922,1.0207537652214937,-1.2483688114535847,0.6880453796115819,-0.6261152023100222,1.0503063210147547,-1.1702211477392996,0.640136894948161,-0.6142116086043891,1.1916032028133436,-1.2092968618666298,0.8424226192419294,-0.6134886931652007,1.1854410678990037,-1.2013546063492133,0.895850779246356,-0.5389652939863429,1.137411136071455,-1.3259011413871509,0.9588213220008526,-0.7065724764491653,1.0688990732926038,-1.2405154778603766,0.9307929627353958,-0.5303140511955162,1.0680649670890077,-1.0876184883661797,0.8550891278767458,-0.5629462138535906,1.0844440327723124,-1.296925736110336,1.0205170604287648,-0.7502624564005813,1.0041315314744732,-1.3688021223613838,0.9588802090235051,-0.5534131658322714,1.100887588165967,-1.3431840427122617,0.8389589820255101,-0.7234114837283835,0.9687721020195104,-1.2965932733440126,0.887200054508417,-0.7518893375316197,1.0932260901949165,-1.4177743175589754,0.9976520941378116,-0.7317691649450743,1.1476795495916265,-1.2328155165245154,0.877482690492059,-0.8014765219743697,0.994177687226078,-1.3200271238364254,0.8419829025219706,-0.5701009741074906,1.106546930034141,-1.3353214151882231,0.8478174652149447,-0.7025168150110205,1.0327406444648142,-1.2520268339502003,0.9114823986586876,-0.7626910416004348,1.033208837685928,-1.1581323656157885,0.8837387606560296,-0.574529028430207,1.2009174465944783,-1.3786383952386674,0.8667334393563034,-0.7427391157431125,0.9529353126977358,-1.324859563740232,0.8112868408784816,-0.7226491865178636,1.0086420990553306,-1.251859747517824,1.0698907254351322,-0.8573154448374862,1.1728044898352352,-1.2523052394585465,0.7983811410755134,-0.88489364020956,1.137562333634172,-1.3862086301602143,0.91752360935291,-0.5310220726406042
periodic_053,non_chaotic,3.2,-0.9162907318679084,1.0233928442563875,-1.0455099725335228,0.9139186997098787,-1.1316771511702641,0.9051069049793218,-1.1841624778138808,1.1707603965975484,-0.7495873248419254,0.7137867085658381,-0.9643426136887058,1.0202034847571204,-0.9755049884010377,0.9001321128314339,-0.8626108347239263,1.0393199419707972,-0.8610003592522948,0.8800469236602219,-1.1963792687967454,1.0427091352938653,-1.13807493825365,1.1286860233956273,-1.2995245658233794,0.9173643415583201,-1.0899288249838086,0.9362557481755687,-0.9682501897371689,1.0373440549372663,-0.915717555002389,1.0871174250674644,-1.0282729081955606,1.2749334220981436,-0.8120291954660278,0.9390844559244956,-1.0234652726599787,0.9361626321279951,-0.9540709375634064,0.847522479892284,-1.1140164042054679,0.6816677153686105,-1.0597857476029282,1.1300955719880523,-1.0255779252192982,0.969028378475723,-0.9658832607179917,0.8433186870102878,-1.0009670682673804,1.1058950472737248,-0.9619424622179579,1.1180813832836696,-0.8290885532744308,1.074298241099744,-1.1034484524248052,0.9346243330206754,-0.7364988776118438,1.0259579780148493,-0.979369226512851,0.8630584716882612,-1.0171646983588905,1.0817602550824785,-1.0024155924977782,0.9103109866328306,-1.0443475020636044,1.1477248365021462,-0.911826815925424,1.056463168294496,-0.9433069326928365,0.8182353766946711,-0.966689353028426,1.1305462429828321,-1.040675777727211,1.1179791772079837,-0.9288300761506577,1.0972020094583264,-0.9974083272458062,1.105375610617636,-1.2076864834853216,0.9869686344547489,-0.9055510052184034,1.0234788194077826,-0.8524675325682991,0.960573942918988,-1.0804297136435377,0.7549632963734709,-1.042346905699777,1.0540816426062785,-0.8988923246476646,0.7882457600860289,-0.8414096821577898,0.8471779875912984,-1.0212834962361736,0.9034518957057665,-0.9465856920542515,0.9954219758527907,-0.9104133597570078,1.238181003776814,-0.949276905483476,0.9023609406827799,-0.9405061864385311,1.2522402576385026,-0.9134140874917149,1.113576311915291,-1.2255694637451227,1.036045837711353,-1.041660311814582,0.8880088615827199,-1.0075716242577446,0.997441940604278,-1.0911039675937177,1.0085175926585663,-1.0285450479907812,1.079826941228064,-0.9729013703440277,1.0345258982944763,-0.8685941716066488,1.059365021168281,-1.0053194529696299,0.6928282097451643,-0.9332002362585523,0.8558489470092956,-1.0164400089438865,1.033849346036653,-0.8195297080461553,1.2379754157588754,-1.1322859150358917,0.7998060237449781,-0.9592850194583977,1.0160046034866133,-1.1712245901428002,0.9800664540444323,-0.921571955357405,0.8116976628532336,-1.142464930199952,0.8929986663877784,-1.0339244682728457,1.078652171220362,-1.049771508027923,0.9900446727128263,-0.692838658767198,0.8496906592425738,-1.095072163605249,1.076448601294104,-0.8673933386145943,1.039919798070907,-0.7534975857576001,1.026414077701807,-1.27864162050838,0.9958272337249238,-1.0836940572714933,1.1743611987232956,-0.8706425283867888
chaotic_070,chaotic,3.9,0.5078337686640519,1.3017504121336583,-1.449052508115197,-0.45448648691903876,1.2316891875904303,-1.5679688512705638,-0.6233785934449685,1.3183965907027955,-1.5356405050840782,-0.3687354470639985,1.3081530458477926,-1.7210481648035585,-0.8278121100755655,1.1388309132771999,-0.8409534181013237,0.8872654870167205,-0.537912481773569,1.2910446855309188,-1.414270104335817,-0.3976917206917524,1.3803728383053044,-1.6040789358183256,-0.8725911597655249,0.8438299261966619,-0.45153219082957663,1.2539281094151389,-1.5872788285854214,-0.3508407144913624,1.4800100485113636,-1.667197134580651,-0.9108390599429097,0.8575573825394768,-0.40780555345931885,1.2766771874103027,-1.388285113661584,-0.29841044238594194,1.3552717871592461,-1.7265684769293408,-0.8552779339634522,0.9378951560465598,-0.41573060551470326,1.2498145577747297,-1.5547379906728067,-0.3949204823302918,1.1513494223696863,-1.7953962930883234,-0.7180316568600821,1.0023923248692266,-0.8528005841287603,1.0126951151286792,-0.5272590912388797,1.1991007842111192,-1.1541924208931906,0.21452832072976033,1.003178506350047,-0.6821185652012682,1.015350676258752,-1.0093250305074346,0.4394786153030297,0.2462730907285611,0.8504559694312392,-0.36552566302742634,1.2412234174649601,-1.5468411336824863,-0.7921890223275599,0.8730502257427895,-0.5401034140380104,1.1428766238808399,-1.4648837540201203,-0.413369476758073,1.1324406289699909,-1.635273077122226,-0.7497558318389527,1.0859356934031943,-0.8217758517464302,0.9541808646180314,-0.5536565725384812,1.112035489523667,-1.0593467047171683,0.5050947882459631,0.4596996507046009,0.5525618311571824,0.15138004717731285,0.9006321930888509,-0.7338869985432144,1.1890895313259995,-1.128095825215282,0.6261609386850626,0.439422800444845,0.7701042414159337,-0.0439052416126722,1.2574474737661119,-1.4815536985382907,-0.28384146612308225,1.3940786789708135,-1.7111133809750543,-0.9260240812889761,0.8560846755243181,-0.45735361213796794,1.2966925445051984,-1.5225429535945076,-0.46942564400066,1.226205959246154,-1.6327777295172725,-0.8691778273505018,0.9325944073499308,-0.5484234669703469,1.2938946398207445,-1.4813369124706386,-0.33595696052258756,1.2780318300668612,-1.619853358242964,-0.78854025592336,0.9143286328281758,-0.6532834391588861,1.171530158783105,-1.053677405289201,0.5250483490525204,0.434703539278733,0.44118823882973657,0.4735624952337386,0.5015703931355944,0.5067868192844674,0.3900871668697301,0.4832966932674128,0.237592216152442,0.5006359832985093,0.035645434040067994,1.2746999563480206,-1.014034098526539,0.4256397053330221,0.5209674456500625,0.3750652998628344,0.45687297234884117,0.32665365534729,0.6464444648109452,0.14365904929814796,1.0282184350525105,-0.7407423928458329,0.9925290714776308,-0.7942185610350236,0.9291266514834654,-0.8469481364445072,0.9445695277301234,-0.8466263916731634,0.8648067956929663,-0.5441567733410836,1.2549015412451792,-1.7078810863844354,-0.6139672404058526,1.0378940888043766
periodic_023,non_chaotic,3.5,-0.8725073457385806,-1.3204438834055057,0.9924733952539571,-0.8487535951557382,1.1337208337816984,-1.2153572509476482,0.8335223720698884,-0.7750911117887503,0.8852948142401795,-1.295778941320163,0.8044978316451716,-0.5825950470713949,1.0061612700013993,-1.2027656024610294,0.7309379863156672,-0.6422748808007055,0.8686688287734851,-1.0475360803919949,0.8397313751062028,-0.9517602979778047,1.0123142326962047,-1.3283112867169187,0.7910840406945031,-0.7221225313236389,1.0175246015432082,-1.3227117553606558,0.7435599915180795,-0.6099969771707285,1.1936615566049738,-1.2696143269160356,0.8513964087741974,-0.7941072200785028,1.086858227488411,-1.2238223225562246,0.8323285700430846,-0.6502298060834016,1.1093213223935692,-1.3451785576001765,0.9658140642398173,-0.7072854533186668,1.2384988931204564,-1.2058228935594593,1.0393293964303347,-0.576590804916393,1.1016172235500152,-1.3138937962745407,0.7867604254108824,-0.6372862463222569,1.0936726629928097,-1.3012222904771835,0.9317928599117297,-0.6839973623545189,1.1594382750486076,-1.3377437866712687,0.947519867383935,-0.6403141167089691,1.1933245506877257,-1.1531817753972022,0.8450345309067759,-0.7032904964615729,1.2486545157896092,-1.2730160588826185,0.9237951200674384,-0.7237051008622275,0.9041860449378696,-1.3615470748334204,0.8914253953158568,-0.6213999296042813,1.1188196739441612,-1.1372556160106053,0.8900398594662569,-0.7609263129766173,1.1363117862622703,-1.2295263446922113,0.7986691531656698,-0.6430053122369308,1.0876473073698891,-1.302731968816761,0.8362536975697005,-0.5540700720819863,1.2106493276519228,-1.2277745533245663,0.8584753136976567,-0.8230938268135805,1.2426376694046595,-1.1476142599851173,0.9241275822101177,-0.9026385968788052,1.0840137630502114,-1.257569921210694,0.9175937607442284,-0.7302869022896705,1.0582481551474807,-1.187016801292827,0.7799549201323205,-0.7419123370360047,1.0984169473314422,-1.1190596723619914,0.9294689225017359,-0.5860287169579015,1.0861301587642593,-1.1042606630875589,0.6885099413492263,-0.4965465372471319,1.2835017472437182,-1.2024021549932649,0.9317175088304323,-0.6912527476391724,1.0603407066379975,-1.3032867060263114,0.8484312292904711,-0.6351221214566727,1.1198281008558226,-1.0578082973363032,0.8625397961120279,-0.8283656487579416,1.235544523826154,-1.3609436671859825,0.8001970490290922,-0.661979986393475,1.1195721046692326,-1.3821588927516697,0.7825166286422646,-0.8276052391205705,1.1389022957685981,-1.1337181973925787,0.7375914178784905,-0.5935650629759682,1.1681110453860746,-1.3078419637805918,0.6656963660695305,-0.7889022835882635,1.0238905257811588,-1.099857333357349,0.8418828135140116,-0.7828134076697197,1.094118967730595,-1.3679743344887136,0.9016717230349729,-0.7800572247815558,1.0014673060906416,-1.2100689376369598,1.0184718399268926,-0.47995605866088736,0.9818721388216742,-1.3019386591510653,0.9017843971065531,-0.5772031908289129,0.8756260899565981,-1.2373015113827397,0.807024957725286
chaotic_064,chaotic,3.99,0.6389342838776518,1.4180218096034658,-1.4104445310479774,-0.964772337539014,-0.005306312348250294,1.4557898883749862,-1.4171625377576742,-1.2343648676802317,-0.4368895861863001,1.180985969299136,-0.6715291472202637,0.8400610575957564,0.18901099970859184,1.244974500507484,-1.1369697260433074,0.14620442192145336,1.2763329078597283,-1.3664834179999703,-0.8369308214300878,0.5441952826807914,0.8492636659621654,-0.04248901625071209,1.4110610809131119,-1.4906990685165344,-1.3149501059866144,-1.0644260368720369,0.03565319813759149,1.36494910315222,-1.2670314588703464,-0.5814634469167488,1.1451803901567277,-0.5825872718625408,0.8410235220344491,0.2036034980624042,1.311749172799533,-1.3961334469550983,-1.1158171695104029,0.08361594230545238,1.3474467617534351,-1.4670624979034026,-0.8030580514972524,0.24845942315677477,1.1940625418817403,-0.8330007776432921,0.5681504104536914,1.0679507344195565,-0.24786070088464576,1.3813785927175855,-1.54317232516468,-1.1101801777178195,-0.3491108483096664,1.2912481824386066,-1.3141890369549711,-0.7111864710676541,0.7575718615530141,0.5094717605205243,1.1020259383839055,-0.31300081702640425,1.204132217350773,-0.9810501040886603,-0.06279278393167403,1.4833190306639625,-1.3661845747118189,-1.3268750824320081,-0.825233831593151,0.291259521433075,0.9773908046875863,-0.07447876390099856,1.4325177400960967,-1.5424536070138295,-1.3235134930745265,-0.8593743266333006,0.8435139752881358,0.2008239663028109,1.255936631509361,-0.7055079690452505,0.674736988066842,0.6059932117175675,0.8078369023616735,0.3222281487656856,1.125706809540461,-0.7479186309565994,0.5877388719638912,0.5078114809667423,0.7425021851701147,0.46091019918755965,1.0018670756754173,-0.16866946539984987,1.490155758337202,-1.4677323007284362,-1.3154521042535268,-0.7772367405508166,0.7333869941896731,0.6662959699522258,0.7415442945670284,0.5903554843500686,0.7623672136496945,0.08301569568254676,1.292256488040913,-1.1686379520195418,-0.20254028360382795,1.3476694718683109,-1.3121257407865927,-0.9207110578961842,0.5527337455606122,0.7804900711855443,0.23574590858082345,1.1681370120694274,-1.0669729609823495,-0.12114444442674985,1.361651576392594,-1.440857728129015,-1.3778184777246396,-1.1040079850281381,0.13810899471963184,1.215832106999349,-1.2816101290435968,-0.3064157477286067,1.3356753759960327,-1.1546989783529105,-0.27144878818500545,1.306650166262043,-1.2129011176943145,-0.4198643280532207,1.245131838399736,-1.1387879131406111,-0.013962717946604449,1.3761912435991681,-1.4484589916915507,-1.0148993031697395,-0.4264959742294022,1.2707718582993315,-1.1713209638747517,-0.06033164246488622,1.3639782477921345,-1.444568313019349,-1.4204330822935,-1.0301633899139742,0.12354574336687761,1.239773742413811,-1.2888895604796544,-0.549689750894336,1.1008723035873973,-0.43314631582372004,1.1550569333946288,-0.7172902533485814,0.7340059833684165,0.30537889302255994,1.1856160080544877,-0.8576829579720867,0.5125591365918777
chaotic_044,chaotic,3.95,0.5796667860875174,-0.2156462531044954,1.2957324135891524,-1.719160085532067,-1.236915982776568,0.11786017878624294,1.0983569979579506,-1.2878317032846127,0.3135781961310527,1.0369809388142333,-0.866733554327229,0.7988974607353959,-0.07041942501030464,1.393933572698209,-1.5442917594932795,-1.0438346916408023,0.5875249173575046,0.23716339111372514,0.9740291508065939,-0.6916900449704041,1.2074503835795949,-1.1906592681283155,0.423037824769691,1.017999315210329,-0.33747391229212054,1.3229352867812376,-1.7099486088479585,-1.0827104097152596,0.296535751105326,0.8347613755545571,-0.34213954026983,1.26526231285731,-1.650909049394857,-1.056266967430911,0.29117692632824027,0.9949955708903154,-0.3558654174981438,1.4046580403548445,-1.7243234771306943,-1.2206954509903407,0.06754668294533754,1.1405622570332694,-1.0945883217639454,0.3712298779199584,1.048643928300323,-0.5545062679931919,1.2100014151520897,-1.322428388994339,-0.09596557729269128,1.1789316721181156,-1.4946824416341662,-0.5659573656513052,1.0355300032615717,-1.1278722877623235,0.4178307528148871,0.9831451647722593,-0.38554122969597554,1.2003131741632147,-1.5781599884824207,-1.1833487739432542,0.5777770956874725,0.5959799490533664,0.5225022054275456,0.6754355606974509,0.055509446760420994,1.2282266460782663,-1.4255528605042935,-0.48179497779849173,1.310813700724215,-1.5054420586827106,-0.7263060612614631,0.9165061781404038,-0.21974903367739865,1.2364699458496038,-1.7370508017238213,-1.0936650211207797,0.1307519350649237,1.1792000318009377,-0.8509690882241139,0.8036079467823124,-0.01700528748746941,1.2734182083764611,-1.3946979476737449,-0.3869145885083935,1.3282901344201308,-1.5995036329024872,-1.0299673918365395,0.6556308876521095,0.3851744943820244,0.8433018569074711,-0.10295959286997262,1.1938464477940476,-1.4279504125217732,-0.7071815382457335,0.9585440204184461,-0.34577088170529807,1.2762756249499987,-1.5449835000315786,-1.1460274734804885,0.284773474816468,1.0265883175815536,-0.3399925658363625,1.4035774002828472,-1.7072275435680428,-1.043475430881811,0.5578023978913063,0.7536477741098825,0.06347564796573815,1.1034669225503166,-1.1296834363160173,0.1043522866584672,1.1067538636645773,-1.053121829642631,0.7243727077849998,0.4446867696135702,0.8375609625101186,-0.21951743440092766,1.3905678882707966,-1.6484109761375445,-1.1686450816537612,0.2676412949020394,0.7872077044623055,-0.2077788786015354,1.2457786126597097,-1.546809766743579,-1.0150751994091383,0.6180450777098941,0.39017483418865617,0.7405751509236302,0.23926790548094212,1.1236671005245273,-1.063268065154484,0.30385948762675585,0.886873348562591,-0.04817805647626367,1.3098175284643931,-1.444761170399209,-0.4520172615102143,1.2667007290783718,-1.3953508620154138,-0.21749166230620715,1.2529501981058753,-1.605057530826029,-1.2249668205976851,0.17008921501357072,1.088473904790436,-0.9885905480749887,0.5267511909037447,0.45326643516886034,0.7364340630763592,0.09041106964674096
periodic_063,non_chaotic,3.2,-0.9162907318679084,0.9211800461663283,-1.2342833583361623,1.1479520343135468,-1.2363822815788246,1.0276930974303387,-0.6905168601883253,0.9690700994736108,-0.9347603117883158,0.9999333976436899,-0.9472565412728434,1.2646251431837838,-1.0870795411019996,0.8189267407914327,-1.017839717369336,1.182747780787311,-1.0513241680015473,1.006778282845287,-0.830057364993971,1.0535973810403048,-0.8371650762115804,1.1393983213760888,-0.9324778467268958,0.8876313465213492,-0.9540975522795164,0.9034749707893526,-0.6352882637310384,0.8774792517912313,-0.9089922169979966,0.7474747438094527,-0.956031153070582,0.9104504102905526,-0.883138667862134,1.0432273837515127,-0.7836001917470905,1.1286004691953448,-0.9827680775689419,0.8221950180299454,-1.084923314593835,0.9896503571483788,-0.9526786575154071,0.9836333893098238,-1.0457160731305024,1.1419832229741633,-1.1716070640394356,0.8697171159832799,-1.118491715090424,0.9209412643564421,-0.806484649248054,0.9103631263069984,-0.9602394169542634,1.0381907722054806,-1.018889101484071,1.0003774007821755,-0.9401953271858355,0.7971633833006598,-1.0362102141829306,0.996612104994108,-0.8017010839529913,1.1210396742711761,-0.6924973657302655,1.014184645103004,-1.0293621685005279,0.940413678177288,-0.9891406685355146,0.8942333829287662,-0.9224444657287303,1.006669554431094,-1.1314692714621204,1.0951128303506905,-1.2204985903881038,0.9191273995638312,-0.8195428699767431,1.0305571491473307,-1.021797118886198,1.2133609842835555,-1.0329551778745774,0.6801924105601178,-0.9130742988272629,0.7101940658173536,-1.0855063528141795,1.0326194294222502,-1.0357459339115591,1.0269610553268602,-1.1293667996298682,1.0642716171882618,-1.2009138898009373,1.1260576402065212,-1.0376927033639065,1.1545943078448138,-1.0867233728925372,1.2074451447723593,-1.1024533198452366,0.70812154233765,-0.9680774884100223,1.1146924121091795,-0.8676834033516202,1.1051566292862969,-0.8650339669432199,0.838860772408143,-0.8709558582901165,0.9614658733878598,-1.0691629944596979,0.973083208299699,-0.9814281484880248,1.1391306002405206,-1.0429993351930045,0.8735905695095524,-1.0676735449058719,1.203696665239454,-1.0601606621272825,1.1231313740611204,-1.1123527972177922,1.0170267609921921,-0.938617127485201,1.1146090847373604,-0.8277250015632734,0.9599963998204598,-1.0459800036225027,1.1671895520069075,-1.0593900719357552,0.6445062469561877,-1.2234206236946013,0.7321413156813075,-0.8938791592793,1.2463444006732236,-1.247777138681316,0.8439246181634464,-0.961911325136728,1.156520919200946,-1.07966399060846,1.028329341436964,-1.0074453852322658,1.2990726826456989,-0.954457216850892,0.996760229820373,-0.9625516519157017,0.8933194719739881,-0.8463229689791409,0.79337443017223,-1.242674989409389,0.9288336500576001,-0.8643567570287565,0.8710179931526708,-0.9488244218822386,0.7850939676843108,-0.8311779058116402,1.0365347508466858,-0.9712161185538432,0.971656649661928,-1.160984905120443
chaotic_028,chaotic,3.99,0.633443507282001,-1.3822822144707225,-0.8138256143482098,0.7328622830928856,0.4238284679573086,0.9540122584598724,-0.2332037705109652,1.2864614539117283,-1.4085427164454096,-0.7404195498809499,0.6879203749771595,0.16425284170193247,1.2596763017191945,-1.1125435826891579,0.3710238866287271,1.1951492347794614,-0.7015360917489784,0.9584118681383968,-0.10658119847332928,1.3226084160101825,-1.5181940423984073,-1.4872474616655211,-1.0210777170907515,0.29602988320748497,1.0786788985302023,-0.45839268294428226,1.1256506300909173,-0.859804010532886,0.7062647776082784,0.29931033058025924,1.2470014147216222,-0.7634628842581914,0.742954622848375,0.33261394601268296,1.1108892989897294,-0.7680408361432725,0.7800649328104237,0.19390746255589308,1.1280206991345585,-1.2463643861092624,-0.5068983307028898,1.1608069707229798,-0.8514696481306949,0.3934520830796914,0.8901713776922163,-0.15104599525781653,1.3775910259496253,-1.6064816016429544,-1.58151830878852,-1.1904885433827455,0.050203179214593274,1.344615206525212,-1.5027420028441454,-1.3090784691799129,-0.5177284487726626,1.285693452945999,-0.965956359365664,0.403554924120718,1.0047443422818259,-0.21180816952875853,1.3155228360524538,-1.571232258070823,-1.4553296289538498,-1.0057188449955372,0.4005168215458527,1.157017608201736,-0.9270675202640339,0.7874283169616629,0.2843444884123922,1.1331834355324748,-0.7493478249438549,0.8042175926430625,0.186157044822563,1.2569968500522621,-1.1103608136735628,0.0784284511475834,1.4423681041648466,-1.2750410899380396,-0.2860930384954402,1.2271983960480206,-1.4287531421264081,-1.0069167767781628,0.41100822733583536,0.9906034593990138,-0.10922406241363994,1.387020744815435,-1.68646601685601,-1.3825025270379174,-1.2235953916524993,0.0273190056322209,1.4090269529394799,-1.527309244535102,-1.4666565409964187,-0.8731363642211883,0.5565518518017464,0.6786997219899441,0.47450293693571505,0.7250351859831243,0.153028490136728,1.2884571344207747,-1.3768374614645023,-0.6866836059490949,1.0004369616362279,-0.33715797592707547,1.185550501405648,-1.4250475806391107,-0.9685777115007992,0.3158980551467134,1.009602709921214,-0.5845267148609734,0.9767486354489343,-0.6058201559994196,1.072648796849837,-0.6691084523134475,0.8583104255008872,-0.02955177262377374,1.4495120247087938,-1.4816815446350768,-1.1728576080492499,-0.19877818358651606,1.3144131148275788,-1.697807970562565,-1.3822082282807242,-0.9393061242130974,0.39417927864278873,0.9679682505625306,-0.23137693225691913,1.2308720255975596,-1.4986141137248863,-1.1180782093389234,0.3096748904834631,1.259566791907821,-1.1621843864707464,0.16178433515298823,1.1546626398413673,-0.9010844222221287,0.5242926949265955,0.7569124637635378,0.5830643161149779,0.7428946042464514,0.365118374785938,1.0170300155330905,-0.29174751976200924,1.3088188244690935,-1.436440127854321,-1.1805896659627764,0.2152999889745812,1.2832351814894176,-1.192908012764873,-0.46647767554241604,1.1953814738518733
chaotic_040,chaotic,3.9,0.48104035153149804,1.030129366374146,-1.1581381800033874,0.612892687997043,0.34535219200257944,0.869338922615404,-0.3787454997358933,1.3170357472147198,-1.8667629708503615,-1.00300764116133,0.8518521738421099,-0.7513132811496575,1.239583942552761,-1.4677389783632862,-0.09158158276623357,0.9960361531372627,-1.3176537949062659,-0.09279606703457569,1.271481190639365,-1.3970051645518933,0.27968732209546526,0.5339801969931262,0.007535539780603282,1.041651858449621,-1.3356524641431324,0.3112350236281908,0.6219271023521833,0.30270899425716424,0.9396999296186419,-0.38664236888667763,1.2816801130852877,-1.8742922886762774,-0.9531356828600401,0.8987397924208523,-0.6485922017862477,1.240716166294281,-1.368959648194313,-0.03484770066026034,1.1517871003476157,-1.144314387015795,0.6034748067394919,0.07583612572791297,0.9391801200821179,-0.6897841100784853,1.085760535980873,-1.0704991237450832,0.7034294529401783,0.06860466130168642,1.270148988450299,-1.5209218926622359,-0.07397081872530376,1.132427760313019,-1.3496056311784361,0.15283723311269504,0.914813666753094,-0.4332177654366788,1.152018108621211,-1.7785015523238983,-0.7059343027375047,1.1451868746295588,-1.318544145920546,0.04656132590455494,1.1884730649530164,-1.2944534598237891,0.3569358646971888,0.5187874281432655,0.19365525174592152,0.9959872100038365,-0.6719688447499941,1.0943912131107956,-1.2398750473922366,0.4783966240476298,0.5198548529778961,0.37212188080046876,0.493932044581207,0.5012064861210933,0.3138821731032445,0.45637792601331956,0.170707790160293,1.0126439385338,-0.4971138285100697,1.2343637279664013,-1.44142467112121,-0.3319940984276128,1.3316797520719421,-1.811851517404069,-0.9527243491566009,0.9033032299956792,-0.8707146416519937,1.2262099504548698,-1.3678188052328923,0.22439411455134067,0.6921478591540711,-0.24926714813315234,1.366575601130081,-1.5558223943082747,-0.7924210985795255,1.1479669440331641,-1.5192926716313035,0.07031418705617652,1.1220501804347902,-1.2510771115516848,0.5150634786426571,0.3395987265461889,0.7390165651096843,0.16180543432340583,1.0263536700625129,-1.0014946581653212,1.0550298169995302,-0.9224759269834201,0.8375160218813273,-0.2891480180090028,1.190972114003971,-1.6728402029155027,-0.24022452498247668,1.2850467546122821,-1.8439023408377542,-0.9460184624847542,0.7302861574964296,-0.6886789957806899,1.2124153417967196,-1.5199895020930578,-0.466456392565171,1.2390989359767581,-1.711237207917365,-1.021211038900461,0.962456532982926,-0.710951907054225,1.2648542849814148,-1.3696427302461092,0.20305834686873253,0.9260268472495606,-0.5764667796381558,1.2421226231197127,-1.7832255585219785,-0.8369304823289971,1.107575850561491,-0.9929607948117085,0.746716160623437,-0.28996647452725044,1.3644400026208898,-1.8212500295047027,-0.8537488051485217,0.9972396798558356,-0.9159534304115137,0.843325933411466,-0.6481956364724887,1.067688562195487,-1.2006611793765318,0.3415809729295118,0.562630725956832
periodic_008,non_chaotic,2.8,-0.22314355131295646,-0.6956629137191396,2.4128938114971583,-0.09841948539763669,0.18306026806000836,0.523062756262519,0.3012584531983534,1.5745142480003715,-0.7088841147925491,0.7735348774308936,0.1055472892663975,0.9887163700969127,-0.30416770046828867,-0.45035948851633034,0.7181488863539958,0.31434252417866093,-0.9575771721295843,1.380442293974915,0.7186194116720763,-0.15219931604210293,-0.5775374247150759,0.32096788898646106,0.6408718910107158,-1.7928461149409691,0.3334357326794116,0.6323111737551583,-2.6114834816572428,0.1396812693570513,0.6777074438995759,0.5549390508650741,0.7941160636346362,-0.42569505672527275,-1.1946406923649007,-2.0148587958215423,1.1069177916874746,0.6868357844242645,1.1892439036960776,-0.8548629390815748,0.7956144337202508,-1.6941893965638892,-1.0106860272126954,0.06388942423900862,0.6438106316689143,1.7403359623360761,-0.33123917777179585,-1.0066446878289341,-1.0621282566925045,-0.8146038605227092,2.3254212584757497,0.744919709321626,1.128840216816834,-0.3300749987246704,-0.07387821429813383,0.6827327526514408,-0.6180903661673152,-0.3865550681177236,-0.8004179376311117,-0.5551510433524657,-0.019227842203304125,-0.9591055038280257,0.23660566120189327,0.23509739703127958,-0.2655910826589636,-0.9653121331123475,0.04120537449037711,-0.6171251166723143,-0.021801766574610446,1.113291195482994,-1.4246030088578736,2.274103015801974,-0.15038516924779297,0.37246739260206513,-0.8846655869786896,1.160878401099499,-0.20770784527064856,-0.49753527942160475,-0.6933466060614945,-0.3619261543574296,0.37949260109320154,0.11444450114469551,-0.11512569045814593,-0.8400527487199482,-0.9023940480998326,-0.5695959881572094,0.42475281252609387,0.6427875647261516,0.7882824665655839,-0.07368197966111638,0.34194301296380714,-0.2539350909802125,-1.9528475051076548,-0.305183843201745,-0.47725032149527735,-1.193711024810738,-0.6845804408851327,0.07372787800506235,-1.2953982960252308,-0.8393662669558454,1.5988068933429591,-1.8021632457378918,-0.26983717470268914,-1.3310881804487988,-0.8834638272384695,-0.28554885737320845,-1.1381519735676215,0.547439255927992,1.3864207287183403,0.8364632234145093,1.0339350582010607,-1.5614743280260368,-0.33448508074930566,0.43246597043403734,0.8683212222077932,1.8205839478969381,1.0818918636087747,0.8956292038655022,2.770774651491013,0.031863723185647654,-0.38412686832707627,0.11935305659008469,-1.0598655670626955,0.0009097567414833885,-1.9361743140309895,-0.6436955693231124,-0.19659736165699915,0.9529991491205129,1.1272843780534054,-1.112289018997565,2.168906057972493,0.08806539592515321,0.18702152062113162,-1.8183413532880193,-0.7414285159491258,1.0611491094403849,0.11117131848133258,0.04428365915670606,0.17312579376285922,-1.6299864623813216,-0.176384032442576,1.4481442284388182,1.1009638768263028,-0.20724688438381073,1.6158264432174305,-1.4312507724271766,-1.1210117406707567,1.9396158437911268,0.5518029947058016,-0.3839421761033965,-0.13181295319133812,-0.9428282432144235,0.2264733992617927
periodic_055,non_chaotic,3.45,-0.0027443845029230056,1.0645607001599797,-0.9660653399866778,1.042592186431908,-0.8964307351843871,0.872053850824718,-0.7526707789776409,0.9243997275335292,-0.9454736457380896,0.9641819509419136,-0.9515956117516878,0.8734878306576715,-0.9445393428053102,0.8397354642890745,-1.0857453775796388,1.1102674406649264,-0.859458217424099,0.8995895789409841,-0.8507437080007018,1.0752411886699769,-1.0401739993774564,1.0923682070171639,-0.9632259808060722,1.0483149726517498,-1.151748569118181,0.8474954757467553,-0.8352881556358791,1.0514657046999518,-1.0446384569193405,1.1475965436068283,-0.7654795533220675,1.0406032716127387,-1.1707437457014007,0.9534482857128176,-1.0283001488946086,1.0068870153750007,-1.1205837630091198,0.8492160017718865,-1.1660825403323376,1.0142836064779004,-1.251438543980812,0.9335693554941281,-0.8818765239746507,0.928658753048848,-1.134478468799632,0.9579380447036888,-1.0285899981608488,1.015896646156793,-1.1292879216657403,0.9545020709286249,-0.9824222342987969,0.9968546859705328,-0.8724748096826437,0.983859477339555,-0.9007864334383698,0.9377913323786822,-1.0081029012356653,0.9382917686480932,-0.9466579466049623,1.0602381975063178,-1.0775187194496645,0.9265199341328452,-0.9964954474953829,0.949102500922707,-1.0125674078170082,0.9298770729959493,-0.8058147381251143,1.2553825299482217,-1.0836926679262933,0.9932462738063053,-0.8502446330679533,0.9720491180907347,-1.1245485454889286,1.1322355539092417,-0.8842722838089984,1.0281998488285844,-0.8892164316564272,1.0392060119057427,-0.9550629089079344,0.9035408911351624,-1.0760364190096365,1.081081857308872,-0.8850187327084857,0.9794636221400985,-0.8585080450036382,0.9501406499707367,-0.8558110378149586,1.0185227115287918,-0.8423539315680376,1.0377677850212692,-0.9465262795539109,0.9800989501745149,-1.0296141543905153,0.8956272336903814,-1.0825910096373446,1.026935700145128,-1.0793108804560936,0.9138951592913819,-0.9598355713520885,1.002204850199173,-1.0271432727342833,1.13273831364073,-0.8877335926664237,1.1998727867893837,-1.0699416761035856,1.0409833842496008,-0.988479884125914,0.9430960549118698,-0.8212056359168062,0.8917743111106602,-1.1664169043249113,0.9289200894904625,-1.220628165042949,0.8742162475483993,-1.0344904583814722,1.0003575702732344,-1.224469682964331,1.080819405694756,-1.1324676807205487,0.9846240893271464,-1.0583763874366454,1.0452306232153201,-0.91836675954824,1.1110250388318363,-1.0618407998145105,0.9211958585977341,-0.912613216023045,1.0958093432463805,-0.9475903394303312,0.9969103023137279,-0.930074436218974,0.9932728975699773,-0.9874035153259914,1.1617478432591233,-0.97591882024206,0.9616561475424608,-1.0691424678012962,1.0035180665810044,-1.156802883570681,0.9836778152541527,-0.941896270868178,0.9155007035384722,-0.934883766154554,1.199516985937958,-0.9945966910805707,0.7507824093056915,-1.0885815339387002,0.9724349150110978,-1.1037021014644766,0.9761652656593052,-0.9814238204644089
periodic_056,non_chaotic,2.8,-0.22314355131295646,-0.28995425856904644,0.14390812014500698,0.270439306261385,0.07194475562846743,-2.5409652848949498,0.007070196300538603,-0.23199294346146368,0.8046243751394485,0.6604596651783844,0.16799970052692192,0.2418694590289398,1.30336365869641,1.096945015464376,0.20322641690689716,2.1133972283756877,-0.7196686659189584,-1.28885980379638,-0.08907752803562881,-0.45982953487387973,-2.5961920937825123,-0.7443715357965133,0.2729425465259744,-0.13727875943875356,-0.8711117538800881,-0.03477446338908153,0.047703273983865625,0.6523944945897698,-0.733258159508233,0.8145803364629431,-1.1920276683008295,-0.5921738082301192,1.6574032052621537,-1.1238313770463588,-0.7508949304787009,-1.357978190873492,-0.9230057090526802,0.06332170214541198,0.6436795217290661,-0.09704484715438066,-0.4096566548067956,-1.3474194433394966,-0.8207234087170703,-1.6571816496152205,0.6743402628685219,0.745343831335647,-0.11932178984707949,0.37290609019860443,0.8170070432161253,0.0253710453804268,1.345474939687819,-1.1237444822215497,-0.4341510431387476,-0.5557752409247838,0.5831041619408521,-1.5428887685457366,1.4010041310184513,0.49580856905252774,1.7098040978066897,-0.1194480535163567,-0.64012237851063,0.5931836740796447,0.9746476011903418,-0.8077413686717402,-2.1184213755177135,-1.943417848221976,0.18898039067795191,1.4951954974640453,-1.4067288178213064,-0.3562116161013113,-0.4339256372256711,1.8836906648477825,2.2291027494604183,0.3555434431604632,0.8392414204430029,0.8108441369142448,-1.3857719459225382,0.6354883544273419,-1.119468527279638,-0.2532198414796441,1.0861596243245568,0.004660885221419856,1.0481207833563908,1.2491054035713671,-1.8726000554149471,-2.3023828224495038,1.108994213034825,1.1501732617025502,0.18408740283011232,0.32261579209701713,0.8341825931960241,0.8151442917801069,-0.38871125340773993,0.8983312768652896,-0.43190686967550684,0.17076430499900536,0.12630264117209242,-0.9558680332113489,-0.8369201243591745,2.203988863629428,-0.9890101679744212,0.2998819775779988,0.5142197190711097,-0.13338560801498997,0.607875831463509,0.2580276733693368,-0.9669122430881165,0.47031653787165967,-0.6343891925903813,1.6999724944285506,0.3603161871062877,-0.7931682403021988,0.27161917602276026,-1.0226855242620512,0.18529725500998764,-0.3085427413968407,-0.9226020228659019,-0.9354416866080653,2.409118854004366,0.015344024510284243,-0.519000528018078,-0.6958919926995084,0.403258140503281,-0.7301891459392795,-1.19608786325839,-0.11111639904808002,-0.11883302299905402,-0.5039811634610638,-0.9884039737843537,-0.4773591283222611,-0.5577110599406951,-0.6994114231869202,0.2044195198955775,2.1959390461227573,1.2823037930253876,1.905536497029361,-0.6578667504116927,1.6325772742784643,0.15414016654519025,0.929498572276464,0.38950744014151517,-0.4286322199745422,0.6569125395418837,0.41731762652761556,-1.8840940587002912,-0.204791995624251,0.8130965965601114,0.20536081778575335,0.40152667414717913,-0.8455374990609433,0.18369516183838366
chaotic_025,chaotic,3.95,0.5821479555056093,1.1958843725285702,-1.4598999205598457,-0.3645793927352758,1.208843812619611,-1.4046545042727399,-0.6163665114104302,1.1841462537065444,-1.4175531109288002,-0.19940406757068213,1.3272878888322102,-1.610713821483898,-1.0486977965672803,0.47793382256102207,0.5303039555722517,0.525899372453691,0.6410994292396511,0.27068644160981997,0.6537641029772734,0.1630533241596705,1.084165643663139,-0.9235491119439578,0.6899431762035846,0.21157256401192193,0.9716879676763199,-0.6872888104401254,1.1368541067982894,-0.9089066351091013,0.811509028308092,-0.11116661792954904,1.3697616395660106,-1.6150412617330085,-0.9291734689455999,0.6771886494200481,0.3895604339646166,0.7636896248894265,-0.04291964373404278,1.211283872153879,-1.3775946275463238,-0.4525989932139731,1.244646190835405,-1.5112652762732763,-0.5544576776265225,1.3496396910863928,-1.3949821735322714,-0.37730819355441125,1.3725449151238402,-1.6200625023710242,-1.096436651373764,0.2985039815155938,0.8860897132138054,-0.38513850624157436,1.1830070407247408,-1.5973815975643948,-0.956588300392351,0.7427150187362731,0.3419129123471357,0.7172583799357206,-0.2620942218560741,1.4633082605540384,-1.6148265705388567,-1.2955339130874666,0.08147047310889928,1.1377657258907765,-1.3609160988619087,-0.05681220942169471,1.2401236079367213,-1.5752153912062155,-0.6166113320776548,1.1805573510086764,-1.2845815990864224,0.032721721284636344,1.1328065338876374,-1.3203700577714215,-0.3512539515215431,1.3931291823485727,-1.7738376308596882,-1.2995823325080886,0.10455529307455239,1.2632709933193418,-1.1623372509548784,0.23022790580662553,1.0475560872052716,-0.8689269214041311,0.8705955129667469,-0.43739506339340983,1.1936528488936817,-1.5820375082594555,-1.0987712342079379,0.5465744365917937,0.45967514094367323,0.5304187845482247,0.5391543023639013,0.5437614134338296,0.6940781996956069,0.3073842130025683,0.9588861557368539,-0.6733744391210379,0.9970422039130887,-0.8708794923517961,0.8262210915974261,-0.24204474520301913,1.2107591269709643,-1.7467398475335603,-1.3497746519366065,0.08076087854302351,1.135578486502371,-1.0686081117198354,0.5532776709675794,0.4195431572758945,0.866913665127054,-0.35670707833316184,1.3099238080873337,-1.5469625957891187,-1.0608976315618135,0.6302333696661663,0.19285432361752525,1.0773542283553041,-0.5241037346717254,1.1854274837089482,-1.5868349299229683,-0.8379186932989537,1.0669229161718052,-0.4466017975160054,1.104910434139029,-1.1838751845955733,0.23653441735149044,0.7868592193689142,-0.10774075059128412,1.217873213336437,-1.5352080817765297,-0.8088664571752947,0.8794571186633799,-0.2610935407361429,1.2211020065584006,-1.6277433361537843,-1.2445546959728695,0.09782861246126415,1.2361365345862532,-1.3714289304877632,-0.14139568278155404,1.1949167625701629,-1.5543415202136244,-0.5904012100262832,1.12107619501084,-0.9082792886414927,0.6467131907982954,0.35901293916748395,0.9263647637712686,-0.18838312423500878,1.2938827260930132
chaotic_023,chaotic,3.99,0.6375152905317202,-0.2852811419092242,1.3261973122581443,-1.4536658028625058,-0.9302101262085313,0.5023066063478105,0.6026468632005478,0.4714495867224383,0.8314937562229201,0.2082732603215969,1.2545771860888075,-1.1976001360048572,-0.2083037548913728,1.3188340439138013,-1.5111577727802477,-1.2455980930626747,-0.11456251262525732,1.3890274399029523,-1.6891609916508417,-1.4871405212694826,-0.9492540217486548,0.2717562185144648,1.1345241530018404,-0.6989241557257433,0.841287422613766,-0.07984053894950094,1.267323230021548,-1.6584485617420717,-1.4451356007396083,-1.0744940606259188,0.14892330244417176,1.2484126505733377,-1.131052032901065,0.08817543241896893,1.319402107295678,-1.3869110117656707,-0.5292092083459957,1.1407082539587001,-1.004111514157531,0.535103117372977,0.7256886278343893,0.5733074272111547,0.6282446154441559,0.2901567195424526,0.9728268639062398,-0.23462441549226196,1.2991924031605278,-1.3813289929154386,-0.8987233248013835,0.5956528538257706,0.5955060658535947,0.5109112231447454,0.852704068447966,0.02628606686995673,1.2842929596089925,-1.5389081597368655,-1.2190018588810725,-0.2306024467343801,1.3708524490936493,-1.6167079864065976,-1.4718148072000512,-0.7282557232869737,0.8118720175618297,0.24366427852681974,1.133874170036287,-0.7504542056209913,0.8719426175669468,-0.1604792078137005,1.243211755012249,-1.5434239258187699,-1.4431634219988376,-0.8219920261505519,0.8015180398498182,0.25667365443565215,1.1223402545382206,-0.9090624061043908,0.5065458319352442,0.7220046260912912,0.15918307558327477,1.3030747347096556,-1.0197182730925347,0.14740140571489743,1.1970940001992476,-1.2728633969409728,-0.3545859153954391,1.3097295358659569,-1.2436205709512043,-0.3492274764501502,1.2836019782995565,-1.410901562635473,-0.745948542692558,1.0660202275891555,-0.5199552207061535,1.1936935837579274,-0.9907243519198892,0.6264337671988,0.7612947982217161,0.5419054420187355,0.728063469989448,0.3476041649047215,1.174658542280881,-0.6133387035307115,1.1511879288643732,-0.8858239796185003,0.693243126845215,0.3387407622639223,1.1169325698371495,-0.39120780840232633,1.2173713928203922,-1.0386677504094084,0.5099411818607792,0.9864238865917525,-0.46213186259822275,1.143364771450531,-1.149585023915535,-0.14450917725225318,1.4954962828653942,-1.696687956370616,-1.3914339263387092,-0.9829025321527547,0.4729914505698822,0.8200252239699419,-0.06586882125546066,1.4008443958241017,-1.630406824550513,-1.499948458257969,-1.247028085466474,-0.14451902823892,1.3233871929504641,-1.7320820253772233,-1.4562487312500618,-1.017584998817213,0.1411733383147396,1.2285904100192768,-1.093416432639986,0.23338232801422548,1.1421045117981674,-1.0329252287014277,0.5045175272793101,0.890051047738202,0.039044478674585326,1.3505043200890876,-1.6616173727224126,-1.3780431043399786,-0.8538216261835556,0.6672560555969176,0.6376142114262587,0.6395342930618843,0.4405221015628855,0.8722373793822507,-0.1299831905944324
periodic_084,non_chaotic,3.2,-0.9162907318679084,0.8694678844338963,-0.9972283170464611,0.8258053947295644,-0.8054947109798024,1.0179836183101298,-0.9751790973962279,0.8408739022731386,-1.0916488950881083,0.6944544376489358,-0.7603818753673377,0.805853353737392,-1.1711562770122441,1.1987491439474163,-0.9311254577994366,1.0193734371421346,-0.937689637660375,1.135007199412713,-0.9710535122131694,0.7883912123974337,-0.8831565541409745,1.0612331187750026,-0.8223166197881516,0.8292556106918283,-1.0861395623796959,1.0570340651871477,-1.116002699429792,0.6760683713733602,-0.9575278147518398,1.1268335475257498,-1.0028093769866686,1.078691533685088,-0.9289321986760057,1.0040731629696726,-0.9660449247314894,1.1898617651908228,-1.1187422526358446,1.1099064757385864,-1.1488076761870536,0.8923099445083638,-0.818935174358241,0.8347054949203558,-1.0184452420177734,1.3303450221655917,-0.8425801554294808,0.9003053235280065,-1.0634452854413792,0.9790063141948414,-0.8028319395475281,0.863599134469667,-1.1323322236669657,1.101621929495321,-1.218238044232157,0.8761692334399734,-0.9967244825542801,0.9979226588857565,-1.1743090244158576,1.051711725444281,-0.908058710405759,0.9106704360079316,-0.75442059573123,1.04975003883934,-1.124378242709289,1.2275626887599882,-1.0575466420348563,1.0274421559220839,-1.052474860949902,1.0892419757412484,-1.051745812425586,0.9442063882314758,-1.0071181887914775,0.9329514587155024,-0.8361592410262916,0.8280489237189395,-0.99007076701388,1.0150332733458327,-1.0022129267658462,1.1370055150640965,-1.1936462018347087,1.0814370695828224,-1.1577004967521813,0.9320040497521895,-1.171959364826404,0.9565259941139537,-1.065164326941683,1.229990278271251,-0.9514161362144747,1.0636538926898054,-1.1386241612942383,1.1053309287685138,-0.7575476917970863,1.1233501621129167,-1.1670077180991303,0.9381988409444958,-0.9698578753670634,0.9225127487764252,-0.6333643617014394,0.9356819648907996,-0.9909317674546188,0.9193116115714605,-0.9527599848489822,1.1944712050176909,-0.9689744373251241,0.9722199413753856,-1.1339618128005222,1.1703894565765094,-1.0048581932971064,0.9767051744107845,-1.3095333370063338,0.984960287493028,-1.0405839588367813,0.7491875904381742,-0.8475681175300483,0.9283308796741959,-0.7218313835960849,1.1989251486151302,-1.0848296340117898,1.1926619039241573,-0.7613898908222324,0.9250286591824581,-1.128236728651578,0.7034774666179743,-0.9321140586090445,0.8675298092085851,-0.9279432712304277,0.9238051764781509,-1.0931330867425626,0.9246878380353468,-1.165315097875818,0.9246237116930518,-1.0871486639012826,1.0006518811780887,-0.9704452329648383,0.8539494354537787,-0.8321356705591914,0.9804701881325156,-0.7763933533321784,1.0360760448155306,-0.9753242205025234,0.9344742707115915,-0.8995822735763678,1.0072752136645031,-0.8657696728951125,1.2253256704725835,-1.0857941130112054,1.087758390075394,-0.9037075225810007,1.0661973204458455,-1.0450382742024587,0.9453014205257084,-1.0659513834774261
periodic_047,non_chaotic,3.2,-0.9162907318679084,0.833258715272207,-1.015220694413387,0.9483184594398723,-1.0877095664340102,1.0185834227005124,-1.06841156708099,0.9499606103879467,-0.9560003069769667,0.9069801885623264,-1.0095503894739368,0.9100443235021589,-1.1627168042838327,1.1063411429747698,-0.7568997860077112,1.1482500709413768,-0.9485772654777923,0.9106029707541212,-1.0347484922550387,1.1471983097766925,-1.3125769840616135,0.9493636636756753,-0.8925259613051824,0.8414091206699594,-0.9358080095878196,1.0524749120178714,-1.19736053772456,1.0120785145863045,-1.0807883811928098,1.057922561236129,-0.901486266483849,1.0555323368026088,-0.9846712774262594,1.0402007303129372,-1.158599966961973,0.9956796160831005,-1.1057270398575536,1.143648786105543,-0.8996128553439464,1.0947379577462153,-0.7561062202769758,0.9539997045137975,-1.071255488597465,0.9507088827218635,-1.2179624616195852,0.7877393152424096,-0.9082678191316483,0.80563046831753,-1.1445101728032374,0.985794288589505,-1.0522030869297367,1.1233278963593114,-0.9863610381702301,0.8887423632158863,-0.8594415974352617,1.1014783296340938,-1.1913223454937982,1.0351019779485284,-1.0943877259189636,0.8966863414642124,-0.7343733622493348,1.017273190849299,-1.0250843415101023,1.0117961846040233,-0.8730076826260276,0.9022348262014982,-1.0687263002410137,1.0914325603087072,-1.206004596745383,1.1379702584274611,-1.2183724451747568,0.9657296225263696,-1.2174883745570697,0.8528351112315389,-0.8140275074861517,1.1454483234713122,-0.8344122159491703,0.7981298212069048,-1.1411871527903124,1.0473048315303566,-0.8951444427117708,0.8885968016635943,-1.075422290507846,0.842374799243251,-0.7638016140684674,0.9338053009712537,-0.9904240630905503,1.011614181729249,-0.840778143186937,0.8672916032819823,-0.8320528040975634,0.8218468268852381,-0.832406687498794,0.7610346378508901,-1.0093466727862832,1.2263744250241566,-0.8976602588658459,1.0586390282326015,-1.140819278826226,0.8976107633227673,-0.807518510612789,1.065756488471283,-0.8707777502135319,1.01024203999314,-1.0340259482846614,1.1067533731540877,-0.9586568997100351,0.9762889469216862,-1.1917435131248322,1.1328354410142683,-0.9334904561335456,0.9155153170524646,-0.8305217142042934,1.033924378353388,-0.9580933492184585,1.123083189757015,-0.9016369901710473,1.0408697812788263,-1.021051343388571,1.2762727720607479,-1.096995844197715,1.1038714391014048,-1.0064638063071834,1.0633013367544994,-0.8229761547663392,0.956562553622798,-0.9109515225069064,1.0369532646602238,-1.0841113760590262,1.1752069430017762,-0.8957196784377172,0.9394335377614612,-0.8410604441111765,0.8841525380746476,-0.9988131758093964,0.9401754234492865,-0.8901306767677483,0.9331467875194932,-0.8891317919878753,1.0827669868094099,-1.0470522631666574,1.2548291609946818,-1.098588491507491,0.8036979295686966,-0.875534606557736,0.7005665730120536,-0.7869838611632614,1.014136668934225,-1.1935512545322118,0.8678490607709067,-1.2223992455744028
chaotic_081,chaotic,3.99,0.6305419450070082,-1.4619363166949964,-0.8556513971900247,0.2897867928585044,1.1753062660253195,-0.7066388350153714,0.8118974010541128,0.28295491571717335,1.393524380641895,-1.1194164463708047,-0.1072212797527563,1.3802433934237164,-1.35472419087746,-1.4209974586007827,-0.7086645066783837,0.7207184395609383,0.316630288735613,1.0009826772573116,-0.11795897790661208,1.3072655167371448,-1.2855553856570305,-0.7748851422991982,0.5339013429166042,0.9049556835559505,0.022948020452510327,1.2962900247178217,-1.2499390398493049,-0.7408998288195656,0.758254078096789,0.5186978428221662,1.0629739700863199,-0.004319990454862898,1.4675386237690775,-1.4374950410547382,-1.1625912314549303,-0.6751202383758445,0.9852411561747846,-0.11012929535964974,1.3902097605948474,-1.4047150850356251,-1.3559512233508322,-0.9394684381544415,0.09948478056685449,1.281819035641038,-1.2698326677868417,-0.6393374956901995,0.9127519835090625,-0.0013486895022497877,1.4350213079732885,-1.4311414952393793,-1.0457974920208852,-0.18973076419052642,1.3970803336278526,-1.3541427634586016,-1.0892175122360535,0.0766502180930129,1.4769800119646344,-1.3941344211769955,-1.0711047588119718,-0.13522784158275197,1.3824112409400535,-1.3957188601759833,-1.0834920725817772,-0.10742462863699084,1.2930253773987093,-1.4189941844098397,-1.2262887707855485,-0.4800598282306169,1.2401360252992235,-0.721614528409142,0.7734021671869881,0.2810876473357708,1.1818135338612341,-1.1386252454251253,0.1471716810314397,1.3599216493878592,-1.3249584696671721,-0.9440511364499673,0.28687125732451374,1.0643520316175237,-0.5888662140930734,0.9459389661000049,-0.20086516136684507,1.3213790279400939,-1.3318548007854611,-0.8747032594358665,0.469978051810667,1.0588308226118912,-0.26889253935799595,1.3443041931426654,-1.2727994106958822,-0.8306916920939745,0.8732629327328585,0.28969109961888073,1.2566860805066609,-0.9572700351452291,0.43161327511690994,0.9632584486832998,-0.19584512369719237,1.2572140514848325,-1.359735725315783,-0.7249390401699106,0.6785817984652811,0.5044260948309336,0.9111733975914365,0.27901321994597234,1.3146940888448495,-1.009234066324578,-0.004495373364658563,1.3649697527124882,-1.4922275277451225,-1.2871352813095955,-0.7556660498401877,0.7478470261880839,0.46508334497229403,1.1222039722982387,-0.29752019708873806,1.393175351641168,-1.15950826865268,-0.2680727698631833,1.410235096574237,-1.4677326495991583,-1.1924633505613782,-0.4378636227262881,1.2261695725041328,-1.1657021577652924,-0.07223161934504294,1.3601333079576414,-1.4739043730634132,-1.319797794931525,-1.0212118403706132,-0.09067831955401054,1.4130862518125225,-1.4521136332677125,-1.3177072883551575,-0.77838251306576,0.6857685616701852,0.603537902287829,0.6928617316221664,0.6515285984927892,0.775108675690829,0.2696324522491444,1.1719134012723265,-0.7801940506465642,0.6920077793106794,0.36644117187260256,1.1939859399724724,-0.5001817781888575,1.1285940251326452,-0.6481050086309766,1.1104851882201603
chaotic_039,chaotic,3.7,0.3550846864983257,-0.3791649031174428,1.3703574306413984,-1.7679642934617221,0.5696148155840904,-0.040282881730048146,0.8767677707966405,-0.6888520074081255,1.2737149413068556,-1.9458195506703244,0.27456773434427684,0.44817107119614946,0.023921145937608673,0.9022023375728455,-0.24288789261598373,1.0932817551252034,-1.9022840504411553,0.43257266816843404,-0.05858837573702654,0.9391033562747934,-0.7281313110725103,1.2886073402634766,-1.9199498389237788,0.14186199965903418,0.486414866777616,-0.019862505459522974,0.6630015199816317,-0.8105230226900159,1.15651153125344,-1.8765859783373573,0.26950478989253046,0.5125208686224236,-0.0860887897482562,0.5334359444682405,-0.3067381373073345,0.868089613506531,-1.4443189950419848,0.6398477546866492,-0.6160837661974979,1.179142797514712,-1.849001712056772,0.5569690591477345,0.23274136285487046,0.15965270947400065,0.5023423845471167,-0.33060820185392537,1.1183030945547783,-1.552313744573206,0.7262887518460875,-0.6171806832352382,1.1240868007394165,-1.8280223892764231,0.2098848381867671,0.310870378333099,0.2589945793672248,0.6549987473918917,-0.1505702512686825,1.2327390567450018,-1.5717118584412455,0.8861581452021093,-0.8809559973881136,1.4121174220799804,-1.903918976572377,0.27051010883913507,0.421586287473468,0.11063182831091652,0.7725775320435994,-0.3010517257613886,1.051162675094215,-1.4777735889738548,0.9132513867756876,-1.2193202556458151,1.1337949090568191,-1.6237835775603369,0.5216608541533887,-0.012985786516881006,0.6478573330664746,-0.8222456932711517,1.2505198265425417,-2.000020920285412,0.25874987918623,0.4121906278349716,-0.12718423439598386,0.7849924962227487,-0.38817765167582197,1.1320566026718835,-1.7301809793902612,0.5837994361189791,-0.46097024676978915,1.3562637122353638,-1.7283393925582125,0.4387394208132773,-0.1237050523837489,0.9495506957566296,-0.9665996885929979,1.2793204821380577,-2.10120995924136,0.5303144378171947,-0.05123931112595115,0.6001572267130465,-0.5281317684262179,1.251731890235599,-1.94437825183422,0.5861596149787767,0.040929075659539745,0.8391101110160711,-0.8258544987219013,1.1750475214637446,-1.866036226909867,0.07255180619622571,0.5978076353480435,-0.0031570729569769026,0.7704639732960761,-0.7739562903101902,1.232324638224206,-1.832512921959426,0.21717061540269783,0.3339079320642213,0.39772132531219084,0.14847592562319017,0.5901286293035218,-0.22584791188002135,0.8435379878186611,-0.5238157085315568,1.402534953931932,-1.9047899269378936,0.23073430710849308,0.3687112970353806,0.10589226119393254,0.6711440887482374,-0.3199007187718142,1.1156336320195845,-1.0818183968869122,1.076617369764635,-1.5337896038771153,0.8551617429577543,-1.058196033307471,1.176432290998509,-1.6102773218823445,0.5959490032871261,-0.22470980394004594,1.0770467836806934,-1.502429471654238,0.9199730441970106,-1.1777458157797214,1.4090241944575161,-1.8070044590792422,0.5612245402684392,-0.047429796696702504,0.6876602611341855,-0.6548774165165656
periodic_068,non_chaotic,3.45,-0.0027597604512070947,1.0361126367583724,-0.955069680190846,1.1493317523016704,-1.0219697395391936,0.8871833186470461,-0.8781270938825673,1.0765707461570662,-0.9887984198517444,0.9121080759625356,-0.9337492012481556,1.1218261041778692,-1.0031718022664782,0.8086455993181747,-1.0218008114673676,0.9223354288133884,-1.1216320362915067,0.7477139589843128,-0.7792864334233046,0.9028516320869321,-1.1261504197940426,0.7641841701401354,-0.8782984244819078,0.9784484435098495,-1.0822280851695414,0.9227332980279503,-0.9054450018019838,0.9408376000362177,-1.2398540661286823,0.8270910342640447,-1.0918722190589571,1.0135406866198853,-0.9582741538733348,1.0929697319085736,-1.1202357955212232,1.0466917678030423,-1.1069599937755175,1.2335759718905992,-0.8295730467060631,1.1508489518417087,-0.9701049577023139,0.9887181464115276,-1.0019879411065489,0.9289569346928225,-1.1243410727737182,1.0115404397994827,-0.8130403463079364,0.952242069365972,-1.1166289871608186,0.809133018734552,-0.9400997650821107,1.1050274091145613,-0.923487533362289,1.0850785653035626,-0.9238849708878187,0.9951537885116946,-0.9229991255822512,0.8453245811821457,-1.0066469906106537,1.1512768665075719,-1.1499612109279438,0.9490904893046965,-0.903533486418955,0.9942688870614033,-0.9354048432590166,1.0995551892227406,-0.9183728994653699,1.1201993824642742,-1.135508389794049,0.9374102130136764,-0.7329985738532104,1.1734104277962423,-1.168888808790729,0.9514523269184708,-0.9519152634450411,1.0262147818524743,-0.9228329280333132,1.1300336524412222,-0.961629372832862,1.094136926474346,-0.9829767678915343,0.9508151869779375,-1.129110935073122,1.0840888308710306,-0.9869479751598592,0.9904836574757026,-1.0602091813923513,1.1746842179359722,-1.0304136374886579,0.8430028712068456,-1.091344200370867,1.0510843529604286,-0.9767764000533703,0.9084642308613639,-0.9214177436276617,1.0500670685327154,-1.0312956455025415,0.885568927002634,-0.8735297539715322,1.0663898988083678,-0.9899088559637602,0.8728828022985129,-1.0946567353082257,0.9929679422541213,-0.9548738228591321,1.0535889929801003,-0.9102148962517846,0.9421137059159198,-1.1218311930469842,0.9517589038570858,-0.9674211251070028,1.0921951624390411,-1.0904074923317775,0.9152232490458647,-0.7688069025463602,1.134923293260448,-1.1291120439262379,1.0950857798661777,-1.0751685545562144,0.943515985312463,-1.0747510578228594,0.9461093007915543,-0.9074610088156425,0.9955578140418183,-0.9844964321926818,0.9149216847456206,-0.9312815370019281,0.9928510323100697,-1.1774235837873022,1.0002705661098343,-0.9582440775668936,0.9163760164880382,-1.084426137378668,0.9151936780983279,-0.9912569311973984,1.154667533713991,-0.8418812385715027,0.6910924833247243,-0.9207438269669984,1.0771219575285427,-1.0640473953833736,1.0433514169849307,-0.8085030159551057,0.8528052173457044,-1.0302039341453906,1.1425557147069172,-1.0873783226862497,0.9738721408263995,-1.0861926508617101,1.0553992832106618,-0.8533970008806464
chaotic_047,chaotic,3.99,0.6439716260273228,1.1539860617920874,-0.8297057969053006,0.8326285769195421,0.23522880210886415,1.2395846932404948,-0.9814718943743942,0.3059397714974466,1.0418148042265298,-0.5760051872585291,1.0912436539833124,-0.5457427173166015,1.066650883173767,-0.5397489542652816,1.1042640259287955,-0.5211293793692748,0.8733497883351238,-0.07313592438449798,1.5513212541489159,-1.4926018186400498,-1.4622768193654294,-0.8316122786684705,0.4729107545609823,0.8873341683333621,0.17113049059160396,1.22959965198396,-1.0308553132297138,-0.042448705696334056,1.4188942623922374,-1.5066062518015315,-1.4649470501191508,-1.0507820310794753,0.10125066068077458,1.3482877181973771,-1.342018510129659,-1.0691655035764636,-0.04594741658239586,1.375153231042732,-1.5184785133315104,-1.490490273883855,-1.0130353659073392,0.24722242197868224,1.188773280064644,-0.9525638364000578,0.3214349416267528,1.1710937820119263,-0.632079638106901,0.924129641657145,-0.1089089414790177,1.4611429521811834,-1.5177611922147418,-1.355749249832263,-0.796508759228102,0.7059351175327495,0.5124177254392137,1.0776188863312985,-0.23728475882316274,1.3184795470433233,-1.3507473441061149,-0.896887747002836,0.4715827504168488,0.9251138411618234,-0.029802636850660282,1.3654424319523153,-1.4759983309642155,-1.233815698193733,-0.5427582443404031,1.176086995393822,-0.7532723974325582,0.8341190519664831,0.06554912146835341,1.2485579456793297,-1.2761644890953823,-0.781564024379345,0.7855064741066723,0.2760477954862405,1.207031071035899,-1.0818077697952013,0.01333996306665765,1.3721183249211635,-1.3314475454708001,-0.837047054110216,0.5592299697314713,0.835957820277766,0.1587083934216529,1.2029870797887472,-1.032688764084578,0.01606879913851914,1.3154239456519958,-1.507179322552434,-1.3689185322786166,-0.8436530498003935,0.7430760545545205,0.4018272987373992,0.9342087885384489,-0.3317394253249117,1.240903359655553,-1.4393699807780482,-1.0145348526043891,0.1784481263618193,1.255340946819161,-0.9904151746480739,0.31995747590615015,1.1520591133403422,-0.8424002996282617,0.7041456749918611,0.4298861161353975,0.9028406148069149,0.032450413359814946,1.3700325397472923,-1.3736624875071486,-0.7236406972486722,0.6509190763639866,0.4219118224845388,0.9602460240537158,-0.02562916777578267,1.460197806221553,-1.532111546922942,-1.340486761052593,-1.138214052864493,8.229536957453201e-05,1.3057013185819382,-1.5041815999468815,-1.5634373597431046,-1.1058739113360643,0.18013556163389327,1.200581023134341,-1.182483293609906,-0.26181563273351993,1.2683779159179804,-1.3405003019990844,-0.5806497938774113,1.0231563984605414,-0.5271859898850412,1.1236141683766188,-0.6621644700654983,1.0533880074311264,-0.18549517460494142,1.4411492679802043,-1.5841118043144566,-1.3991824837777842,-0.8896556640502943,0.41800731188402096,1.0640131819813015,-0.5171155433683996,1.1084209329500814,-0.5653965978814244,1.1391595181935892,-0.48697704588434554,1.0510902254537846,-0.31177555723753647
chaotic_094,chaotic,3.99,0.6324507888896649,-0.2981380494243149,1.3035956092966627,-1.6035158661669737,-1.2824881748450319,-0.42311981558268563,1.3216968592702592,-1.46161604239348,-1.0049477379253824,0.7616785083980806,0.5430740271285128,0.7821064569640812,-0.04079174123983765,1.3052403701443145,-1.5472711531093222,-0.7563659753079292,0.7277789398039629,0.31468448297816065,1.0966291582279728,-0.940307401624691,0.6566813108118276,0.5850214676873996,0.5710062017907162,0.7197917651111447,0.4186324341329505,0.756877735838977,-0.06869876036922923,1.3306601246227356,-1.4514440772310386,-0.824394280036394,0.6493411918466059,0.3377449502896199,0.734715939664007,0.07549748765737717,1.3681793257634565,-1.6264556868585571,-1.4518737461266669,-0.9546679193996457,0.6573926685901829,0.4415790032560868,1.046917953261577,-0.522068479447898,1.146208580960278,-1.2279967938933969,-0.056991385189653965,1.4443856305487752,-1.5817257033141254,-1.2989077059394791,-0.12303985035272942,1.3555000924270557,-1.7257371939530166,-1.4946876879514652,-0.9687397998821757,0.35474378160462205,0.9438781923104727,-0.4633132074689266,1.1529086924838219,-1.326588969912491,-0.36622967273307117,1.2279407253745032,-1.3085851351737274,-0.6779244352252948,0.8290382934101316,-0.37730193890573477,1.2701621005323773,-1.5150532808086739,-1.3231704694197448,-0.46833657333548334,1.1372703801181498,-0.9113228347487634,0.5719252517050807,0.4855517412516417,0.8022216563780207,0.056617369305331004,1.3647894566664456,-1.3730631687309778,-0.448347136861621,1.0774671064400523,-0.8652545968248594,0.35419366893767934,0.9926831086495379,-0.25050076912331953,1.289532413467605,-1.5207667743188351,-1.174742193901038,-0.16620394194592622,1.2971810955176766,-1.6467853851642147,-1.5328417269061805,-0.9811417977830563,0.33434307560445775,1.0583566287819903,-0.6151002164794173,0.9144335302172986,-0.6135333641138281,1.1447285489739012,-0.7984853543120468,0.7201621783317553,0.41904847881982565,1.0665184644845396,-0.5265340647382254,1.1947703299585082,-1.1080746727525566,0.10100988165327376,1.31881577021629,-1.2816124552734034,-0.06615903908602096,1.3780673250543591,-1.6427961840215126,-1.4593168229888132,-0.7305343669032787,0.9878470876639639,-0.30083287506189144,1.26474953394361,-1.5397928296205685,-1.349408805692448,-0.4941958470428151,1.1947491926554101,-0.8069378815152272,0.6351864027250993,0.5845083346910351,0.5337599154077918,0.7099782151525691,0.21828652202380328,1.0293415612126797,-0.843313704514161,0.8128298398749356,0.15441083840956457,1.133948918070485,-1.2167593895677022,0.2789848370654805,1.2273875915554937,-1.1986336258493728,0.1167811690716012,1.3878538363803266,-1.283758110356437,-0.5639469412668733,1.438560197758497,-1.5189201945057695,-0.6726598293580452,0.9596212931712684,-0.5883355352284994,1.1779811107855314,-1.107735815615456,0.474488904715586,0.8574879006467644,0.08706694286584431,1.1330319820113803,-1.1933180285706444,-0.02686856565311539,1.2712099063643298
periodic_054,non_chaotic,2.8,-0.22314355131295646,0.8377226355897699,-0.4091067120074464,-0.1663958461858079,1.284440892970113,-2.034001022857349,0.3503975617771916,0.989692390390995,-0.17652881918401883,0.5501852594699806,0.012757819881670806,-0.8625017989183039,-0.8871563807615213,0.6133435488037839,-0.7161645666792306,-1.5930819878884779,0.0317431101233864,-0.5951887702136083,-1.2719873089586478,-0.01822680741616373,0.6679465087450032,-0.06913010847028139,-1.140907318829817,0.38631340568334893,0.9322227375408084,2.094256163043037,1.3334397809976453,-1.0808438203136868,0.757531019636772,0.16406413842684273,-1.2256106909702482,0.19096858674470382,1.8038582802723142,1.0907687867151328,-1.0888263937569156,-0.07547642360625215,0.39605149449461774,-1.795642730187851,-1.7616405133416915,0.06353872843506235,0.07641042830086818,-1.9030929751509207,0.29374553430046674,0.9833321803917113,-0.30437428115618,-0.03000190059379089,0.47471618577809677,0.3441145027040177,-1.7351859603297346,-0.9819549741951594,-0.4795376908822981,-0.9382566605016414,1.3582262841002055,0.5369320918774132,-1.1838069312393513,-0.30046171799574195,1.0261774180238006,-0.7265555511877383,0.7511195563536104,1.2755645712694974,1.1107727856019294,0.08896829609945657,1.1451875717738598,-0.6042221948525353,2.363433103173157,0.1486006048823713,1.042358809394805,-0.44614837785285705,0.40368748057220805,0.44714389860179343,-1.005348485220557,-1.034559882709362,-0.29076078904021485,1.0014549167616074,-1.8958011102984589,-0.44697743432408,1.2032436018576576,-1.3045643878460351,1.1480245553698356,-1.2016314640460242,-0.9932217730727452,-0.23425052934168877,1.7592489007856533,-0.7204071892847823,-1.7986607659159632,-1.4720868685438098,0.8304028623602498,-1.4255259652735692,1.0829754143108012,-0.020157099797059944,-0.12084624837560377,0.2042959025870536,-0.8791557875389144,0.047008200002981344,-1.2660333626671894,1.2417370494945112,-1.102485574154047,0.3439678607998005,-1.1098403637581051,-0.6150412467076369,-0.4578125122246516,2.852234920762464,-0.10326088537381968,-0.8994880181931377,-0.527584743664057,-1.573441401186338,-0.2496053100893633,1.7371774417269377,0.24251013555578974,0.8022396282379969,-0.9867125521880467,-0.28961601093831346,0.11215069417629217,-0.8045594056587041,0.305616879229729,0.5181407887021042,0.44653674730060466,-0.2380600854088484,0.9872276625462354,-0.34316119031371384,-0.4331377074415434,1.3331388608859018,-1.1810849395699294,-1.769070364229163,-0.9451519090616527,0.2930237764576774,1.1773155234739503,-0.7406425908322394,1.7014159070557935,-0.06217761580217805,-0.20298461027650028,-0.9275142239345853,1.8360971728690618,-0.23727637204146593,-1.403079760947727,2.335599939955635,0.29936547441680283,0.699075770969233,1.5699314022196937,0.5171879479756485,0.8727664011879875,-0.035414809307044035,0.6348532830784586,-0.12270745866697717,-0.10894734939610883,0.029097251289255804,-0.4804864641913385,0.4085840182392929,0.40608542648151996,0.7188917291587013,0.5419936541139049
chaotic_043,chaotic,3.9,0.4989308336334317,1.0977744256580455,-1.437667282797263,-0.14649101667304076,1.2427080057164603,-1.4265625386010552,-0.22530361153467598,1.3152492685115276,-1.553935869803183,-0.7946591946293488,0.9329589443479325,-0.41058799747727076,1.2840187977957092,-1.445496730148006,-0.2924692170977327,1.1037922315889455,-1.6141942157033327,-0.7633868415197146,1.1021783001545356,-0.7023912943839483,0.8601438062266759,-0.4960462985624076,1.085927349188447,-1.3305806749727638,0.1531903046732285,0.9904454005636908,-0.8608644301859336,1.0526767545564564,-0.7096410483415723,1.0838579360630525,-0.7971167553893236,0.9960746083177369,-0.7213842273976516,1.1621608487005979,-1.0703730759561108,0.7898081965648877,-0.2960056409888487,1.1944828820096336,-1.641303904643556,-0.8428615923187273,0.8760395052606236,-0.4787357816060562,1.2648112082111047,-1.4854541538332913,-0.4049862601890394,1.2471425268327672,-1.5961356391493566,-0.8592691306182197,1.0550175958759351,-0.829724075480954,1.0449402074888519,-0.5697503723197765,1.2254091990327196,-1.2726742083907339,0.25395646462149424,0.7947468738099179,-0.40790060693814084,1.3426811488636856,-1.5067841689422907,-0.847811546172096,0.9643326241142718,-0.7113989136646933,1.102658507376689,-1.0412575720370456,0.6872452970045221,-0.10472759979087479,1.1083319402578249,-1.545676437478427,-0.49664229990678654,1.239256689315624,-1.4376014651821147,-0.2850458888782109,1.3199605318719685,-1.6007363811028819,-0.8617496237661335,0.9411128558223996,-0.5141346188344275,1.3074149534922024,-1.31472927700864,-0.01907043393930584,1.1803135816876507,-1.4931187745049965,-0.35942445749631446,1.2534433892324968,-1.6797462715364193,-0.7174298370904869,1.0195072261245233,-0.6268962161170204,1.1920115539759422,-1.1961100598192946,0.31588879501219835,0.8012030772340177,-0.4079002423860899,1.2491447195440577,-1.536003855580461,-0.7289277483323224,0.9178982121411713,-1.0549351377838152,0.6972206080905584,0.09310067459065961,1.2020066219777599,-0.9760437486319175,0.6556300835506979,0.2041679664773499,1.0407314790855646,-0.6656687827523113,1.125256310816879,-1.2298176030558203,0.4727693303884206,0.7523385819854298,-0.018208465659521354,1.1347025639378912,-1.1511519255767961,0.3081714318785312,0.7757573896752219,-0.2275562101971304,1.2737603086463818,-1.5951169093852575,-0.7011166131715997,1.0092944530569907,-1.0278848402122216,0.6060498473254967,0.25642833122787484,0.8905021850822634,-0.3154473468133479,1.3060253337630932,-1.566376457518689,-0.7825659425610201,0.9635497067019227,-0.7944783678208319,1.0056822466595636,-0.8617669635131908,0.8300924413588756,-0.3702573315570003,1.1943490963248804,-1.7037927918255564,-0.6881404499752745,0.9967127549335648,-0.8650521247099848,0.8781230214829229,-0.5448812308497504,1.2641294921170172,-1.3200666152351557,0.06601861674787984,1.1696472823198278,-1.159160449291589,0.7343826828724092,0.46559389291996284,0.6614424250551841,-0.2663576105306425,1.2171673899535898
periodic_038,non_chaotic,2.8,-0.22314355131295646,-0.3612094373914747,0.666288933335671,-0.6134821611981616,0.837395960576289,1.0503968744410985,1.0954675557150835,1.4645362078845598,0.33914937255169375,1.241983706052545,1.6107875261288969,-1.0115163985336293,-0.5161145482198487,-1.3683032287716894,1.0731596452983219,-1.3805557408285458,-1.639622486665162,-0.9879695255679628,-1.5999662832936457,0.3197778862423945,-0.9756993697078875,-1.5541045793127062,0.019917733650465685,0.07624126829586207,-1.7255045144494368,-0.6215927482493796,-0.011369102526234324,-0.2808195688374336,-0.25471328839018714,1.1859711026235682,2.109579766669901,-0.23925891121330495,-1.2023279370329494,-0.16409568922062073,0.2454267467182856,0.009027189094808137,0.6430340947934269,2.1719945425071225,-1.5759119233789853,-0.42429538777062675,1.5314979264904327,-0.43858591968478733,0.8137677211222291,0.6623316823784244,1.2409650043865679,1.886898491876378,0.37794368537943523,-1.6071448058450013,-0.6088986652167465,2.1473049720732633,-1.2904782852566203,0.5342887792104729,-2.3411362809581973,-1.230349314140287,0.9068141812754018,0.09423957196009035,-0.2995528003227044,-0.7177053782526611,-1.846543721756811,0.722016218585336,-0.21046841515678674,-1.3932869779039965,0.0887282525404296,0.6149196619362742,-0.1317165003087712,0.17065976588495047,0.0963077274249035,-0.614998044835408,0.1117125053708861,0.7619404693509847,1.0478550717196884,0.814947785076077,-0.5847316382883685,0.6674038301685858,0.504362914418065,-0.6177805301898653,-0.38345838851273756,0.708922247625437,1.3746742860007104,-1.6700156813921638,1.6259521422063115,1.1715264449953016,0.25003438925157095,-0.1699524282567833,0.43271592671226966,-0.5517573130469599,-0.10977478159926002,-1.3485624090945119,-1.6030323304282397,2.2869587908177333,0.12013029134542368,0.25439865758245694,0.03055552546712396,-0.7305178635884195,-0.2333039620500349,0.14697509863359273,-0.12786319257277026,-0.6583568545310409,0.5177524972595656,0.23976586479417897,0.4350785912358541,0.7331299181096821,-0.1029272823474241,-0.10136513634289118,1.4754558249412657,-0.8415134721705518,-1.7291794882949003,0.5903705249578699,-0.5410481551545978,-0.9688322187393862,0.9051915991521483,-0.07833401572123992,-1.1466421370625932,1.9075298424116627,-1.4780998654447048,-0.022865433695808447,-1.7441185065536178,0.3183457711064985,-0.5522761334795164,0.8422050987581838,0.04329965302551504,1.3495607611805929,-0.3504208988238007,-1.4722351212212355,0.28669918740802774,-0.18125894659633413,-1.6772612441672787,-0.9478530017887309,-0.6439666443609798,1.5450955257614243,0.7354225570239709,-0.2721415745702197,0.5095223837615244,-1.8875243442059315,-0.47951231550654544,0.442801231504167,0.21781486920981835,-0.45511533578272156,0.023322036469885617,0.3827522340817835,0.050967024151397256,0.8820511420551461,0.36422158574179053,0.5480713261727818,1.6961291709668096,0.8500651551979282,1.722296192560417,-0.5816916415567309,-1.4606520465560247,-0.07404893292133218,-0.15551449403212103
chaotic_003,chaotic,3.95,0.5713583398985197,-1.4568080503584895,-0.8600253132511635,0.9086374455643105,-0.2360392293003566,1.3328948248044712,-1.6986054836390505,-1.3210060203905425,-0.06259067606395212,1.1359848051553607,-1.2785164282376535,-0.023397479813670945,1.3753558251047977,-1.3501177992591893,-0.539505803330821,1.253703791049247,-1.3668442846983884,-0.26872203635401887,1.3240163329268058,-1.604044011381209,-1.2316075741129526,0.16144111586963864,1.1143905694928768,-1.177858449341504,0.3358609075865658,1.1309604918781728,-0.8483319653333868,0.6787834579437341,0.342202026538756,0.9585285993996103,-0.4595060503562268,1.2007069104074501,-1.3804013645910513,-0.49578924455869294,1.2955346360520363,-1.352786430229509,-0.459810021328898,1.2110948365913603,-1.3029570133309145,-0.2435216786984861,1.3722350472565734,-1.7620802386204184,-1.2438528573192449,-0.06221201627429,1.1156534120144204,-1.1760913792423282,0.019210300749833445,1.224249926303665,-1.5757325152908574,-0.8536311090843636,1.0332730866850284,-0.6233576863652077,0.9587256601941965,-0.39369278854702544,1.319880926286521,-1.6582986020168424,-0.9416949916466103,0.7072096622036109,0.2364227253300167,1.0914215863131747,-0.6710003742183834,1.0799415568614381,-0.724249634632683,1.108207649747088,-0.6219657908954724,0.9378017689437715,-0.6159978562992318,1.2558848777093294,-1.13847936432872,0.38119002170753064,0.9511229768408905,-0.40764087541442706,1.226404070207217,-1.275286739638979,-0.016333771577920705,1.2755882850982765,-1.6490683879427066,-1.0522934751571311,0.5396397634013518,0.5378064402660946,0.4260625882457978,0.8135619937630356,-0.05237584094887705,1.149960552098225,-1.6490185367733678,-1.1636570927936598,0.39085826092436876,0.771847945473897,0.09860021027737341,1.157725101068321,-1.143631672129303,0.2891887666034789,0.9361958605788147,-0.5179435899738063,1.2113271979409013,-1.0947569818376501,0.344372859069027,0.9758766588462328,-0.3058263784787256,1.2523311634658643,-1.4563813011288804,-0.5781329562228591,1.1302419138303734,-1.28840626597569,0.0390088833988005,1.1813841808849577,-1.1552013971150126,0.17999892841617268,1.063907916014209,-0.8661469066283456,0.7476228543180982,0.23164773865170615,1.0005410693567898,-0.6586570952583384,1.0490545840755534,-0.7702753341447457,1.0494579725772715,-0.7150479116161033,0.933543938488706,-0.5214860326554679,1.1014011372010009,-1.1178744535023584,0.1929385486224854,1.1541255783175683,-1.0978968574411188,0.15331568814363644,0.8895807287429193,-0.46844534295633267,1.1815973314011818,-1.3600678344281545,-0.30897717183326057,1.1832207179173273,-1.4883206406227856,-0.5111930382485753,1.3004229749062821,-1.2994407607486964,0.07986058440187595,1.3241843573540761,-1.3641101990943305,-0.11244927393578562,1.2402626290683798,-1.5039248599951867,-0.5844218660690933,1.1160041650203751,-0.9967854528870798,0.7983395307851001,0.04977418180267834,1.273190129199655,-1.2405819704795138,0.07686000107109892,1.2018241355871824
periodic_005,non_chaotic,2.8,-0.22314355131295646,1.1288300797170943,1.2642067317022527,1.3252778707616768,0.7264413706772175,0.03195780379694215,-0.03169715726579491,-0.2124764009157544,-2.1427348671767494,0.7541979706243781,0.27801072534332544,0.8613307461521136,-0.08486312332994969,0.7000062450879261,-1.3502741762176977,-1.1412223040333265,-2.4532545695901247,-0.10227827996031043,-0.742938279274032,-0.8743038234222192,0.36854851924200127,-0.3945693853461816,-1.4060744376144454,2.587264072676322,-0.004560889596586279,-1.0547846601895114,-0.6398485106386191,-0.14122302785595306,-0.143334205376496,1.3398257050797309,-0.04714531115868529,1.8950218989706502,-0.40151204936087626,0.4606893783597519,1.058551226825243,1.2323972755347483,1.3495714301178114,-0.24047656985197452,0.027083143099322644,-2.456478032634102,-0.16417908980617418,1.128094805758983,0.9329204873628905,-0.054229939079549615,1.7383457933731767,-0.35290596145062153,-0.6863330775981404,-0.43738992614185424,-1.094239584577943,0.6574109884161677,0.32219826971278875,0.6449470850350926,-0.3833900046596047,-0.025705217367741024,-2.1543027651337905,0.41028348396844055,0.1318198849438884,-1.0722168470379827,-0.0724710644090169,-0.22625901471711146,1.8037719189029562,-1.0326628169874617,0.36530976466195114,-1.0624195576714606,-0.5274507683347498,0.3104900231543301,-0.17959179154523922,0.026579595086960475,0.3666107374286357,-0.4630171094454042,0.9201811565391672,-0.274074820489156,-0.06534135456567103,0.39531116497353835,0.2604773897151026,0.6793288488822644,0.3507917060114912,0.5034497662318119,-0.2940450086214728,-1.0403366958009994,-1.4006011154710354,-1.6446183269334649,1.8021805323941642,-2.188791151633883,1.2309629092803953,-0.7914698421291485,1.2236520408272988,-2.1785179431372583,-0.20341505675803215,1.4922768330062282,0.7485789454213639,-0.3059842392309264,-1.9179450698574834,-1.295041518446856,1.4271470418694772,-0.3170026943637798,-0.03950985704275776,0.3172323115811809,-1.2753154384979384,0.4414690075059644,-0.38865474288551666,0.3274395622774751,-0.5477067700021083,-1.5466444299486428,-0.39644198234261285,0.6758651137978331,0.4281874288606346,0.06364500784994141,0.9342209017541445,-0.17179257849497329,0.08908909205272832,-0.4490402346463892,0.9929346374390549,0.3252568628867039,-0.5265318722095407,-1.4622308755609268,1.141855246986743,-0.7143669820827848,0.10493857323969323,2.394349121497266,0.8372225629600987,1.6500135069072994,-0.5076252805518232,1.1077381090904639,0.059366547421698,0.4000351242377104,2.061300040425244,-0.24713647115287107,0.05192315279444365,-0.8741359489711586,0.9245199977516991,-0.5302149382392248,1.0592842901379198,-1.6237404851860748,0.5833669867013911,-0.6136046176767148,0.7659543795569292,0.01898182463508597,-0.5048285409298262,-0.3554702347429685,-0.8211040118604551,0.8736419613981921,-1.0201245921169166,-0.23552426942499527,0.37917692346261833,1.6523675693785742,0.02325897757423947,-0.21086060511432303,0.30729354297927813,-2.048939803260501,-1.1707167347148038
chaotic_053,chaotic,3.99,0.6391568107909772,-0.7775737753085479,0.5891838270680674,0.9019574312148637,0.25047178337660264,1.330803515461728,-1.130328588600782,0.00347940691550276,1.3069985261835206,-1.4184711456831542,-1.2142199806015883,-0.8710273908512722,0.5007066385825989,1.0388158552515856,-0.21640467278479014,1.3555539663170901,-1.4095098713322303,-1.460052561712312,-0.8469851655577347,0.6709306162540674,0.865715053043811,0.413533220102377,1.1818786061992144,-0.501153363652757,1.1108422772211255,-0.36559874963163347,1.2656001877149283,-0.9879697650371939,0.30925698177688454,1.371468321038164,-0.9634636973418096,-0.029154971014590764,1.3337034552628115,-1.3688039094168236,-1.307787012955147,-0.9333621203649539,0.19856448039827526,1.309703385686734,-1.1097596616375347,0.018026269392960675,1.4688019326940478,-1.352361641703334,-1.3135812710529733,-1.0870595166049628,0.10191469214565792,1.4895344460008735,-1.405507889512195,-1.01557688362957,0.1595288537622515,1.4062485836096226,-1.2295958874175423,-1.1153858534004428,-0.14865616400389112,1.4568264507358752,-1.5026897238844426,-1.3182118454203653,-0.8414901534269527,0.5664123569389651,1.0104594352254022,-0.01381617436371009,1.367032653944551,-1.3788374569903123,-1.132847389895686,-1.0044387983794636,-0.003815611144770966,1.3142668946080938,-1.480244553419206,-1.3566912988290114,-1.002309990042395,0.18462170799105515,1.4218037007852622,-1.1036609288760793,-0.40825644956724516,1.1416609127419108,-0.7054936466098576,0.6223171299797889,0.6769051271931731,0.5066165885399861,1.0942879378139978,-0.3541620110936222,1.3003921015268771,-1.2893174530501461,-0.712113401586126,0.6521834184467152,0.61917973544844,0.7382061231151019,0.6106207866247346,0.7842070537535968,0.4533999802250303,0.8813728342143645,0.04811783077919585,1.4019188564977574,-1.3846749256809394,-1.3521457004857913,-0.9351661874384201,0.46679272387246773,1.047721501284461,-0.4549964217889441,1.136930665005075,-0.24284879985110663,1.2622522096687456,-1.1556298078195162,-0.20721092258323556,1.2822963219289656,-1.3728630533774,-0.8383441563677695,0.458731888213562,1.034377181507688,-0.3580296632953446,1.2394570671574634,-0.7032545066461694,0.6419500442445912,0.8660493489842681,0.4261658107584508,1.179370680240888,-0.561191735500359,1.1055605381259244,-0.45577758844113986,1.1387562468843415,-0.558908932672409,1.015189413805879,-0.027630367927513708,1.37985182398483,-1.4904163831294701,-1.2989767902430218,-1.0158223508218656,-0.04519661673511491,1.375085520199112,-1.5332654915119073,-1.3013950795291023,-0.8369327170457718,0.5006084202371744,1.0245905809690423,0.008411178108761784,1.4124735469682739,-1.2507499160080449,-1.027179831720708,-0.1394193426039307,1.311736923986537,-1.4747134106792972,-1.1872853758291726,-0.401810151168716,1.2045809822027933,-0.9237623410334006,0.34568122176486055,1.205293421150432,-0.7379763806094174,0.8055585769662228,0.2944865736204886,1.215028445531602,-0.729697441243966
periodic_033,non_chaotic,2.8,-0.22314355131295646,-1.287092447189467,1.8732149552306487,-0.5126578307660841,0.2923015897325407,-1.732324789136315,1.2883463319946287,0.13450886634709003,-0.4577146699556074,-0.4492500710544599,0.8151382529759842,-2.889685336108055,-0.8263247673607457,-0.14292314544271031,-0.15409550516933102,2.400676599464065,-0.3547056235651626,0.932235846191463,1.7283770502372864,0.6224627142312982,-0.6805770951222554,-1.2724481491262496,0.6949658874664757,1.566875108317183,0.5016492961975721,1.1679690709581894,2.484644489371034,0.7840889439403667,-1.094253678934335,0.02198329467801278,1.300525527126288,-0.2686262096251641,1.431844648272235,-0.09238162947468523,0.2965485352440088,-0.36744842532417393,0.12711928228233485,0.17840142062100883,-1.5865259788694608,-0.4555036514078855,-1.2227473681497871,-0.4220806302246379,-0.7981889181954759,0.9531652202323296,0.9643875111420578,0.5155391513410806,-1.2561281889730913,-0.12261903406131057,-1.333222413608082,-0.17026421951079468,0.5999838252992442,0.9340553805306102,0.43078204020068966,1.1922220969155486,0.22425390080431432,-0.2538752469583669,0.8192580420596672,0.8510633541723531,-0.5355397540717333,0.3398092208224047,-0.31275797169988995,-1.9742626123057945,0.39905165093619266,-1.2821738144827275,0.29061383610699953,-1.5155450258121574,-0.725016507213066,-0.44775528324440794,1.1372223404321429,-0.5445954659917821,-1.069381808137905,0.3256226722126533,-0.23779921020726466,0.7387164526003047,-1.0082331571867564,0.17685693474148295,2.366031902389613,-0.2594178754172591,0.15347614046016236,-1.6374080687028056,-0.8542244969738,0.4180620072813667,-0.3472468204263368,0.5680112112887152,0.38435080883790756,-1.304957361640753,0.9565430322675113,-1.2319324651308061,-0.7688780965745042,0.19491438315163717,1.4912743107040973,-1.000475963179727,0.11563227392609272,0.12371165229657038,0.609616654291709,1.1200728635641368,-0.41914067297423363,0.9531924212347224,1.261860234334859,1.70153176828889,0.4589653331585,0.12508448649064058,-0.4874791482520778,-1.4415750710064692,-0.29690179288001767,0.08137375972191903,-0.13362690041921996,0.5518108394638009,-1.436909802954505,-0.20387739954791484,1.905851978681083,0.9374422355191978,0.5697142827655549,0.3511491312159661,-0.38168696300773886,-1.7275739911513863,0.4155496977891826,-2.400555175985946,-0.34303861197934354,-0.03105202245239548,-0.4609284775935226,2.077028210202315,1.740672103161822,0.9735095511167258,-0.9243446468001983,1.8347561177018035,0.5724077362965068,-0.9404848555664868,0.004204184201662662,0.9015581673768056,-0.6079469222479785,0.10870055736909014,0.27922767901341594,-1.0944682005194541,-0.2892831112397715,-1.0213976210619335,0.8144192496640706,-0.9076050310546344,0.25531459210692853,-1.3748632226693664,-1.126047774213737,-1.1730006672455018,-0.3081656246390082,0.14732280797492714,0.3260202563672146,-1.7451796373704747,-0.19095304824652048,-0.7549700809943771,0.4902275005382984,-0.2869022222008164,-0.10584798565708353
periodic_080,non_chaotic,3.45,-0.002714081479750513,1.0165157927460542,-0.9660521742531712,1.1107340896342732,-1.0475838342899246,0.9149952812674151,-1.0307766188430305,0.9904758294797673,-1.0198037450360806,1.0246319098891539,-0.9382814154438702,1.186439121427604,-0.9803693792737278,0.8598064162984109,-1.047088530465798,1.0376307259344475,-1.1208699620219678,1.0107773411805476,-0.8596183182618596,1.0742860953281834,-1.1064762108976216,1.0420152233505475,-0.914473174536262,0.9284866250085673,-1.0386012016648496,0.9991434726681989,-1.0096193498404409,1.0152091931309064,-0.8853269456248457,1.0462282760199242,-0.9377862948482742,1.0086855760321352,-1.074412142152675,0.9056870976027543,-1.0924286246845192,1.0102421519780458,-0.9578203290185177,0.9476433607779271,-1.0296471287904083,0.9925343962265861,-0.8947789496990608,1.0401378426013197,-0.9489288946465366,1.181489543282879,-0.7651821292437585,0.9087337930105551,-0.9697364854739513,1.052251547566816,-1.1095930364809077,1.0356120127728143,-0.9367579973608815,1.0215054812212312,-1.0772536129494288,0.8795239799655333,-1.1360048251299744,1.127642683928032,-0.9324085502071303,1.0189715672291262,-0.9135149024166624,0.766120007320946,-1.093743424288477,0.9303658983461648,-1.0500530087447466,0.8243274884295608,-1.1151986343936773,0.9595447928534833,-0.9423262712323455,1.0724127231066485,-0.825006182194113,1.020337176274332,-0.9639285313070091,1.1575342747808173,-1.1726225041750213,0.7566545106542502,-1.0319132815387493,1.0632165233438298,-1.0055044766507997,0.8473903170228216,-1.0168213222722957,0.8672489429112255,-1.1399041616853764,1.1030569286437766,-0.9612743988059704,1.1544539101642797,-1.1062546516083882,1.0019949979170122,-0.9260583202072236,1.0695109737944772,-0.9969493697468788,1.0491718592699217,-0.8949801828044277,0.8814374294962584,-0.9512200192583719,0.9454127576486625,-1.0220743423411631,1.0517033766868769,-0.9330939841683774,0.909168146868928,-0.9815428474773465,0.8531239058521403,-1.1930709624344173,0.9322343690814073,-0.8726588029059087,0.930721316759563,-0.884584939262228,0.9358360262241369,-0.967514769072369,0.957788475163047,-0.9270478852021464,0.8639692334592504,-0.9607575713656088,0.9331067682138949,-1.0741618083586946,0.9588498268920451,-0.9593798283249342,1.0856129327830337,-1.0215161718334516,1.008489945420692,-0.9322000202957522,1.1191613619529899,-1.0492370880108364,0.927009863648033,-0.8777143855582564,0.9550578490113482,-0.9727469910585105,1.178668761989095,-1.0422893509316407,1.1312853492935104,-1.0671543192509398,1.0832912735721723,-0.8835555647636146,1.042397779224881,-1.0345067990764467,0.9318234011174064,-1.0179863751844298,0.9856881934475132,-1.0375585424745586,0.9739867196791016,-1.083784569665023,0.9872128979958495,-0.8994676702328176,1.045866933659829,-0.9471148711919417,1.2294688509903906,-1.074914458868461,0.9475780729475627,-1.0877852642456547,0.9464742792816325,-0.8491928064027932,0.9210201877477634,-1.095257544073899
periodic_078,non_chaotic,3.5,-0.8725073457385807,1.054558100867665,-1.3244857914887824,0.8354748615010125,-0.7909824362839528,0.8799397562208529,-1.406766586466016,0.9833589503935374,-0.5215583791707723,1.1528757858136232,-1.2653152436263468,0.7200771334756768,-0.7135619577696907,1.1393582416689965,-1.1808402852228645,0.9181092582908748,-0.5831729786414998,1.2659814674129555,-1.298311513015506,1.1194431695129319,-0.8903823692665669,1.0071190081404093,-1.2407582377030906,0.9048120872075629,-0.715512382346794,1.0339963828790322,-1.0502606693444598,0.8008825083738709,-0.7952029309736142,1.2419977151501933,-1.1790070755961946,0.9567214230022782,-0.6796017273360049,0.9502646565087196,-1.2517339067874125,0.7085947592233897,-0.6751844808206203,1.1433120216585646,-1.1574832405719986,0.8437970482536151,-0.6270714950290549,0.9951774736316412,-1.1678318108654422,0.9167553262455955,-0.7743593059636312,1.131607712371143,-1.1561227964273773,0.8600668011292758,-0.7764763342367578,1.098065695459796,-1.207231093243025,0.773629256421027,-0.7940871030890218,1.1307762839468813,-1.1814646265302542,1.0570829868838847,-0.6349063455655931,0.9661416316004205,-1.0657473323097002,0.9529420669017179,-0.888987213306338,0.9831493387440575,-1.3065433281091299,0.9323103257402153,-0.924581760577352,1.069825860587652,-1.1854855092492773,0.5829882569319951,-0.6271981289165979,1.163625239916053,-1.3403219493132232,0.7428781381091147,-0.7802605277867255,0.8269710081146106,-1.2908125103364856,0.8734748179028377,-0.8142245611957232,1.1736235474565229,-1.250026639269046,0.877319945772181,-0.7364744054515835,1.1518391972186122,-1.1370177753164903,0.813819994954919,-0.6258403645493726,1.1545962775411551,-1.2200331399976347,1.0121167087473228,-0.7673420711748058,1.0410563957637693,-1.3336923298553887,0.9215538257191975,-0.7241546218002535,1.0149728157868882,-1.1015751346546816,1.0247162785548847,-0.7295013250238485,0.9510807049006695,-1.0825147895965772,0.897364174017486,-0.6582125770108472,1.0911448354153508,-1.3359143124251682,0.81327142205805,-0.6337654615685494,1.038581978439218,-1.2185955111444058,0.8538569541701734,-0.7987713881707423,1.2353679197200182,-1.2032755539420823,0.8840386760183564,-0.6454372883755519,0.9106062221500452,-1.306697544305659,0.7072998165123059,-0.6863732609807773,1.1121591953876706,-1.2463384545676475,0.9646998098072598,-0.8406710074840857,1.0051271183474846,-1.2203682312194608,0.8776927352384735,-0.8233655762318963,1.1949774201200585,-1.1129831473550635,0.8930698583745024,-0.841785804580936,1.0963505235698385,-1.227408059246037,0.8267263175998136,-0.5700763820570556,1.070127766697543,-1.059587096445877,0.9270802148064997,-0.6719717901622646,1.1687129431575636,-1.1141567003451,0.9381086087430806,-0.7054480093133397,1.0183810668157074,-1.3665248148701314,0.6204101202368913,-0.6816600463913327,1.0442791329032948,-1.291567680581831,0.9504564658098663,-0.7088951308721984,1.261429828276654,-1.3143000221823946
periodic_085,non_chaotic,2.8,-0.22314355131295646,-0.6491609180931527,0.07209622780900354,-0.5684626064879998,0.6016858784020869,0.23039374759268552,0.34037109206347693,-0.09359445631834273,0.24210462889247386,-0.06793896045140077,0.9388673967628013,-0.2591952489557114,0.5427410461776407,-1.106299551512344,0.8727171005554274,-0.3737838430864566,-0.7198985030505554,-0.9420016460262014,-1.0195778620608926,-0.29751385741429515,1.643905126493399,-0.45620370999432913,-1.991464130765352,0.5328793445332909,-0.9179379895467783,0.9734430251225509,-0.2382990557628844,-0.09410321389057807,1.3484743287766687,0.7802147584617005,-1.047477602708401,-0.9032330114486402,-1.574137534163501,2.726920829481827,-0.6713025954621105,1.321513613975156,-0.3473246803273629,-0.8842089969686016,0.19569182125534013,-0.14573077832466116,0.9607627653321094,0.973027636833618,-0.40406074728396957,-1.2372735526558052,-0.9992259488647568,-2.063319298497443,-0.09454601568070414,0.16298238618121796,-0.9459512406953056,-1.0644142217024501,0.15878253245540963,-0.4450575727835136,-0.03421729433841296,-0.18549911056824553,0.41842366710339635,-0.37968440982285884,-0.304644657099624,-1.670486755000161,0.12520287425672866,0.2615115029827984,0.0003240242037014006,2.0490397349457248,0.3341511403255964,0.021131806720427103,0.6639466942206886,2.2461422418482098,0.42233847332127833,-2.005496719523571,0.5981707701196645,-0.6875078694438471,-1.7103685679442004,1.8389526315978408,1.6270595563756625,-0.7129432007681454,-0.7065246787810928,0.33159066377465124,-0.6933351838134516,0.04211716065709221,-0.5246982190168511,-0.21802847388499663,-1.2023697397162527,0.9852975881818373,1.3548259670609848,0.07630565742198049,0.13901769359509053,0.7914190368384191,0.17641622908355475,1.8703300817832036,-1.116096278139163,1.0186761985396529,0.06258073134375089,-0.9247580603425615,2.3777454384462757,2.513159140507266,-0.02925710132162361,0.6105901279484978,-0.28742970044196403,-0.1296811975710427,-0.9358242743648838,-1.080700817582004,1.982677833910649,0.13654164541079125,0.22414900274932867,-0.6201330117079782,0.3608114706520116,-1.2998662356509416,-0.5840718232951383,-1.0017856129892668,1.4421806274263271,-1.4450773012637175,-0.9816280101153696,-1.8330386252435678,-0.6980742546955935,-0.2759922931044947,1.1332322477414238,-0.043109023298713814,-0.22801411867512666,0.46860182088550056,-0.25969905492855194,2.5373839847296087,-0.40490630506207814,0.5801823938149938,0.9848636889157975,-0.43305604212146603,0.3366941056017002,-0.3165095152828008,0.4432201983215829,0.2735049196796993,0.03700957540707104,-0.9584380957935196,2.0018408627939994,0.749496503891052,-1.3830520558630368,-0.237605701057616,-1.3641866001028928,0.9217467871096946,0.15319503147588115,0.17855034024378283,-0.6513598672660393,-0.1348474117189797,0.9463591548635977,1.2097593280775456,1.00443901466887,-1.3472939968751112,-0.007928139997115578,0.42291735328756863,-0.5458699684022682,-1.452055631038212,-1.0869447708008824,1.6450297930561275,-0.9936346782562964
chaotic_049,chaotic,3.99,0.6405152956442541,-0.96083124605112,0.24469807292305412,1.1449666975706139,-0.6553275215652419,0.964821908161533,-0.13563621010131843,1.3098364259872741,-1.4100738042391712,-1.171061909162445,-0.4052913328835289,1.1409511318246413,-1.04627074508161,0.5205187571770257,0.9527344069439125,-0.15949004176714698,1.4340027336692918,-1.590642719300446,-1.4741770856805914,-1.075072551798735,-0.07476839125564157,1.3479139467256243,-1.4340494222485285,-1.2759992575894468,-0.4790207779884661,1.1533131871639977,-0.5397596234172259,0.9638661457936355,-0.6533133782996589,1.0858124823409867,-0.4873934774261282,1.226393851688966,-1.0658111937875847,0.13198163824168116,1.3031395240710504,-1.4680094191358115,-1.0397105875876684,0.19424663867002753,1.2554680716088247,-1.0934401027783645,-0.19395987231229597,1.369256207381198,-1.5028678146090795,-1.4305447732977072,-0.9043904256383689,0.38354806334866554,1.1074135559632308,-0.4473730535239353,1.2119815820468165,-0.9237543601237695,0.4874653054676528,0.9101750053772072,0.21222136221433846,1.2034245804703925,-1.1412168290297322,-0.2770942956151448,1.3295140420674383,-1.4769318714195583,-1.431547802536791,-1.0082628413317305,0.049850828497678926,1.1977464603800718,-0.9762890008052716,0.3015165374253478,1.2331897903030427,-0.8527221117724939,0.6105575955601608,0.5854362319226748,0.5643209454787952,0.6726816147020134,0.2863608926480451,0.9703797486258734,-0.2869345579211115,1.2455584444052614,-1.130954487865165,-0.1449335462441521,1.259554670700823,-1.484978604212351,-1.5777012426922208,-1.1409085962176746,-0.018656317241663143,1.3693906574935477,-1.546699040836276,-1.4185563320532875,-0.6709955912341785,0.947840273068874,-0.29358333300309314,1.3922801173337676,-1.4945146899473942,-0.9935099372427174,0.24658993281036784,1.268521975375088,-0.9724612474299763,0.39615712209555587,1.0823411719954854,-0.5336486451296145,0.9897268903132891,-0.6686772653492594,1.154782169326142,-0.6654826436587367,0.9184465155565079,0.007170132167742448,1.427509718065058,-1.4682111488071368,-1.0517467277177595,0.10501078362658092,1.427738905627236,-1.408342968541687,-0.9313167465959492,0.42281931714400756,0.9522026416924136,0.14119035432589894,1.3290635533558075,-1.1135882692612726,-0.5612563188525863,0.9745147154018775,-0.43964621520314445,1.1610963544981132,-1.01107369426447,0.2708408136875409,1.120765574943618,-0.8495985867198197,0.8531250390747526,0.3840063760583381,1.0583546588268276,-0.4478501654670359,1.1831952983364893,-0.7518380952623047,0.7988204070068228,0.3763516947014595,1.1084846678964173,-0.43988413699065,1.1737331222858312,-0.8106973749208938,0.7936002559820419,0.464073903769398,0.9144760371883491,0.05979183541668811,1.3049052015196878,-1.492492903784299,-1.1111971416728317,0.004080870496473043,1.255808699784581,-1.4866342569330484,-1.0869123079852856,0.07453977586607506,1.3846307403950135,-1.641885278161759,-1.2154959261416212,-0.4735443596201955,1.233717192285762
chaotic_080,chaotic,3.7,0.34699401583611555,0.0847736385283526,0.7526524156999518,-0.40251832153380407,1.164325198641596,-1.7120607398352703,0.8426654515990799,-0.3455646661839507,1.1378496438406067,-1.5390280665775193,0.8594819133709373,-0.9036351500764578,1.3062086694590866,-2.0593511046512485,0.20039285896774522,0.4187961018911582,0.013852128661065917,0.84669229328108,-0.6544079525817825,1.064816489405126,-1.881321529624616,0.3479653800809374,0.2010759107896132,0.43804003553094617,0.11661347043292676,0.5374236955033742,0.11771693621962656,0.4070669150907036,-0.25623076175426057,1.029822834218284,-1.4216388163195242,0.9845728300710771,-1.3440896908813529,1.037723841418005,-1.5945598800563248,1.1447995297933655,-1.2492744373626128,1.087548398973645,-1.7376899544124438,0.8678129030298354,-0.7682278277143341,1.278223566237736,-2.002623602579545,0.27522373595275446,0.20549942012489184,0.27462984687535075,0.3003715292599838,0.3844227751068033,0.1779759669070645,0.42384727690901647,0.21357807373513107,0.46361253252804974,-0.26721011610660844,0.9701070660012058,-1.454029587031886,1.0968406838185387,-1.4235529477986109,0.9346844608952899,-1.1935268506684324,1.1820931667925545,-1.6176924700473805,0.8591716073720365,-1.1276224836851578,1.1546045766794368,-1.545869788073174,0.7662677813017313,-0.4085800975575274,1.0813483962928554,-1.6443152076584586,0.5809757824490905,-0.313021133605383,1.2261816236766625,-1.7807788354445773,0.7781085744825801,-0.20130772931767343,1.1520340087647474,-1.6122842317140225,0.6984045834624567,-0.5118916064591348,1.0743994134820438,-1.8167351138019152,0.5366552583506611,0.1105187799342166,0.6939227662344338,-0.8638079563914989,1.4141926980844666,-2.037399997310733,0.19042232892042082,0.4259453780216236,-0.11138366142397753,0.6355274340407129,-0.760942172335203,1.1798413797929541,-1.9726889654449988,0.1813176409321087,0.3797567039124533,0.0916721194696512,0.608203784707326,-0.2867343133117773,0.9321298160260074,-1.2661646254217522,1.2329396724608253,-1.5184798711395422,0.8403897566406893,-0.922879132963514,1.0774630182507317,-2.0059494327939427,0.20582226214667826,0.3568657271241045,0.020901131017853927,0.6296207846902241,-0.260998369818008,1.2412023665267793,-1.6398683269350107,0.8309698683706304,-0.9122102193459344,1.3653697725811604,-1.9943180294275054,0.22515986786624634,0.5480326425574719,-0.05208420744369985,0.9192413592203955,-0.6228610851177511,1.1757240690632127,-1.95310094363868,0.4733834531805928,0.23027093225707873,0.49978205084464733,0.11359352166581146,0.48068766020787596,-0.0508533966316133,0.8376062477904654,-0.8896706515610551,1.3032834313080761,-2.042340359742883,0.3012295983712501,0.2922434054460205,0.3157669359110747,0.5778179347855438,0.16538768820579083,0.5691614126371672,-0.032934169435899115,0.8373006564516162,-0.761617075317007,1.1991909951211819,-1.9710232224325304,0.19560181022348944,0.39303087346881876,0.13162397266396922,0.7636647807235251,-0.5727807953146055
chaotic_034,chaotic,3.7,0.3605113510626807,-0.714004028092879,1.3755991393881797,-1.9075451039315807,0.13989644370211124,0.36864555139932736,0.12042247317363974,0.594219550627369,-0.5945012295680417,1.10934984044937,-1.721844568351955,0.959812393017514,-0.7198460881584021,1.1586598704838365,-2.046979561207876,0.028330328043758346,0.345441043156368,0.1314908951130175,0.9235263927730843,-0.4371010633356327,1.1713142990428753,-1.8164605216227645,0.45122432333752016,0.049200799054196415,0.8993078995578704,-0.8240768132207061,1.349909978731284,-2.048907710056279,0.31620207524111144,0.10147326985668427,0.5135436957925071,-0.10989884710210822,1.1597351507213836,-1.007340466899719,1.2666826554182722,-1.912876926390268,0.2230215895732552,0.44486712072670254,-0.03415372133192834,0.6720265592855874,-0.35481740371977954,1.1560937369043012,-1.5516278426863883,0.9057576854169563,-0.5625427068210175,1.2385983527690492,-2.0465001913614302,0.2344364281861764,0.29949765104942133,0.2973112574756113,0.30752381334003986,0.12393423709316281,0.33207540114016065,-0.11827491303347125,0.6722659713187725,-0.6229445994070903,1.0699039098146133,-1.772706252484594,0.4719855144877778,-0.23544668154821788,1.1007563879286963,-1.3856414755102395,1.001758448247396,-1.3231764102013142,0.9393124400148635,-1.351632661113348,1.2028313734689888,-1.4112358038937072,0.9511059687988112,-0.8743661300579441,1.0411408438903476,-1.8056592490391206,0.3233728710796616,0.4312650417001628,0.28896404024801425,0.39379410636988865,0.12471575121727918,0.5790914734449991,-0.17972697852340355,1.0006010019285072,-1.1800725328674786,1.1631857952734177,-1.6848641112078717,0.3145420486066033,0.1532772680299344,0.42058876538138196,-0.04104604098026495,0.7639453631728675,-0.8357740906824109,1.3331401680209427,-2.0602896765840466,0.264453064678207,0.568680199223713,0.0634457797922233,0.8090820261690478,-0.4039979601595734,1.3465130495420612,-1.9402450173460342,0.13981584051591528,0.42213199168691085,0.21066847601429792,0.8209345183651866,-0.24598281392624388,1.1910304970782613,-1.700936830393662,0.8491820283247954,-0.8549420189709666,1.1018459577196509,-1.9550281032291967,0.26415108055145053,0.5372548116333157,0.08607022330763443,0.7520826370855889,-0.5883364204943684,1.1630087950307615,-1.89943910132683,0.38064833952301397,-0.14372684209650438,0.9067286299407596,-1.1117047873043202,1.2455585399568152,-1.7076264644924282,0.7755302023848836,-0.5981024361826107,1.0127669686811978,-1.7981491153107898,0.4451550185210458,-0.0856010602475014,0.9917963598130107,-0.8780535380560762,1.2828363403312593,-2.073085329905602,0.3045679493090949,0.4737754704515996,0.08378093770030759,0.5968666232388025,-0.539721374180572,1.2493223004768848,-1.539435684888072,0.6804514478778884,-0.42955888246303486,1.1157583318309783,-1.2503450639624156,0.9141647859103884,-0.8523235046733216,1.153539131417109,-1.9173076409936787,0.38592837198823465,0.30276740928519785,0.2937572536560037,0.1108045490979889
chaotic_007,chaotic,3.7,0.35735765144976656,-2.0316207719388006,0.32734249879187444,0.38260241730548206,0.04149634543009951,0.5849705888081168,-0.4208776901733422,1.3032558975380286,-1.7228532669576737,0.6242846446382802,-0.47036253992146365,1.0765207728250292,-1.683320437316524,0.7832464723011846,-0.8861687079780947,1.378324624266938,-1.7094358928001827,0.16614352638499044,0.5752968683270362,0.0905310758111953,0.6490826634320276,-0.3648377018123655,1.1347087172015389,-1.6044262303328825,0.7325474600317194,-0.7961830289378414,1.0867668486004987,-1.8811917682165875,0.2634714175519152,0.2678391083449335,0.266180376970405,0.44522913182718166,0.20931071025297612,0.42047882654089985,0.09111219237108352,0.9386860056345355,-0.641270784917386,1.3387127070251448,-1.8437565315320947,0.36617398143161034,0.44297173272007306,0.22225956518347983,0.5771454032087372,-0.21976895437046362,0.9483544966575638,-1.0603526451893102,1.1691082856732193,-1.8467450995833345,0.32216247576772045,0.5535792296295305,0.09062161048422528,0.4820001541004095,-0.27814371446086233,1.0263089719365805,-1.285538442861697,1.194357710181388,-1.519447907877574,0.9523844359253153,-1.1235719288652704,1.2663671318774876,-1.8983582791823075,0.2948671085596032,0.16814630410779688,0.46737581519658095,-0.05657067614152459,0.9594793035366801,-0.7040978471665893,1.2208925718252224,-2.1724404388756704,0.16357253253259,0.36576570363674027,0.08173200374427664,0.6837660803265319,-0.17513221919475927,1.0535252758709828,-1.046991926637636,1.2173068941693233,-1.880257067408028,0.4122506684224086,0.2784742543734483,0.37703294738294096,-0.4690421706070991,0.9793994816371608,-1.3365921832550631,1.1172051485995471,-1.3412208627770934,0.9715254729085311,-1.173438817726422,1.1986996594241812,-1.5080422028798948,0.9683026472067934,-0.8871118278880287,1.1941221920117728,-1.9129581154069526,0.2384434256783099,0.4286351737920078,0.22329413102208084,0.40740187402734407,-0.5065252668931075,0.9876220164454197,-1.5765569500712482,0.8331144025106831,-1.0187207553089308,1.15763739077356,-2.080184914917469,0.4403449163004257,0.6465017034372093,-0.0417284706097999,0.7164158090558956,-0.7228019894738928,1.03769041314394,-1.914307667497257,0.2636900291971493,0.19538860282689485,0.309994509278324,-0.0667771402787084,0.7550432404944728,-0.5481050645697483,1.255583306819547,-2.0040556466906287,0.48938602585977975,0.04366705042627831,0.6495892407708898,-0.24177031919056358,0.8700490231578876,-1.2906762025419147,1.142721902027117,-1.4920417650804352,0.83234106737474,-0.6922597021259334,1.3538256813899727,-2.0269674591887172,0.2635559764480342,0.6751326416898826,0.15870783120517987,0.6696613142405952,-0.791554409549793,1.3907309418373863,-2.0748500697576557,0.11519197125088648,0.35465934449115705,0.16999875947722232,0.5674538018321338,-0.28207160237482665,0.9188383582851286,-1.2751718180722842,1.0554706595214256,-1.42992418629349,0.7551723224203651,-0.46347687145140637,1.1543229461556965
periodic_010,non_chaotic,3.45,-0.00275185727240573,0.9837135420806951,-1.0322034933173347,0.8826303114215819,-0.928920964029354,0.9019870198012793,-1.0934725738515323,0.9165563728856654,-1.2870934507369627,0.9831693543599026,-1.1461531089050372,0.9591605939456097,-0.967450589462503,1.1906742706136062,-1.0276988821980109,1.0127565936963026,-0.9192859951422367,1.1025784599600745,-1.0127358957095145,1.007744283657108,-0.8984309950537478,0.7786250433651738,-0.8519631935578778,1.1362943678490742,-0.9472495815417655,0.8780360810744383,-0.9379723248464863,0.9122133025994831,-0.9164527708517959,0.8907050257982401,-0.8379606422258628,0.8388618035949859,-0.9623812955315509,0.8082024287695284,-1.0603499949720292,0.9388221066565617,-0.8577857196174147,0.9746971475850106,-0.9442713153016065,0.8801422867558077,-0.9973907452762759,0.9906504120578518,-1.0071705826850237,1.0169690965822666,-0.899064269316397,1.042469164005213,-0.9906714823519678,0.892757089155498,-0.9320580642095486,1.1740750603564485,-1.220320279146327,1.0290258466542008,-0.9040347795334465,1.1595519750541365,-0.9838779397963667,0.9909660464777137,-0.9285007077377246,0.9438392315498992,-1.0930419008771748,0.8500764845814359,-0.824965932394375,1.060118124339377,-1.1446901503552036,1.007955307635723,-0.8573694411222057,1.113312251858425,-1.1456217209675421,0.6737258809756214,-0.9326011782194965,0.9286860861651187,-0.993250167066112,1.0747977625997618,-0.8623032108032427,1.186980826644086,-0.9327741329774502,1.153361009837507,-0.8364578112854616,1.1595591409672765,-1.0579870220904528,0.8550901850453665,-0.7283531856950483,1.021711572683191,-0.933158141361169,0.9277359644028014,-0.8776292953403011,0.7754105147747982,-1.093913890830321,0.972183430459898,-0.9270475552882204,1.120639266305154,-1.1608670397241256,1.0467227503869638,-0.8522262151661639,1.2456408715882403,-0.9838976451731843,0.936891556715346,-1.097713167142406,1.1948424332185148,-0.9807171978179375,0.9799259869494854,-1.1320704991511437,0.9237602019425261,-0.9909652622154758,1.0168987554182518,-1.164308703140718,1.0772298772028641,-1.2067809037365453,1.1151704912917626,-0.9529176022379192,0.9695574980431723,-0.9554231096850451,1.017012215596812,-0.8434844960661876,1.0228957593758792,-1.0388569211468264,0.9543701006599007,-0.9479172569353865,1.1816398102188848,-1.101700514832583,1.0460617727134442,-1.0603430968590508,0.8119621758957027,-1.0318262564427911,1.0188793634235154,-0.9848671691270242,0.8679405025371767,-1.0221770917576787,1.0087256688145243,-1.061481267025985,0.881873886463035,-1.0766949483744848,1.0467484458341711,-0.9334676254174689,0.928223846823123,-1.0383367522242344,1.0698053204931612,-1.0896592547449289,1.0208511391190744,-0.9201210658864569,0.857595270812305,-0.8612243545978221,1.173569914812227,-1.0733342259093082,0.9491526297574135,-0.8733898269866219,0.9962707617051922,-1.2824220700273556,0.9731890639776586,-0.9287770950229501,1.0871558449935645,-1.1377270362675271
chaotic_091,chaotic,3.7,0.35398888083259544,-0.2348640852377874,1.035446898173343,-1.3918609002705244,0.9549193270456245,-1.6137227104895178,0.8540202021616783,-0.7099817064740627,1.3111006796018547,-1.90084835232051,0.2916001971351595,0.7087251492618224,0.3156950472152215,0.5301412216009346,-0.7731615507543131,1.1910560746319938,-1.8084269155906498,0.5095480573322804,-0.07325464706724084,0.8542974988440778,-1.0543824576536123,1.1942394321366498,-2.053170206738058,0.3193343641726063,0.324562257655413,0.10644273985023503,0.5848105789544013,-0.18545640034639468,1.0157959652012991,-1.1372597620428755,1.1209691010501002,-1.9588796699812856,0.3508200928632881,0.16047674648075128,0.48833002328602365,0.3610645492013412,0.4145043916306019,0.08538508409683328,0.5535307497439863,-0.6509751172581103,1.1674562430780966,-1.9503314899767046,0.11410090541006121,0.40686947126965123,-0.020962467976454176,0.6136839704062277,-0.21197310941538658,1.090022041970057,-1.3775023248580103,0.8265191783994398,-0.7947059815900482,1.0928857298750179,-2.082421040650574,0.14546769897013295,0.584370564138638,0.045228293581921784,0.47105231525842595,-0.6244475605923689,1.06093991145551,-1.6752485399098573,0.7254967140142616,-0.4471203456632034,1.061393313103339,-1.5611058219831684,0.7025275102652736,-0.7721199644228269,1.2962907090076041,-2.094430597270805,0.21499796819738548,0.47781075154481695,0.005393113528471359,0.6356866291031955,-0.6427133761798247,1.3450793244047436,-1.9836587855058494,0.3255883353037463,0.31208473902661105,0.3137142729878978,0.39636969131504746,-0.010066461294515813,0.6545600067840575,-0.4222781271199643,1.02249213826591,-1.3249429804190656,1.0793380518515525,-1.6386868506312424,0.7172165574305861,-0.699656872986775,1.2574703830338267,-2.1055448784311475,0.34973435399195196,0.42393351474629765,0.14182294664893785,0.7498725325040242,-0.19691550750616446,1.116238376939369,-1.4962445743182986,0.8434164892170184,-1.2431023685653086,1.2473320093457925,-1.662447705980827,0.3935596650572401,-0.5413478372292627,1.3139639827220977,-1.97855607747885,0.47620112676090537,0.18945503049937454,0.47195771038972606,-0.06438717043502765,0.8038314576348466,-1.1190801829171708,1.1963205633874403,-2.0026938290188525,0.45289557882115583,0.17354132534685043,0.7821936197826594,-0.37318119748137696,0.9648444062732036,-1.8182163646221783,0.7692710853140604,-0.6689881249786397,1.1832055649670168,-1.7949769770678552,0.3283261340821898,0.2881499767238524,0.47346316354750745,0.13726388976044268,0.7913698171840124,-0.2698994063616838,0.8547786311315452,-1.1677390026252894,1.381607933107695,-1.883164027705676,0.2996352441588788,0.08395590514070472,0.6137689655797818,-0.024081008541539748,0.9283629223355423,-0.7563057387484028,1.3027380105466162,-2.0138722780727565,0.1544736082263979,0.38857401546233455,-0.03804857120854902,0.656411732479536,-0.2573494438701716,1.1546158462311464,-1.3924224494562536,0.9796251743936185,-1.1267140524553445,1.2162606829974687
chaotic_083,chaotic,3.99,0.6373333562241494,0.9452672505645295,-0.1419952122411691,1.3223136714130974,-1.6351650641915958,-1.4778181519161293,-1.0372793346921763,0.4895639916621761,0.9458721797578555,-0.019454952912850536,1.3632353947166764,-1.5088841456569801,-1.510486510858962,-0.6925814929713858,0.8567356869777352,0.14460577367009442,1.2454432451861628,-1.3315941524550567,-0.44569286798949714,1.1164054369601535,-1.0933459819931082,0.15598123670399386,1.0449763264143903,-0.702465099380319,1.042464173697707,-0.47280348002224437,1.1615450485577397,-0.7415880375242643,1.0888201775329005,-0.5996226087753919,1.0397182769643787,-0.6561018141025032,1.05459142571094,-0.6766307828833967,1.059516018759389,-0.8631204907258835,0.7276462736478034,0.2362102993640681,1.0164586082763938,-0.6878952541900827,1.072352357179307,-0.5368040766771215,1.2836218520616187,-1.1295645008574569,0.2907916390216024,1.0443149045404267,-0.6491384874051306,0.9664007018173486,-0.40246688363404254,1.0906407351068381,-1.0182009953963325,0.19677060235097668,1.195228465060192,-0.924810367423983,0.5119849627101504,0.76223726863316,0.1059136640512532,1.375271437155505,-1.4214969778521978,-0.3526634739230064,1.2496134753918104,-1.2646071023883638,-0.16127369643601153,1.3219003917515193,-1.7754378763040835,-1.5054225218487804,-0.8632386572522066,0.7025323776412962,0.21238931668579572,1.1711862704751979,-1.1276865146814425,0.25474584155486046,1.0929023972674816,-0.6972420611327002,0.9493616395497022,-0.4451337009653587,1.2449290525644257,-1.389481612387058,-0.3568565869091485,1.346721527379342,-1.5247882327327154,-1.139369971979647,0.22822261485768283,1.105630266979257,-1.0802246243497082,0.4107204981107418,0.9529651548736121,-0.06400724907660171,1.3109113568777235,-1.5300971085551665,-1.381048549598515,-0.33436535909781423,1.2031556731614335,-1.331542509945918,-0.2043743207309923,1.3276626222711225,-1.7341400352823708,-1.4329533796822858,-1.2241683693377812,-0.09363979238555455,1.3100410293698124,-1.7019149166969132,-1.4592550290132036,-1.094688910959146,0.4206453610100693,0.7381869112753404,0.2863896924312919,1.1262413525177393,-0.9388876108719137,0.5493675502077446,0.7289053239082272,0.34543226133371613,0.8797735062497841,-0.01521449312061086,1.357918512016672,-1.5714025377338803,-0.9869248103350329,0.49177767834889585,0.6789702766346115,0.15620434227408228,1.0809962413572658,-0.8447925489705396,0.712194850709937,0.17043010151211682,1.0462485692680752,-1.0313544731647197,0.5179479065372147,0.8572764692786372,0.04565005663152895,1.287121611190529,-1.4610204639737623,-0.5183742434800959,1.2231798478684042,-0.7747821204150144,1.02989118962516,-0.14270341262921082,1.2577363599073546,-1.6945868406586233,-1.4763751286458189,-0.6481512941197858,0.8457843471788521,-0.13194122179309578,1.2741279963120344,-1.5605136587527284,-1.323460135300334,-0.5668616444774992,1.0644945529079644,-1.1399302561736304,0.4222454706301743,1.0611302059142491,-0.530852355029015
periodic_076,non_chaotic,3.2,-0.9162907318679084,0.7963218730484294,-0.9458755779654636,1.039724933620728,-0.8523796662688421,1.1082247548614041,-1.0185080276587457,0.7438242273431817,-0.9256333056464164,0.7547819507759742,-0.8219369850829025,0.879905312802246,-0.9017550172668918,0.890440141789002,-1.056773182708423,0.8705227807915815,-0.8905968069045447,0.8952298805224418,-0.8833822384397383,0.8988277207693065,-1.0209252889833684,0.985588037154204,-0.9679355922338034,0.8535718874896844,-0.8922850773181427,0.9433734083532952,-0.914280254062221,0.9784638873181521,-0.9084270715315316,0.9241160753318614,-1.0977028592877156,1.0394103833144286,-1.0570067662957752,1.181351986710985,-0.9797875644996399,0.7917532648499773,-1.069624508174069,0.8432418631565104,-0.8415138850977072,1.0870965005205016,-0.9974902339613282,1.0205956873234987,-1.0011540328003057,1.0990442837231615,-0.9175909551481873,1.07697765882997,-1.0154821276271313,0.8938251077971323,-0.8976143875306395,1.1940827645163217,-0.8369621313960269,1.1982530506668179,-0.966806274290378,0.8472739243961976,-1.1103009249460136,1.17045575221174,-1.2452038460372248,1.1876751899512998,-1.0974327910540698,1.245258145489236,-0.9988050039060119,1.080085614630646,-0.6610308871713427,0.935284293083449,-1.0368143319532395,0.8851210346204996,-1.126888905490901,0.9353287876943062,-1.0654120305379673,0.8087233870343059,-1.0180453872689939,1.0425641730682302,-1.1123254172912453,0.9583511325517816,-0.7956292125011031,0.7854397440950692,-0.7233931346010732,0.8879842215175572,-0.9614594006029596,1.1566448253337147,-0.7711679276196164,1.0453198658443765,-1.0846228872948251,0.8730204863368486,-1.068170119710059,1.2405630969513028,-1.0417953546839342,1.0252109960445892,-1.1326624184444263,0.8216411182716108,-0.9854634885673943,0.9360275380907346,-1.0237158192475873,0.7772502061808592,-0.9992019015148097,1.193798011217108,-1.1064290113478252,1.104138190077492,-1.4656165081510535,0.8703335975975304,-1.2518677433841814,1.1507357589959246,-0.8682179642017882,0.8384236654870298,-0.9493036980750064,1.1459910730945793,-0.8024121802181836,0.9248796266900566,-1.2929216408951012,0.857102018270921,-0.8837106378549068,1.2693987281017796,-0.9965661333605312,0.8972278193697046,-0.6590618483346121,1.0365045623275484,-1.157973079170825,0.9643403548756768,-0.8515538068648218,0.9710161231973399,-0.8798295316803356,0.7599275112736095,-1.1863642187377446,0.8796167223361783,-1.0279094029948275,1.0266307045182224,-0.9015074398363142,1.3199097457690725,-1.0906821349859204,0.9375069343715929,-1.08684428008126,1.1291658223622434,-0.833118994052756,0.9191211204160137,-0.7049506420923645,0.8831871111442258,-0.8474286532560331,1.1807654893206772,-1.1763788746845414,1.0601493369063006,-1.3639234950204264,1.0940663954691179,-1.1406194855891358,1.0587514618644132,-0.8852451342817712,1.1347709986512455,-0.8666447202276448,0.9883844334588091,-1.041428234748968,0.9704638403862776,-1.1425996115761716
periodic_081,non_chaotic,2.8,-0.22314355131295646,0.409910230175397,0.8670385304085808,-0.3007467985668528,-1.0360617602389657,-0.18328681174252204,0.5814330767128788,-0.06803400599576521,0.4086105451608496,-0.5490374244348563,0.4470722282868757,0.0037429842983394174,-0.7241027631812973,0.15178926718835423,-0.3935744910621462,0.6459679357110756,0.9110605815482516,0.526230879588719,-1.6862450496441974,-0.9922030507207094,-0.6523422923401838,-0.8177579216876418,-0.5552804236703782,0.9650039325193641,0.7303547701368688,-0.43205463609879863,0.6196952281981185,0.347396028842753,-0.027162835639738352,1.195906679520093,-0.6779404776927869,0.06149913491310589,-1.0813527650347452,-1.0317182445428028,-1.4022744094435076,-1.0140390424256474,0.0929187432249117,-0.30637303932643134,-0.27260080419131316,-0.3029339188226589,1.8426254117883545,-1.1707413782513683,-1.281455175060243,-0.8686122157297621,-0.0675865397710816,0.5399348352951975,0.647441672730223,0.9850830588050403,-0.1052225547926645,-0.40354576267804837,1.6983921880044701,-2.8763193439466095,0.07185408894550235,0.4521572028145869,1.9471551253891004,-1.7127331020263785,-0.4282089278365946,-1.399007435735553,-1.8553387182866754,-0.20493225436065826,0.8695732342870044,1.2557043217478976,-0.5439161387379507,0.697084455966054,-0.19788328016410595,0.5832233258116636,1.2023794234207819,-0.19427101805596939,1.12212350199415,-1.249284785659974,0.6867126862982171,1.0772830935397122,0.9701410127441998,-1.2202832336797866,-0.20626325217883862,0.319781131774008,0.46566644934177753,0.1268592543811786,1.48685608219435,-1.3348404979301582,-0.24192737859594676,-1.7409061660050427,0.6501974711588858,0.581199520148893,3.4745059772414475,1.069709489540973,0.35000881009202484,0.2708203320270902,-0.3210019578628188,0.14199042772624965,0.2929333211578903,-2.0277399444022577,0.21077767955235668,0.11146439264281136,1.8232302591844485,-0.12948845782150484,-0.785895443768134,0.2849421164912618,0.08385511420150162,-0.1283792436095374,-1.3175911560009588,-0.15470172767010693,-0.5929173353133574,-0.21731307420020396,0.7650443935470226,-0.6916283935650955,-0.22223294966805038,0.5673081721021727,-0.2721151253363036,2.7088032608603525,0.2645774491785699,-1.279180812406201,-0.8622748134454122,-0.9664841988905446,-0.8474908470225548,0.5629310643383346,-1.1389803820399118,-0.33611563158630414,1.1902341566242163,-0.5313853230055235,0.7022211113284703,-1.7359336203120603,-0.37692587928166865,-0.9105755438943399,0.3172914928594027,-1.0646990968708407,2.1500945872681902,-1.6907988570431798,1.1830207682675284,0.9163627715411765,0.3277403864418454,0.06323234962406486,1.9277641321828536,2.565667545071962,-0.20777068888084407,0.17024193621423994,-0.5651732719351827,-1.2039899988366909,0.4864398815909761,0.2653602225984456,-1.660598520556629,0.47907633381077364,0.3000691749586493,-0.6157540998734963,-0.6833526212991661,0.4457086575856794,1.6729393949460327,0.4194221463451223,0.8150935275645901,-0.854915842416019,-0.422135176921866
chaotic_089,chaotic,3.95,0.5794569894025008,0.27156502411873124,1.1336653303576707,-0.9058657520408371,0.9182990686051562,-0.13195129068455858,1.2844163081001496,-1.609334396804382,-1.1166605816731638,0.38220243145223204,0.8852406585463645,-0.26320762273538423,1.1754841611644593,-1.634852120296429,-1.2661849286376197,0.09816951109324103,1.2303812632943447,-1.3036585814414468,0.013880171594939174,1.2722864322672691,-1.4891793089984793,-0.6854294853754282,1.1720566398270602,-0.866488472903926,0.8611840201085293,-0.3431464107277435,1.3489902992447582,-1.7020769850467703,-1.2615437208963742,0.04292110430884566,1.1837059767979705,-1.2889777630782078,-0.012524383911877749,1.1627193746352438,-1.1833403174372847,0.5395287864079598,0.7464968981883983,0.3107511090190887,0.9936784242749168,-0.3507623287403816,1.3900437824510177,-1.6397210374406737,-1.1917642571097662,0.49545119671555027,0.7284174417711431,0.41506668540934916,0.7902468075099462,-0.08393486304141905,1.3425565151650962,-1.586903465611886,-0.7763692040040678,0.6543529275406145,0.29566513404434847,1.074255405825039,-0.7391218606937766,1.0184040155879905,-0.6916624951248096,0.9801120263629836,-0.503278241569919,1.0988049695988946,-1.2491353657656512,-0.056278412048025236,1.265679283461702,-1.5157617685249247,-0.8273361163809623,0.8725272210354597,-0.3605537738641049,1.2604589781992497,-1.4768497566100822,-0.998282216133691,0.4109149120205599,0.8004282355586011,0.24060481375773746,0.984094136207642,-0.5021087908096038,1.051832281393257,-1.2135949619515143,0.12015495253081834,1.1210001060571972,-0.9387524015819265,0.647516469862017,0.3031157139689251,0.9929886981327979,-0.3710272722601935,1.2781365696813705,-1.551089658617474,-0.7565617408701071,0.8145149069611662,-0.0866419832822295,1.1399215400544287,-1.5958820084839875,-0.7237276112653912,1.0391585314778808,-0.7936877416628111,0.9901058275196849,-0.5514126143184152,1.1509742857588623,-1.2752712678231197,-0.04978868941030231,1.2203856781575764,-1.6019253408336565,-1.1850187864016635,0.36172421212867073,0.6643032852745744,0.270329608575418,1.0149836249222832,-0.8692089515008655,0.8893849419703412,-0.2778334122057735,1.2519995344879404,-1.5345984734516374,-1.2313560593165838,0.12512590136846513,1.1187993191503063,-1.0577798501141642,0.48900596059366885,0.8812433004888304,-0.03123467792535284,1.2912692094143265,-1.3253221266573776,-0.20093590376492768,1.2972861272341434,-1.677557852863077,-1.1743074141139738,0.1317060363701316,1.2823102192222597,-1.2093915048763355,0.09306950403695395,1.0042201783215852,-1.2423121556926497,0.26675288583327206,0.8817833649534225,-0.4148745223022695,1.1566472501760392,-1.4580115159907097,-0.4822848274587918,1.32323629932662,-1.4920027831173257,-0.5059065421996263,1.2076446159669,-1.2078473095958278,0.04576323658951974,1.2347419893203726,-1.5235828117046666,-0.43794072893705316,1.2604317553007331,-1.4903376503731063,-0.7514851713499874,1.1060673248268997,-0.7187082072933213,0.9581058786919834
chaotic_008,chaotic,3.7,0.35499533671124145,0.012128170821104746,0.20746214520410747,0.04750368764197752,0.1994581262827489,-0.03506089278674679,0.76996209340778,-0.35568733907694355,1.2255743461103126,-1.4750227217945675,1.0208763617103407,-1.1804612227699032,1.2844850722181416,-1.846673497423177,0.36299480449144067,0.14672083403393896,0.6851194647407556,-0.38620519532852093,0.9697835882131413,-1.5916959026015283,0.9924291983587328,-1.167864041311667,1.103966853266922,-1.767447291633539,0.6989508174985785,-0.29901049088763587,1.258526294331742,-1.4083492656533914,0.8227961427196985,-0.869777623092335,1.1963159849569023,-1.8681267185477972,0.3407845748581004,0.2065001477638033,0.2124994721542069,0.12490936054484773,0.40000498007266816,-0.07950364322622198,1.0973314829381942,-1.1784376028028885,1.2592231223113752,-1.9823092761540764,0.37294949111362735,0.13963775500121783,0.6637191373029317,-0.24389224900437687,1.0938168759707305,-1.5479643362202589,0.8085252043199831,-0.6450482340133181,1.2217330138708267,-2.030524378521049,0.2315276165550303,0.31691853604641407,0.19449631836000805,0.6404182813434911,-0.1582295517116718,1.139108246104905,-1.0608858146211833,1.1429607997612257,-1.7247596797681497,0.5907950464967385,-0.38286485063378656,1.0608182052939772,-1.4237041224326792,0.9064053071935444,-0.9237083368590712,1.393764975545672,-2.2680636599829573,-0.003653821130217954,0.5518647261513612,-0.0023252491856686278,0.7838757447568682,-0.7608347892304578,1.240123270328187,-1.7510879100142145,0.45161457583491044,0.20193949417306745,0.4476622030132556,-0.08528188702432515,0.5917706383453533,-0.7122980029935305,1.3530555048380977,-2.189987457378622,0.16454467308606727,0.30483578180100285,-0.005195760249571257,0.6334846400918256,-0.5384607212431939,1.1424583906242953,-1.3960877483129321,0.9607034280259128,-1.4535453084226275,1.080755977777088,-1.6384378405156237,0.3763574875040488,-0.421333936928655,1.0038681622279682,-1.5079768709560584,0.7995507028727221,-0.8536296051512012,1.3316846547392174,-1.870022963101672,0.17360636911057586,0.515442526313772,-0.16736183560268036,0.8909415677142436,-0.7358969508183212,1.1958291290344314,-1.9823852270872364,0.16500958586622447,0.292994692314695,0.4527468755733949,0.23781296678535876,0.2964821341642347,0.012826400230669902,0.7905356940513016,-0.7164166615011133,1.0959399102954797,-1.7434594022780436,0.5826872684913352,-0.13501552347776974,1.131614952888548,-1.052282221781339,1.2946872160924003,-1.6390443368075547,0.4146866017008077,-0.01798226515632855,0.7111356594726196,-0.37567193620228834,1.090592470015302,-1.7543890021998885,1.0251294990239557,-0.6814599105358393,1.1913359482141774,-1.928093917999523,0.24270940016964257,0.3580537347713765,0.21584799482799602,0.4006312937994296,-0.08724166987874966,1.0816128636685503,-0.9079073416255135,1.230522273714963,-2.081545687177907,0.1927181857558625,0.39007959248982677,0.06274208230431252,0.7066915746909351,-0.4752853107831278,1.1451785549417177
chaotic_013,chaotic,3.99,0.6394704739941915,1.3176172720605486,-1.5481972127270296,-1.2353095671539984,-0.6547152053041595,1.1378676376844663,-0.7858438340786961,0.9772967582951871,-0.18122477546911067,1.3512718088858828,-1.4900557094649693,-1.1686210853729069,0.01867293210620932,1.300621041203631,-1.5221168855838632,-1.062059816942049,0.2588956565833005,1.104048426321233,-0.9158761961315566,0.553345845485492,0.5741124607163071,0.74684006253157,0.39153622197947935,1.0503339086018175,-0.35471240702942003,1.3047031702380492,-1.3251248953503996,-0.60162160073467,1.0345252827754319,-0.4570756795271932,1.047638448732887,-0.6561436579064005,1.066757049530977,-0.49345162582547314,1.0795947943461366,-0.8478032305670395,0.5340424529026923,0.6682685614765806,0.4018949257833395,1.0915695240574033,-0.6263346476170113,1.2251265484864153,-0.7236409078919328,0.8238351624590613,0.2055686754502407,1.274714839552413,-1.2842304913819897,-0.44478875049384237,1.286263184360023,-1.203065558380653,-0.2517275095077132,1.2825990670891672,-1.5224453940315632,-1.2496911439650864,-0.3734419169022844,1.226929159735797,-1.4380507023640725,-1.1878999040877536,0.2886565967858488,1.0899949609193313,-0.6831874211890361,0.7977982499430006,0.14276428958107498,1.246245530533321,-1.29354753700848,-0.41625296234034953,1.1805907873661132,-1.0136456857214355,0.11781351706615893,1.2327762647064988,-1.0432596087150068,0.15264185777014616,1.3778749666978862,-1.3216281681319935,-0.46785765473045227,1.2058587051811518,-1.2431697523993472,-0.375774413456155,1.2575424985069363,-1.298215261231977,-0.20583791383279876,1.2569507322247544,-1.4622041652475615,-1.0793689959798876,-0.2850895009425996,1.3438810719829501,-1.4790507117797562,-1.0622460271177885,0.419808893928777,0.8117833748904185,-0.11465829108355587,1.4343680182862453,-1.5209470375963572,-1.2491169884430224,-0.3909979584067376,1.2632788305749905,-1.256543301902926,-0.5052821621835993,1.2001934934636163,-0.9441496908062403,0.4821912639269657,0.7158349765976354,0.0550844962462691,1.2029066376483735,-1.1070240917946563,0.0052892442454406585,1.2810081785304985,-1.3467509461038676,-0.7465116307526742,0.9844069018801037,-0.4784694641796158,1.1921765254552514,-1.003265579051428,0.5079320712789451,0.8679224080329285,0.20176094230032796,1.2271709304763596,-1.1905878650837405,-0.09507956754545943,1.3668672079739486,-1.5546862776379746,-1.3442354036201831,-0.7145335334311353,0.9389559517562746,-0.058265661133136845,1.387096541805966,-1.5195357795962168,-1.4496870900510195,-0.8969156178991691,0.8721848302253017,0.23750593607285378,1.0722384735271913,-0.9963149664179292,0.5029161216212314,0.8586630207668544,-0.05433059743078284,1.4138318584175724,-1.5944736952164715,-1.299703395595496,-0.3006293469662907,1.329480182208144,-1.4087941724729887,-0.8606447206395434,0.5510638291304283,0.7646260560286157,0.3135307902928822,1.0603674764590958,-0.552098620032866,1.1233192122299025,-0.6882026190880487,0.9043965788043019
chaotic_059,chaotic,3.7,0.34269906880197104,-0.2858063324621742,0.7349420135062563,-1.1245550516607632,1.2681125500698023,-1.4966830255424082,0.5751322188637451,-0.16811485524627698,0.8926249034520433,-1.5177078773018278,0.8224430715527526,-0.7107908701246488,1.3755248183509354,-1.8358647714512246,0.09066637647573907,0.5720375145693126,0.06529803169618041,0.6106441969311199,-0.790293140226763,1.327538076310368,-1.8716378886852232,0.22251851964130526,0.2642636108884593,0.4216633149910919,0.20216298884841014,0.35618002913823,0.16823636241522763,0.8997954761078597,-0.7076420098491674,1.218111769812593,-1.8753427794963882,0.14236763080221154,0.47265299215444956,-0.018031083014599523,0.6438579677122073,-0.4297898640412262,0.9868282646205491,-1.291954940378416,0.9041829459124371,-0.8940586240530648,1.0462668248719826,-1.9408796602491947,0.3388252038786278,0.3877600517847368,0.03630628780793431,0.4748983775524936,0.11866186575917456,0.8068834547736456,-0.456623703120574,0.9286290701287582,-1.6875991449974748,0.6270589347653138,-0.43233423544201854,0.9379344680599099,-1.799808445804182,0.6372180614751208,-0.005154651366991214,0.882748538021228,-0.8156973086393289,1.0908114813217962,-1.7641475858487765,0.2745569966473589,0.4280148765914942,0.04651419746810327,0.5980928603785802,-0.29344319639021554,1.0980157039014713,-0.883432968547848,1.1928695882822087,-1.6659806067827991,0.47356360136247627,-0.6248143628304204,1.3279902104062522,-1.8027694759099875,0.5438915851518219,-0.1022570752355306,1.1081309380736248,-1.1135578380922653,1.134492489939469,-1.677646384276372,0.5482673106073633,-0.2806564254385144,1.0609117059188886,-1.2272574617669576,1.2835938834580027,-1.3692795272003495,1.0468118570829545,-1.1170451504455094,1.2580213883177163,-1.8596766638607662,0.4866232630925362,0.16120149869564088,0.6733880411062637,-0.12897159446183643,1.2566237973733632,-1.4155108033364858,0.8837592183669569,-0.52431307271176,1.1115439561804787,-1.7861942780384747,0.14276642576595042,0.40826327662904505,0.1240105055986361,0.8195104193727418,-0.543832065631928,1.115623452277739,-1.6493103608513708,0.626434677521436,-0.22288331220013782,1.4109659204075713,-1.379808475160276,0.8583086714899562,-1.115624426912935,1.18514442068973,-1.9056711265631014,0.45304845391256365,0.21407565309047769,0.5184233085532762,0.05926962716545274,0.8629539694413536,-1.0157407037459922,1.2727734739417194,-1.7176369456835252,0.5517375819117342,0.17213963037735402,0.7196955104415761,-0.3138631716149529,1.129499754189431,-1.2155863512801752,1.180348396261609,-1.4444380858717059,0.96294113083153,-1.2444542147153503,0.7656346629666819,-1.1890793372031792,1.1878916117122313,-1.4847726492835165,0.8772355694535996,-1.0676924422661174,1.1749796819209595,-1.8894400178382817,0.29997393795700533,0.17872678857109459,0.417651983306035,0.078830154731613,0.8334048317758642,-0.365096692129723,1.1326251468847262,-1.5223801261238843,0.8226229660784723,-1.0255435892512053
periodic_071,non_chaotic,3.2,-0.9162907318679084,0.8989968487005238,-0.9391991959480144,1.2437491685588775,-1.057045890623542,1.2398846940664432,-1.101361378876726,0.5431434294726356,-0.8905979763449621,1.0954560045027766,-0.8916709101343457,1.1175020065314696,-0.9682640434618615,0.9830194403447127,-1.0262874925913712,0.9546595039417818,-1.0515687260208717,0.7646471293275021,-1.1660737736736793,0.9964398245997256,-1.310494107198379,0.7369598241632199,-1.0422683114087763,1.0013764765403323,-1.03932424417045,0.6846159141873517,-0.7768431678628992,0.8173760322113136,-1.1103422841615254,0.8419201237341276,-0.8124874554333817,1.0787175993628242,-1.0618178801643339,0.9429469365844599,-0.9699743124204679,0.8440604441481139,-0.9416762840316973,0.9422450728173455,-0.922135320613245,1.0877639106074595,-1.0787517903844384,0.7306470987245522,-1.0299645282757246,0.8155130422695417,-0.9841775552167171,0.9833350388394746,-1.0779616056820667,0.8371658102487581,-0.8282780538386335,0.9556047741161019,-0.6641616006678266,1.0243446048279787,-0.9457772255531444,1.0249470955983295,-0.9471865451179501,1.1731540918713785,-0.8398933177390713,0.770897299517808,-0.8748854750436982,1.0893700856811155,-0.9901907351442604,1.2603589223046197,-0.7486541094261079,1.1466927066188721,-1.0717066737568464,0.8516673875260256,-0.889108233407483,1.2106950608932772,-1.2806396855855036,1.1722547555661753,-1.031095668923196,0.7649329881678383,-0.9292037058080594,1.1473666364877606,-1.0446692910223954,0.8706777924848734,-0.7543765526745112,0.9253641087455262,-0.8321210966013376,0.8065687428444306,-0.9367149753112658,1.0739465911052744,-0.8723646154544891,1.2294693047509053,-1.1097047949052365,1.0926951994774936,-1.1874942259589107,0.8255801150556218,-1.0766025571915963,1.0770163300824847,-0.7593318768763153,1.2809542956311366,-1.0451676878981713,1.0624143517017643,-0.8625744986500264,1.1271075963641206,-1.0190800262976223,1.030137324896997,-1.0107408722070446,0.9901157105344107,-1.043271141927517,1.002596547336632,-1.05233169957036,0.8596955807616412,-0.8738890273439274,1.0920597249366115,-0.7312336541064417,1.0714158090107544,-1.0538997718191498,0.9313011955129493,-0.9885765465757271,1.0972112079026664,-1.0296670332715252,0.8125890090217474,-1.09920704645833,1.02196640058253,-0.8910941938613713,0.8103990821124434,-0.9579472149224068,1.050538529947851,-1.0587697346321157,0.9368600612676624,-1.09882908913379,1.0392397515698304,-0.8367149402511491,1.187939570236586,-1.1533661342214958,0.9931257503752273,-1.3038317144195164,1.0347910462046856,-0.9111607467055631,1.2404395250735283,-1.2465659911605906,0.8663580523320726,-0.9749624617581159,0.7917493758567887,-0.9710127120314999,1.1070770018031304,-1.1754967502573077,1.0380831985685148,-1.1657787578483874,1.212930853177207,-0.9661684106632831,0.9293838639609361,-1.1694267541480572,1.0741776694657263,-0.8042005207919924,0.9108923883438831,-1.0570911183040073,0.9136164801270531,-0.7764074208824839
periodic_031,non_chaotic,3.2,-0.9162907318679084,-1.0687289627943695,0.7278315646190318,-0.9563076287072467,0.9609523204706324,-0.8369213033936148,0.9662230139627175,-1.0369113007125428,1.020288606144859,-1.1136515637015933,0.8724492616847672,-1.0442070918068878,0.8341433516515134,-1.0624645564936983,1.2321287130252954,-0.8854941633696661,1.0050903293018552,-0.8146570426031174,0.8474342940639635,-0.684021378208864,0.8981423186807416,-0.7517400452652138,1.2404561207219118,-1.2745589671710573,1.1663811756500215,-1.0700922791806708,0.8831876493036148,-0.9575770302980087,0.8219658337142919,-0.9607276950797778,0.8313061885236269,-1.0059423781141843,1.148050045972883,-0.9767974614562677,0.912156979217521,-0.9552429463031786,0.7665026183346005,-1.1473178482413176,0.9023493855960658,-0.9210883003886012,1.0186944594206124,-0.9561119357811222,0.9584141215081964,-1.1402540656084483,1.1693069290109281,-1.1276873003603252,1.020536929252307,-1.0461844316259963,1.0405692085999476,-1.1148421818779606,1.1087123081140922,-0.8387868262563934,1.1001744405875604,-1.0086495376119464,0.9016737511064213,-0.6378668121538241,0.8242328145757213,-0.9079547316086263,1.0085340474369195,-1.0392867926741134,0.9879913765661728,-1.1015844324332742,1.0216524967165896,-0.9864958132964389,1.334839579770318,-0.8815715296070641,1.0340134535238468,-0.9504910277310099,1.2182096853226911,-1.1656261862487565,0.936796008765701,-1.2959765300436872,1.0399820587680235,-0.9125546874522378,0.8236795937134027,-0.8308823994239466,0.8621872084124678,-1.0782411867871904,0.9788630721940721,-0.808740199451376,0.8428001168118968,-0.9900550895851742,1.0700489281871515,-0.9514774817307402,1.046470572482541,-0.9246159411242618,0.8850308896253889,-0.7957173833916922,0.9467573534355053,-1.0645175075260158,1.1497565210464162,-1.1183322303443555,1.0067936492726037,-1.131171961751121,1.3127946420181822,-0.7093181360478936,0.9468837662503221,-0.9582423338987347,0.9629481937180825,-1.0790944129520272,0.9788721986144934,-1.0362342373042637,0.750612641380851,-0.9939826377492196,0.9563392412226056,-0.9871392807050323,0.9514374387253085,-1.0807281021990356,1.083974719425515,-0.9563947104707976,1.1564947675146944,-0.9617389961450762,0.9347262098850784,-0.944756412298487,0.6866078351589427,-0.7378418506245569,1.0004066012617676,-0.7266012802912667,0.8412488968349826,-1.186112758574321,1.0131329739913402,-0.980134897649832,1.0092938304485313,-1.004725179840839,0.8748175184700879,-1.237282344420254,1.0016270681847135,-1.209066283550618,0.7706041326630627,-1.0835519425414746,1.0221539419660712,-0.7539730548059047,1.098495677712392,-0.8311415702643592,1.0531863945675735,-0.9795338806120515,1.3109236025393536,-1.2146692590662176,0.9047205902777566,-1.0772269611935639,1.0865695800716495,-1.1667881765037216,1.068461401290705,-0.9499217493711974,1.0754078310713826,-0.9199231640959857,1.1762930009047152,-1.0374321071480042,1.0359999430114837,-1.1330804569434112,0.8279663399960385
chaotic_017,chaotic,3.9,0.4782671886543474,0.6357414066261412,0.21523539508540732,1.1653986262516811,-0.9739252773803347,0.894125385882251,-0.19862026291951915,1.2943633052124677,-1.5579101471449088,-0.6427232664812611,1.080422005180746,-0.8161748556992482,0.8488984906362941,-0.14721410608443286,1.2157410042450907,-1.4418322600711735,-0.6661050488576055,1.1331811139134003,-1.0515768955594267,0.7202493378765625,0.03154052476449195,1.2347210108358526,-1.5121322180476486,-0.06673368320173073,1.2190331141895183,-1.4332531354961828,-0.5296695541277902,1.2310677738467777,-1.3138350536599974,-0.21124032324295744,1.1949387681079646,-1.5601191159029995,-0.5294121314061199,1.0917589892231427,-1.3699732769182762,0.2259546992379965,0.993187149323471,-0.802891141205498,0.8788470687826456,-0.7252299686076557,1.1014313498851867,-0.9355328960587808,0.6401169562157273,0.2605164382236105,1.009636098191546,-0.890782484254765,1.0188468284428716,-0.41742953280302414,1.222174597462506,-1.55033217840573,-0.47375712585515384,1.2908440945073096,-1.3624128388514467,0.05422022149486408,1.1477585138376718,-1.1949150773366572,0.44532808584613953,0.6414795573948097,0.3389027116031971,1.0031696920469348,-0.4707404111389119,1.238279563445654,-1.4733093373191692,-0.5353301814095287,1.2707016588040783,-1.448434088795444,-0.3511038551321607,1.2193961476894077,-1.5325855792838068,-0.8432242244071698,1.0421604631090329,-0.512633597876707,1.2594462809096392,-1.3145903294707533,-0.44039791958232705,1.1492660204668135,-1.5141164152397657,-0.79670840534443,1.0391105544650736,-0.8388248764595642,0.9922041088834024,-0.6611903884308794,1.1578139382397161,-1.1950067901847603,0.18305855170090998,0.89455793754465,-0.5225968606788114,1.1357350668501145,-1.4652674481073136,-0.2646927774573215,1.2559649513213376,-1.6451591171538273,-0.8306342590772895,0.8947881088928182,-0.44605881729819147,1.329104978793734,-1.4817357113442458,-0.2777755871374034,1.2663262602191745,-1.602204023692942,-0.7231401392038658,0.9751083681110875,-0.6186144815077816,1.2594803944306254,-1.3527616192459433,-0.2791695331692338,1.3478944809012723,-1.6714472497720516,-0.9231364021578408,0.9531919673880883,-0.6244574945956526,1.2100301127005035,-1.3365079885193776,-0.3568010707071024,1.1940485154502987,-1.6818177828844398,-0.7905868616724616,0.9665127380277121,-0.554429663738584,1.1945160807713153,-1.0618691513273406,0.5266412472427316,0.5434309731131877,0.45960593385423304,0.5748265782342984,0.4417365379565576,0.5758940301854977,0.5890099671912151,0.5436190086202555,0.4815120840755655,0.5885072106034374,0.24017804363402753,0.694599126354254,0.18125680763901836,1.0106069025308828,-0.671016383088699,1.0607457842717407,-0.9552611918706629,0.8614422632073993,-0.29776428188114196,1.2900977871573736,-1.6168312367078848,-0.7616243214470314,0.8649441797470008,-0.47618621134786066,1.3213246421534817,-1.5725452232696666,-0.31658436050291083,1.242113521193507,-1.6459704670155053,-0.8710422192203101
chaotic_072,chaotic,3.7,0.34853003261369275,0.9959141710344772,-1.9207513253085784,0.44440941088251323,0.23191270545969989,0.6803781641985466,-0.27348157892483504,0.9631352749302939,-1.5650712023643816,0.9697827296457301,-1.0088932121022887,1.3265535190270228,-1.9375821185621263,0.2250092945740189,0.39230992235119316,-0.06586919358168757,0.8398008336702094,-0.4150204518648679,1.1721198332875817,-1.7630791343755057,0.6481261874048476,-0.41093989071723575,1.1488345521478627,-1.5645881978197533,0.6782441767474701,-0.8270974762510889,1.2279214039966104,-2.140494349621373,0.23526239213841108,0.2632555515965375,0.28221352105892755,0.5605507487422542,-0.05197509111677015,0.7383298890271418,-0.17425057647704656,0.914688926563109,-1.1382485177867896,1.315101999028094,-1.9596982983785989,0.271289725599213,0.106237911244624,0.2717152416165489,0.3995629522376378,0.2041886759031397,0.4927922053606677,0.22806972851215312,0.48364022751345476,-0.058033563275190124,0.9470413147843613,-1.1592973917257758,1.1666742240388195,-1.7706151449683305,0.3120245865946393,-0.27986260422317066,0.8529629613639802,-1.1242829354651234,1.2423772459132683,-1.4876169083740174,0.8073564670136737,-0.9700256357086354,1.1725755993161933,-1.8336750374067254,0.10519273272768515,0.23368673918859365,0.05464835990535255,0.9090976031359487,-0.5408293881272074,1.325276048308752,-1.8654938419504714,0.24960229617476243,0.14738045677831663,0.1710077620801695,0.531375767806169,-0.07283124275600106,0.7611136882897558,-0.8366312117105933,1.1329238611769576,-1.8249302365329276,0.38964493194598904,0.41092135475245734,0.08314414658310071,0.5369777350054747,-0.338209765206674,1.2649111398094268,-1.7364978868363103,0.8576451337743268,-0.7728801543160263,1.2890803793912566,-1.865300905245473,0.36745409223692355,0.4473926841937636,0.00705848674031553,0.7859097991497905,-0.8015249033450038,1.2568244786962253,-1.9376487875687027,0.2299356170453551,0.32166746860550915,0.01688176783097155,0.5794022903052574,-0.46359580077086937,1.1103582295522674,-1.5074933985685353,0.9509215073147734,-1.017993958593265,1.1742258947944295,-1.8522003059536336,0.19126230609251535,0.41292588402896785,0.04080865389201594,0.7403766786143996,-0.27968463077743216,1.1972122693084841,-1.5712148636680001,0.7421166275249865,-0.6751481918458078,1.3208156406362188,-2.0691987091111113,0.30975177147008237,0.41468857379879864,0.08541944344450328,0.9145725171684149,-0.8114764853957543,1.2842193575843543,-1.9175180205314646,0.480542730302824,0.30903470600408406,0.2510049973428509,0.5570872920327478,-0.3543026897125793,0.9487953684721296,-1.2124443774924925,1.0278049913131195,-1.6694794244326636,0.7681360958513442,-0.47218770898709395,1.0959049480911707,-1.7672164382829052,0.6031324929375605,-0.3153114819445269,1.155639356894172,-1.4281510831799287,0.8123885980120471,-1.2373957391084887,1.1639123530232824,-1.63951352109433,0.7350518256892962,-0.17350813547874644,1.0677471239104752,-1.4023414966693981,0.7862252903285216
periodic_075,non_chaotic,3.5,-0.8725073457385807,0.7459650716618862,-0.7011025063161723,1.0078415600239679,-1.1924045064122768,0.9509168018537493,-0.5959614744442318,1.074514317531132,-1.1433870686587941,0.7527842643209354,-0.523053245401249,0.9793548152267578,-1.4413677577269353,0.9783331829659829,-0.7586758108471913,1.087414236110833,-1.3469192281987286,1.072673575135411,-0.5193718128596702,1.222551254983459,-1.2411428007955256,0.9419702732549067,-0.6965725681712734,1.1824441493012854,-1.2883019956851884,0.9990569994653695,-0.7351171427404828,1.043557093806622,-1.2935871614380579,0.8674701960793529,-0.7282482252882148,1.1224331153206237,-1.2949536404085975,0.924021121698115,-0.5480520372817574,1.0837100823893626,-1.0398315258838222,0.9558477211008528,-0.48946591767195663,1.0705966867712824,-1.406524361666769,0.7825412268723453,-0.748657579893326,0.9863069196413145,-1.4570367439425853,0.9461239123032457,-0.867355598506334,1.1641725782759673,-1.0429295378174845,0.7757177158717445,-0.6549277284725517,1.0387046326536582,-1.171323856934052,0.7363927172066106,-0.7040144788516265,1.1823476430664213,-1.2541127432631634,0.6953532991142375,-0.5742052458117508,0.9538934245926266,-1.2420523616602623,0.9043486542723199,-0.680230935408321,1.3162032299697815,-1.1801384382735567,0.8301559777286218,-0.6345985624285461,1.0962234500586965,-1.2453002972957237,0.8723220374162995,-0.7325855630735714,1.0965029301900655,-1.297269617168311,0.6700644207131923,-0.5837939194029946,1.0229382898138786,-1.2361308088394893,0.7774105378691035,-0.7605756994744148,0.9781821788879433,-1.1598668184315675,0.9617257371985728,-0.6891072547528745,1.025659346590118,-1.409512019362744,0.924459916657199,-0.7555022932227706,0.9707844515144054,-1.2467280194380683,0.8177013894528534,-0.8350352465726184,0.9458838957977355,-1.217685892917662,0.7873090512288592,-0.643332031617449,1.0902300264216889,-1.1504868118431963,0.7706317659020742,-0.6695634167359094,1.1367064720490228,-1.3086799032389214,0.9558169014106082,-0.8490443877409992,0.9976565377904344,-1.4105155374356388,0.779730604085837,-0.7061687258714517,1.1549689760598225,-1.264170866190521,0.793009888486601,-0.8379811039809636,0.9616243815078315,-1.2201751195517216,0.9325903176909426,-0.7311806149268975,1.1908382055187428,-1.339273958963202,0.8123694095216333,-0.7204933565944712,1.220931277756806,-1.2368612017615128,0.6793044015824499,-0.6016141162655477,1.250846146693478,-1.2730977154723506,0.7644943111460063,-0.6098743141572746,1.2620306125004348,-1.1692770878599987,0.6958845918567337,-0.6202307024506202,1.1145839297414892,-1.3397193945800414,0.9710916839503555,-0.6501282638867644,1.2006623374768681,-1.3498177821363395,0.8869707578816765,-0.7761570841773916,1.0997887264994748,-1.1098758635026453,0.7144648972763985,-0.8209477020450023,1.1666862055371112,-1.2508286066094787,0.9599811694203343,-0.7678578440068902,1.081219028924258,-1.1844562550868991,0.8691476075794249,-0.860619438424899
periodic_034,non_chaotic,2.8,-0.22314355131295646,-1.28034467302115,-0.3910272309865193,0.11944617792911387,-0.24173510180005403,-0.7574840481585253,-1.811718351729,-0.6846086105826379,-0.9541429578416379,1.7008024719405506,2.2898985417570725,-0.03992456852594889,-1.4022720143611394,0.7537950065076398,-0.9759689036593593,-0.5413894796974137,-0.6215612879352139,-0.49242279213242157,-0.34573480581158245,-1.3104524536104911,-0.6951783574663807,1.0374404313872023,-0.02258312826266832,0.13727124456099157,-2.23488671917684,0.9648330858690153,-0.6785824707515551,1.1421087667454384,0.16641150859140766,-0.5543516117143655,-1.6769954549815924,2.1994922970015507,0.8194018556603538,0.8795993803089656,1.8412698868392299,0.23665593364802684,1.371954514718512,-0.47035661552368613,0.7533265512024536,-0.6228161554313228,-0.49579668713657865,0.10878268718460253,-1.2640639839544319,0.3426453010156631,-0.30270801848727746,-1.988684327508818,-0.4493137659603329,-0.33600941672903334,0.8692980609890255,0.29814522018745004,1.467615436201608,0.5345112337574505,-0.5462091519918592,-0.04753910357469383,-0.33902128263005094,0.5021755312513322,0.07137408240914406,-0.6212695657313431,0.01983528553284296,0.4752174665394643,-1.0014708653308853,0.33015297445293923,-1.5772753735515048,1.1235976558428218,0.5416262277745555,1.6505517197692379,-1.112327874841757,1.1516506528374493,0.9527551749984684,-0.17217870322435222,-0.3677936363265017,-1.0806827778881414,-1.342960223737789,-0.7447037471726942,-1.252368755142306,1.6167833897235728,-1.500169766489641,0.16099887834874202,0.4495842052901032,0.3708941268521554,0.45922702147450495,0.9634411803391291,-0.43750136038898096,0.09927425159972746,-0.2841974250864158,1.321771274913413,2.1240480512986095,-1.1901440012634479,-2.03249410078012,0.5838367089619961,1.0881812784146772,1.98027479794422,0.7536403000966003,1.415603999214775,1.6815199659998228,1.485027980960238,0.8977974643919011,-1.2789663317371518,0.0027679425225461906,0.31307776736999277,-0.08924600065711105,-0.027160309333017368,1.5881125569303396,-0.750335765443237,0.8151809742111069,0.32958232646539387,-0.8516599229744718,-1.0720853191110877,-1.7006665823948057,0.49976487219613974,-0.05245480301325092,-0.8197083643727385,-1.8765387827058517,0.4465714425929975,-0.16362129551214286,-0.7069304789759192,-0.9588268612542115,-0.22887064745680358,0.4840878666847542,-0.32084438690395456,-1.1847030902345677,-0.047303246897181156,1.0632021638450637,0.051698461230836885,0.08002872966400519,-0.3165036505195961,-0.883990274369583,-0.9174296340038226,-1.6609612671218146,1.199720536508771,0.4764988615119686,0.09417909443712753,0.3085943282911019,0.3528130373933518,-0.7279124000600112,-0.3160945055477836,-0.4659630010571349,2.5381541577174738,1.0376998210156028,0.18010323501173475,1.3856228402725166,1.2585448934761159,-1.3778897565261385,-0.21305142876268024,-0.005243895638966683,0.6264955707710437,-0.2141979475605591,-0.08795956706912705,-0.4530235338571784,1.0666108328674153,-1.441094795060911
periodic_067,non_chaotic,3.5,-0.8725073457385807,0.8252443065126772,-0.6793110087443432,1.2097986174321196,-1.2948416016624262,1.1007739311146376,-0.6253552575123958,0.8518320211609807,-1.3948981192730132,0.8709282009478659,-0.8057918873652423,1.1282374751924418,-1.3000849130120222,0.7350582372703547,-0.7887932713825043,1.1570696658050317,-1.4488750503148629,0.9475731927346238,-0.5954480762346857,1.0448699843284348,-1.3902292891422292,0.9011684195031985,-0.7434486127088807,0.9326332795802383,-1.0760430891406005,0.7646046654350834,-0.8369190703100307,1.1033210585204027,-1.2634964488107536,0.9893795867030267,-0.7334132015711499,1.0412148094182234,-1.2252777539625612,0.8673804955432962,-0.6755215168797373,1.1020790112942536,-1.2414547799630242,0.8089727280656264,-0.6183806087341043,1.0421685721763723,-1.180796693788585,0.9800470362878052,-0.7615760014291002,1.3042807146879254,-1.3246316068746677,0.7815794095393876,-0.6461324852250386,1.118161121960857,-1.25025396093519,0.9260473314301646,-0.6733793650657011,1.2721620431319731,-1.26211002312595,0.767441579178136,-0.7496449453760293,1.1209830832420393,-1.2109865075219879,0.8680402473720983,-0.7778811040473803,1.1814126337584316,-1.073402376438927,0.8512337484248326,-0.5256558184341213,1.158429577905252,-1.0466925695675433,0.8932776819467902,-0.6843807714575955,1.1561677248668807,-1.2981748315810682,0.8870645928147052,-0.5711577264976565,1.153997274751974,-1.2599986460735701,0.867465610791962,-0.625492011142773,1.1449835425851151,-1.185943957595549,0.880647401092677,-0.7755145562633521,1.0132249612674482,-1.213336556012421,0.9272997146220715,-0.6307772007888076,1.012270730239649,-1.2713966505138319,0.7371203072098129,-0.8292651788875395,1.0840188818046135,-1.1282860940706936,0.8579258541487601,-0.5164082052339692,1.0607332487406023,-1.254103370260477,0.7544977093413316,-0.7302580211935087,0.9634660363853439,-1.403588590455014,0.7372480626863277,-0.6892475713667093,1.0064404331956347,-1.30446008789218,0.8873256430982853,-0.844186606158548,1.0839768546722777,-1.176650778141748,0.9370754229624944,-0.6483534735816574,1.0713454034082068,-1.3162047806383055,0.8406536066524094,-0.5405556293916916,1.1021847050617966,-1.2671976028119265,0.9019107051815084,-0.6926184192103809,1.0977023655684772,-1.2804564583611149,0.8091192414208424,-0.6028947346825222,0.8913655954554977,-1.2116834126309246,0.803258065245186,-0.8779809590817047,0.9838830120788972,-1.260481119255399,0.8580846954049652,-0.6271676598593273,1.1529076091419668,-1.4037192187594325,0.8842566812198247,-0.6282543160434835,1.0970509369245864,-1.2094229832802075,0.6652255556393502,-0.7912230324784494,1.2058185954957592,-1.2835846039142442,1.0592522001214546,-0.8185501881023133,1.2245664415071225,-1.314968995093262,0.930236840125074,-0.7253406282799076,1.0872615367748457,-1.2005952856264823,0.7903059457492433,-0.6213741164686006,1.0510836759665072,-1.2401810336596848,0.5976536888497911,-0.7293185005230297
periodic_083,non_chaotic,3.5,-0.8725073457385808,-0.8353229670009645,1.2413361812852204,-1.2828003468263984,0.9345033655523801,-0.766414150272657,0.9219264357095189,-1.3798020174376426,0.8156076345886275,-0.6469650221682715,1.0773916043527887,-1.2791860485718918,0.9527949408557145,-0.6963973780455526,1.1009279502636296,-0.9609467000609514,0.8461810599090577,-0.7624669866992106,1.1199749132064591,-1.185991736607113,0.8754388060145821,-0.681729151033824,1.2147738004560447,-1.1269920269013376,0.835855168703875,-0.7575105133649804,1.1150746435759178,-1.3169626624849273,0.9307479415528463,-0.6564363668015681,1.3272329683612507,-1.116004613208676,0.7448085667863485,-0.7457035436444341,0.8932283396509378,-1.4578929311899218,0.8577190946620149,-0.8094785319805643,1.229823404692506,-1.1458644650032046,0.8212374394109238,-0.7276695326734617,1.2150712798488785,-1.0931576990016005,0.7586451327227977,-0.7970566548734039,1.04593148039816,-1.2146696031708302,0.7983084553900935,-0.6537704192977591,1.2590897610722656,-1.3886151711854393,0.8047461956937495,-0.827903751611433,0.9952317261249057,-1.2833937387911971,0.7780908481333781,-0.6473546798316488,1.0887306676411772,-1.2271835132983515,0.8179044382714395,-0.7169041619289793,1.0412354819494911,-1.279036749927603,0.886613320549156,-0.8786986677694256,1.1017002105050981,-1.3377443357662655,0.8148595898818771,-0.8444290357178881,1.0404798377006068,-1.2291845485780974,0.8902182100010375,-0.8089055196340128,1.1131465886209921,-1.1475818717917647,0.8002002855411272,-0.6964989402757259,0.8785913953197184,-1.340424068854911,0.8725545910581997,-0.6061231411293078,1.0176996066043176,-1.0027606454444113,0.8766607443770851,-0.8171449528251149,1.1963069182744723,-1.3741210177586707,0.8780371226717048,-0.7845645726857504,0.9459184468773505,-1.1643990437929403,0.8223468322847167,-0.5332012952235305,0.9780618901615578,-1.4031586936245029,0.8015281098544794,-0.42291626176158487,1.153392254116227,-1.203052423377358,0.9025126769195524,-0.7424896581458745,1.3328492264924763,-1.212123345369331,0.8814350649640711,-0.6033400140419172,0.953889548564501,-1.338749476731266,0.8236972391303301,-0.6027278918693184,0.9515405941454065,-1.2618712185394236,0.8271685678519375,-0.8456459302900231,1.026253447657411,-1.2041545662845694,0.7065083407870313,-0.562962304679999,1.1187521984723763,-1.2227347990657518,0.8477173691255873,-0.8000048339349363,1.0129260040388772,-1.2212343278456805,0.7852443755633536,-0.6787149074160399,0.9893335842415796,-1.2127534793749248,0.8967506728392991,-0.8506925657347533,1.0808110217564149,-1.3995634871365021,0.6707415055689347,-0.7528142393225222,1.3392463982007983,-1.1820816076022733,0.9787445016564018,-0.6389814077433879,1.0938894264128782,-1.1707198368454723,0.7863884554035465,-0.6520377593071798,1.185884241620217,-1.1892739788630542,0.9646067170479022,-0.679297077548361,1.2346420610413102,-1.2752092778380162,1.0474421451674192,-0.6422770837709826,1.0380868803022847
chaotic_063,chaotic,3.95,0.5662029721818849,0.026022462536340742,1.2872767996035717,-1.5650634813750142,-0.5145712056745614,1.2129862191389982,-1.4993103590921562,-0.6256166064272497,1.2336731396806966,-0.9290538683566776,0.7718702705218309,-0.0835044750398459,1.2177099146804644,-1.6168401180601746,-0.9514134527330479,0.5902113766310154,-0.007978955660113338,1.1973441050878173,-1.3319851064985961,-0.327662578874386,1.2041168506729774,-1.712029007009992,-1.35816144304046,0.08413329246773774,1.0994916195160729,-0.9082333384823637,0.8680394694925162,-0.2750461604376868,1.2551805440265231,-1.6737533672712925,-0.9828662460583487,0.5903803124093104,0.504803231691355,0.7225002044283314,0.2783065705212751,0.970388147463294,-0.42576028534278615,1.2095642521117487,-1.6256884778476894,-1.244690744175432,0.3703796976906706,0.8451643486229449,-0.1608502775823403,1.282750319835592,-1.700508053512158,-1.22220349481999,0.0466185921160645,1.0845376248623222,-1.1008045668967248,0.36926663679830146,0.755194857000693,-0.08134472848908397,1.3441986360095253,-1.5645211333895093,-0.7244620771414947,0.9564518590547735,-0.9172731843733121,0.8163632331333657,-0.004848879518623402,1.24030809727023,-1.4420161540955074,-0.5453094136874785,1.231153051033757,-1.174251429568249,0.23177728562703884,1.0789918384379031,-1.080128799323868,0.6800289038376152,0.321391752452768,1.027114959206758,-0.3982974099696239,1.3580678508530994,-1.4646759931364193,-0.5810348595182131,1.06858630615548,-1.2072620054577687,0.1204036132334698,1.0785453634229032,-0.9092000901223777,0.8075229004340495,-0.07226084603910374,1.297126058275357,-1.69194135086838,-0.6251687493478193,1.1982647190874733,-0.9830384837366037,0.4777307235319055,0.7898053520872498,0.18006388908467927,1.0507439192532924,-0.8313877727418001,0.8498193601668501,-0.31058520101246084,1.2555114447949742,-1.7824813741092593,-1.2469298893185463,0.025684449157425356,1.1583193168231107,-1.3493576669446414,-0.02510982173365091,1.282804228999746,-1.5736183023871915,-0.6689952425517623,1.225268233478221,-1.3400867677086936,0.13022696561497832,1.227445592274935,-1.00832949541032,0.45893924998442676,0.7601494546567218,0.23488151759148523,0.9787201659753714,-1.1547978787814561,0.43814012328850477,0.7392562883471608,0.05570447718282859,1.2112336965226957,-1.422204667435944,-0.39507971027764355,1.2407401015795396,-1.6915208729991553,-1.0716398459554457,0.40920975666790244,0.6939822286697382,0.3234322721633305,0.9832928450800137,-0.5119627132673886,1.1440928343471286,-1.5756779286208689,-0.6336457373792268,0.9964640711759939,-0.48258398314158246,1.276706093440224,-1.5170362393494594,-0.8682895519027344,1.0530490484339898,-0.6073176711682441,1.1505502583609184,-1.2227190655745037,0.2353022556250292,1.0099528237395292,-0.9994250548784867,0.8329591885072478,-0.28861617803957146,1.2539138809322816,-1.5769463614639043,-1.0391705692824464,0.5510457441778366,0.6256362613014315,0.5380250168816452,0.723136404454539
chaotic_054,chaotic,3.9,0.5032264976385996,-0.42691781087956554,1.3196939994480807,-1.765505192039725,-0.9374582118367304,1.1537870464367932,-0.977426560774726,1.0205437649653608,-0.7154189270062009,1.1883334760336073,-1.1592716979978026,0.40992396683979304,0.6369857046257041,0.14401088557165573,1.0318215389653298,-1.0344649107101958,0.691077124835333,-0.26428923197459153,1.2575045809612684,-1.630003585973988,-0.6707138737604774,1.2879804737868836,-1.710491786489915,-0.4549199008323443,1.2314776427783591,-1.742197974900903,-0.5690746627290019,1.1794224295806555,-1.529341402185068,-0.4452401429112389,1.2728708259443042,-1.72251695971716,-0.9450155931050304,0.9163947276287555,-0.7986346287281519,0.9805768269594752,-1.063531748943095,0.9253447873359102,-0.38290718702894344,1.199325681790168,-1.8201874555356992,-0.9785297307604278,1.0832749330133098,-0.6204875263879561,1.1510229011288697,-1.3551478097482637,0.024044585619553187,0.9749145121274494,-0.8674899862762486,1.0380714015734462,-0.8337482081505229,1.0750655846480661,-0.981961713513614,0.8542723169782016,-0.43721215337816094,1.2575168276242323,-1.761889938457697,-0.8904133530772768,0.9683140683646702,-0.7525336133323652,1.1199636545801903,-1.4000448729840267,0.14631103736826961,1.108722703155354,-1.1466306047543533,0.6830672158783329,0.00735369551920501,1.14732958317871,-0.9682854859996514,0.8272581992575713,-0.4513054787719107,1.2475238267919495,-1.675500461493812,-0.899211231798529,1.005677000090391,-0.7512055813042277,1.0407419487989173,-1.086215255055524,0.7163433290143126,-0.09178616921734342,1.1394813862165374,-1.1995080987679263,0.5388585150138953,0.38700851695593896,0.671015342481708,0.21367759876305148,0.938052540609369,-0.894329278240539,1.058004326436434,-0.8085243273337974,1.0741080217839871,-0.7450158392908167,0.9744919899553867,-0.5239338768398036,1.2081069436701726,-1.6376085607570166,-0.33123606958206914,1.3351632237868376,-1.7424907749816745,-0.8684878178060969,0.9663562999538278,-0.7766130213914519,1.1164044334606749,-1.1695818804082962,0.5438537860995217,0.4017668832897419,0.5499655825538208,0.4043341837174839,0.5708257241835415,0.3544042762073665,0.7901980896627296,0.02651586327993149,1.0989777656058144,-1.0376389766946605,0.6676564008132788,-0.0646625354644931,1.162805829316598,-1.4348140128044284,0.08022127259556146,1.108267305828715,-0.9433820051548992,1.0152355663976773,-0.7112832443541949,1.04553215850431,-1.2317844757705012,0.29302211637393466,0.6843801825000604,0.1129297191896723,0.9892933267819137,-0.863255104138527,1.1181181502175772,-1.0908579141294372,0.5463336651219193,0.18944252509615098,0.9159550521918979,-0.4342786528261737,1.1089743101402918,-1.60711796934379,-0.7887862744972841,1.1076629888505622,-1.0013328232823715,0.7306601543032543,-0.3546760931676681,1.2490517409475819,-1.7446961703273673,-0.9489681365034944,0.9530813214871713,-0.6714249643147661,1.282426056177724,-1.6242345913124,-0.08083383571363581
periodic_007,non_chaotic,3.2,-0.9162907318679084,0.7858465454805161,-0.7743826853525598,0.9151567733873632,-0.7809264438791362,0.9276241759278061,-1.1281762566022648,1.170536109188355,-1.00963057778981,0.9786369255942283,-1.1772756469083092,0.9239640405828783,-0.9399760519143024,0.8072017717352609,-1.0742517429929872,0.9291221737493349,-0.9902373367130306,1.192739630713145,-1.0410728782223524,0.8916533421106176,-0.618408902993167,0.9273547053707154,-1.025908683336041,0.9378076568834315,-1.0378561961395112,0.9982454050092868,-0.8716992584211938,1.0435087743039992,-0.850013450209866,1.132311631015334,-0.9705200210244832,1.0396688857132288,-0.8456233854657507,0.8332817886163555,-0.6528399284438883,0.9163383368000521,-1.0481505387110273,0.8193113503638856,-1.163473911403547,1.122600188444105,-0.6844764089586347,0.9087551995456066,-0.9512670699386999,1.0180044042831218,-0.8606761873538427,1.2952940990352206,-0.7884273572597698,0.9543443392537064,-0.9260915297281193,1.0745975142838518,-1.0022431914721752,0.8354009601820269,-1.1102823794280843,1.1467583731030786,-0.8258422442199285,0.9586582053715622,-0.9632354215142999,1.1535723312082675,-1.2359154880466652,0.9255278315156722,-0.7194849582445697,1.0289848854043724,-1.156129452218378,1.0037296615161104,-0.8577360255039675,0.6341370569144175,-0.9749968261126901,0.935786385466262,-1.2272756969723986,0.9988243059972653,-1.0183917347842746,0.9841148448408911,-1.0477753288396934,0.8457511840759645,-1.2013031764136068,0.8916270806427721,-0.8802382671883948,1.0197947354227888,-1.0090531991961946,0.8431940200827773,-1.051334751470287,1.0897346182344843,-0.9294191862677011,0.9212480242767933,-1.3617762262756863,0.8938251312393989,-1.0664274386774246,0.861600316309029,-1.056782021141081,1.1007499868426565,-1.0046304232949759,1.1247732188969293,-1.2087356736682935,0.9451309695743177,-1.2684864636776259,0.9282715117387929,-1.1445360612351143,1.1652254358903749,-0.9426099728334297,1.128260373818897,-1.0590258205999952,0.8459758762860248,-1.1453554287363776,1.024285789491092,-0.7483037882272874,1.0446734836621214,-1.05145307321098,0.9612661381221183,-1.0037984879460637,1.2686449701572016,-0.8282979620013403,1.0235254253011858,-0.9842308789310361,1.0289912224933666,-0.9308771378144234,0.9301278689677974,-1.1165679330744296,1.1306732656905645,-0.9964056982521887,1.1190890741870057,-0.771058445208492,1.0596902572379892,-0.9497086862564327,1.431476847940172,-0.9707325761173655,0.8361487053263092,-1.0384744646540385,1.2027466652590924,-1.1790157121847475,0.8830568124449885,-0.8459438697735975,0.9497710958400448,-1.0147518213753037,1.1363830016749483,-1.0989114789926426,0.7836951535898596,-1.1921575026810443,1.0681767294054145,-0.9635022709312301,0.8913667144219891,-1.1602329272996263,0.9499164342503431,-0.8445438601761502,0.8714912093901114,-1.091400187890277,0.8222776487569957,-1.0504326216011903,1.0343642285978678,-0.7059853213800582,1.0176734845601236,-1.0069033052365588
chaotic_050,chaotic,3.99,0.6387448282552807,1.2420532639348227,-1.0430107708154872,0.15098486454864604,1.335299517901891,-1.3120903444011702,-0.915308232202238,0.2969440113600228,1.1109043075921263,-0.855936896950687,0.3499914686369344,1.1283608498112008,-0.5469142700828447,1.0574703871658127,-0.5035243719677222,0.9019038087652391,-0.03255792766214304,1.3720367163923624,-1.5121367289181435,-1.3951730435275846,-1.1088457370269458,0.09409075087014161,1.2643552656131403,-1.361271453762132,-0.7868992066970385,0.5695134921457699,0.7360665537079786,0.31011429952451874,1.2115910527528408,-0.9437953829572179,0.4386177414320851,1.0532982606171781,-0.4821809832907513,1.3123798554498483,-0.8902450548141378,0.4435815198980661,0.9672961775566812,-0.12724339287512895,1.3151441311264773,-1.4997415432673136,-1.1378587454617877,-0.006367648575429346,1.4141021610097313,-1.5056116021409753,-1.3249389852204867,-1.0335000938792398,-0.03759197978199517,1.3528529060519534,-1.4579468213473132,-1.398672911900342,-0.8827575368856808,0.4801005106092174,0.87276662226076,-0.14733222961382905,1.343075143788768,-1.4102240245639621,-1.4291394679915368,-0.8070991464155953,0.6399325563675913,0.6639885563209891,0.7224400229455046,0.5910373897950519,0.9711466403191105,-0.0539185442628409,1.3773674080634382,-1.5016316958303644,-1.3168396962949223,-1.0169637160596643,0.2831840835930126,1.1670708934574363,-0.595723546464393,0.7533590488893052,0.19004325477964495,1.3113178784670554,-1.4181881739976632,-0.9133992006156669,0.6654362442855297,0.4209869635497465,1.0236281743151483,-0.2684591773724801,1.2602640808785528,-1.2692046737041254,-0.423799042636371,1.2210497956196662,-0.9243148339237427,0.2904343259460571,1.1869728297778814,-0.6829300680239324,0.8621313870668642,-0.005627405643162827,1.414711874139117,-1.4454523280271019,-1.2409615113597916,-0.33286655004540766,1.3549513451528332,-0.9679594812749311,0.3039036328123399,1.2969754126802397,-1.0370159856197707,0.1786861484186459,1.20527842438723,-1.1698454212456257,-0.2921972763500574,1.2968170131022534,-1.3552718647389654,-0.7655390710702704,0.767655636759103,0.45379552170088816,0.8647669501261929,-0.18608656275254276,1.2714930216592943,-1.4508777828402528,-1.2751413224531056,-0.7081734516543745,0.7386244396378262,0.3661254136314914,1.0894853784995888,-0.6529248279147156,1.0452180726528122,-0.18225153019367046,1.3873599491645305,-1.3946246395170643,-0.8461823815359105,0.36218348017172,1.1067891789639022,-0.4631358484138084,1.1742584164779457,-0.9655241830325699,0.5688228545425127,0.7711814704592997,0.3708889110153024,1.1656243469786465,-0.48519515095411336,1.1698086325952686,-0.9309512336893045,0.4394891128469835,1.0153656559466175,-0.008789162765765197,1.3249208157696868,-1.5308213552705427,-1.4640551157573565,-0.9744083210013729,0.11582581786452559,1.3386115149715558,-1.4880980252853508,-1.1630484425270924,-0.04191593407574137,1.3972218893747401,-1.6083761492575332,-1.4150159606362713,-0.9539043263783207
periodic_096,non_chaotic,3.5,-0.8725073457385807,0.8501405345127558,-0.5926496536844462,1.2133497078171949,-1.2673965772629132,0.8339264940438905,-0.7382336329786606,0.9381482422658293,-1.2555305882316714,0.8808368206172063,-0.7753572612034634,0.927791734105264,-1.24534975709051,0.9051247373470535,-0.6587667122295043,1.0091478821744855,-1.2270069497759961,0.855898725562334,-0.6135236942166898,1.0106036047440552,-1.1544561674489102,1.0184977375418962,-0.6855909918214478,1.1433443675507848,-1.1897296752807844,0.7743262169920202,-0.743593030951805,1.1222127038931162,-1.070036076276809,0.7579173148259647,-0.5390656628486508,1.08586645563349,-1.2685298814803225,0.9903854787976835,-0.502115264067162,1.145190494624604,-1.1530556896003417,0.7844750635217921,-0.7477532785325385,0.9742404311898114,-1.3148618341339864,0.9275238508662809,-0.6763403416591616,1.2707825782969842,-1.067357513050759,0.8599505926609865,-0.7622181854800363,1.216177460965498,-1.1434766871549675,0.915584682407583,-0.6288273916001875,1.157353088498167,-1.3604251203050728,0.7557540422787673,-0.7016702176077141,1.0851260452248719,-1.2385457874192205,0.860458985177734,-0.860782801151014,0.9010815066149255,-1.1942037010201176,0.8092724162463459,-0.7191208532431602,1.0507433948519536,-1.3531349357220233,0.7825930744068307,-0.5985645724009974,1.0814442572635221,-1.2040898299291947,0.947153388751877,-0.6662854512001922,1.181704947244606,-1.263835919163817,1.0044223514292059,-0.6174786322715194,1.196572709796178,-1.355587405536717,0.8984439363426756,-0.8734703441456707,1.2393830611921688,-1.3252364246360653,0.8264212631965546,-0.8284374971086981,1.1009802504116106,-1.2910448796486462,1.0486099503528863,-0.6140294798966488,1.0549151904421878,-1.4256620030756555,0.6531914326468751,-0.7955906798182331,0.9762848583076967,-1.2316444355341485,0.8591376201174337,-0.6951002553859644,1.0130975290087056,-1.250574003904271,0.7363185583310962,-0.7052714206890098,1.184420792384821,-1.3004027830707334,0.9158153731420665,-0.887128840390409,0.9063881187308259,-1.2337007628915013,0.97391677185215,-0.7197091678519052,1.3110436399669905,-1.4042043406409828,0.8076168011735381,-0.6832786848198268,1.1491894924894872,-1.3214401201028796,0.7710943073754046,-0.6370410941031373,1.1173032647206016,-1.2983987359796334,0.9211279824927311,-0.7098981479384966,1.0910166618324686,-1.2822171023547129,0.7940322301325105,-0.7856233098453584,1.0538510258236176,-1.262125566136862,0.6929027799398663,-0.6057954480353761,1.1062487742288527,-1.367775516952064,1.0287635217793967,-0.6927443218806608,0.9759062033076641,-1.1138665521077866,1.003560787526612,-0.784278807802199,1.0733719525773846,-1.3092766710395223,0.6911506882353075,-0.6655032205804479,1.1858554033820752,-1.2019593722096849,0.876249139159469,-0.606044429710822,0.9951460273425595,-1.0901242441599899,0.7987482898830388,-0.7604197259147272,1.0490831795670161,-1.3276264316594015,0.8545369799011477,-0.7190554129864251
chaotic_058,chaotic,3.9,0.4969445984465761,-1.6606756380866106,-0.6240690427256089,1.069136680333301,-1.1816016661364082,0.22188671596490814,1.0529778001079764,-0.7980995945388184,1.0696055716870914,-0.5693287328563977,1.2134584632435734,-1.125856531346369,0.40259397400643876,0.7025707312598982,0.25990043276177927,0.9589258108844088,-0.6550343436391847,1.2262387564313146,-1.0944544909919214,0.2753890464975189,0.7942557574063831,-0.16023581620603677,1.2916571823837628,-1.6236963406367186,-0.5321578498977246,1.1582790131250913,-1.100001260563877,0.5840897182662362,0.5491460389705862,0.3559319341984281,0.672862118680698,-0.053463966283584484,1.0965975567244675,-1.3108895339618443,-0.003340409825050846,1.1705407771708944,-1.3437962248730755,0.07704622514745774,1.072588147701334,-1.1826699288499714,0.39063343032806913,0.6649891815802453,-0.06522882494025627,1.1210459729979814,-1.499356439775988,-0.45280448171738363,1.3657067685450355,-1.707054357736478,-0.8931108508340008,1.016420820134842,-0.7681647865140087,0.9531502933895566,-0.848751153443512,0.750389570850601,-0.4446311807512308,1.2321158777641534,-1.5764698067372505,-0.6965055977049541,1.081563363398138,-0.752741544757751,0.8897813529605048,-0.8515096064270892,0.989219113268992,-0.3170255038299461,1.2966417245159683,-1.692185686469278,-0.7656848326360313,1.192015054259359,-1.010031741041334,0.7618938731186142,-0.19102188443428486,1.2446641285674602,-1.7194523418096401,-0.7151496005814333,0.9992324678493006,-0.6479046111381367,1.0814826929836068,-1.0926412851338294,0.27294347883255515,0.9765869952770704,-0.3179956059772005,1.235424692397651,-1.6628716160723236,-0.6829552041032915,1.1094278468759866,-0.879543849667347,1.0753435012735264,-0.8457979486022252,0.874173576391324,-0.5294662241718374,1.1175970955055403,-1.4330987136404345,-0.18892073725717987,1.2097938623413105,-1.5345754396470204,-0.5512255326199212,1.3433954845958862,-1.481169269789329,-0.31905290619018434,1.2446176071992854,-1.6108172717498557,-0.49666260971538534,1.125737075883714,-1.2629948892976048,0.2737646094091726,0.8645476042821042,-0.5111951327374752,1.2394650872837847,-1.2935965169462897,-0.015527268521732659,1.3011104762619703,-1.434861154183882,-0.2594554144519093,1.4045259381588957,-1.7082416051931872,-0.8061241870616014,1.1200021700089828,-0.8691821812220193,0.7581912081592249,0.05099019438112468,1.0457612409413135,-1.3341293975875161,-0.012192087632971145,1.124631375714962,-1.0488972441242916,0.7089270809214421,-0.10315690721257452,1.3143547140792604,-1.5426682077404559,-0.45221049774243277,1.2716916777156584,-1.5182490505522548,-0.4828649720210749,1.3008745712750152,-1.562826908396103,-0.6425364022968082,1.1117786299628307,-1.0832086839466728,0.7462669193733651,0.09335616632655047,1.0587802586942454,-1.024722991864234,0.6549129896315655,0.15134984796675122,0.9976946173059027,-1.0750620096180927,0.6726702243359924,0.21439783651251948,1.1482343850206487,-1.0725108132567205,0.8574197628814094
chaotic_048,chaotic,3.9,0.4970596391175574,-0.7654622043486795,0.7694464390448004,-0.07625949152781189,1.3876884084107133,-1.3597300942900123,-0.41883874256301845,1.3151873411775554,-1.3678750177888206,-0.30111983851254315,1.3532366665358653,-1.423065487764638,-0.71391755352305,1.0937065366919207,-0.7138834207082345,1.0723914189212862,-0.4737145950148027,1.2756281019491218,-1.0799180430091013,-0.012792531143044038,1.202197069688112,-1.1803511430196447,-0.04869916550707619,1.250353361468953,-1.2872127334358703,-0.19042205395546727,1.2858549963164414,-1.44824669222798,-0.690656801410622,0.9247062029403246,-0.4279236895244383,1.2263543925012559,-1.2767156009641814,-0.2044102310632484,1.3030561284056674,-1.5659350591703054,-0.7473493870383784,0.9432260040394655,-0.44281415623135706,1.3370038880917476,-1.2795413053828955,-0.1845196808935367,1.2532109516732959,-1.4554048453966357,-0.7819713746133621,0.9443851059340205,-0.4314019396351434,1.2260654191667495,-1.4676886372940854,-0.3420501009507685,1.3668847565933995,-1.3750780779631546,-0.5378284122168666,1.142852100734155,-0.6367975216972998,0.9613245760884166,-0.5387115066523517,1.256639427716399,-1.0993652055369791,0.40312979460191006,1.0151134614376063,-0.49779195418197014,1.0460512297676126,-0.5933641378434329,1.0977141576162783,-0.5456464920259538,1.1495423381034908,-1.1484589170560304,0.21469228788684624,1.0289704673466826,-0.4803467724923887,1.192741451200468,-1.0833214228640393,0.09894532534622695,1.153573502859359,-0.7540892799654698,0.9538537167557022,-0.23730344438787548,1.360280833032459,-1.4302933750142495,-0.7428516149633453,1.0697575653949831,-0.6967322784893342,0.8869034324953942,-0.3532972857652561,1.2254751493128722,-1.4086051911571162,-0.2769309735471322,1.2288826196265414,-1.408598927506199,-0.5168705203793271,1.2521618855714207,-1.071464515145351,0.3298971206121115,0.917512694775477,-0.31554220748136275,1.3391211642824628,-1.3109155799249654,-0.35102134396329276,1.2712648476026505,-1.359131000655809,-0.22976567844009804,1.2700581556058823,-1.4978618137369826,-0.767138493942556,0.8454169719956821,-0.4770065450261682,1.217850619428703,-1.278535028966877,-0.22722035392708922,1.2878430426785255,-1.480128778941568,-0.6344201802507867,0.9500973448991353,-0.3447942545845345,1.2489629559679585,-1.3704372542193095,-0.20791655548467936,1.2063198300686857,-1.460878908914285,-0.7518592007063414,0.9798205809806043,-0.45979885505871126,1.242808322352722,-1.2676145643460779,-0.20099684986797778,1.230770105070203,-1.4349742689547003,-0.6373752938003822,1.1208747791972065,-0.6720839959921368,1.04045341925157,-0.6337209447277166,0.7942338652729939,-0.10246169701853691,1.1918731718652,-1.426171132240282,-0.1083527984812717,1.3273118764954508,-1.4876490698867262,-0.6621036728650513,1.100003237782912,-0.7440028278046494,0.957779393299903,-0.6414992697066806,1.0017283989135242,-0.6720777806689667,0.940290435106803,-0.549260053468292,1.10421006708966,-0.8273352142268604
chaotic_088,chaotic,3.7,0.3531047518740664,1.3879664932270865,-1.7289244780812252,0.10822432024304753,0.22418071526077604,0.1068818171866413,0.43949994828105626,0.143091896902284,0.4443839710137392,-0.022820448715979248,0.818145829850696,-0.7805344518416699,1.1167165154724195,-1.9001370056512965,0.41012164002626494,0.3521239244525298,0.1767901194009502,0.21753934019643012,0.21900441834623458,0.5413324080619335,-0.36081808630156914,0.8694295265256173,-1.4355658247650318,0.9594500092158229,-1.3701537904331502,0.894454114572323,-1.2138965069666143,1.0766698069454264,-1.2735784054998487,0.7108412998408763,-0.8537761713013856,1.2654135894029976,-2.0341735056896884,0.2430528952858577,0.5274327145535487,0.08042916201320348,0.8217579346816728,-0.6300309793767706,1.0712123360948114,-1.4976926795939507,0.7790191247431387,-0.3750946983325584,1.273668832476672,-1.833000190606135,0.7548112631794134,-0.29526879955360325,1.0751208110225736,-1.346139235843812,0.7628020007123801,-0.7589744521312444,1.2476564162420516,-1.8873686797536096,0.5426934506146338,0.1666854050017727,0.5734086074139051,-0.14737517889614118,1.1565637580185848,-1.4685483860819255,0.9582053708567367,-1.0789432855810592,1.128231831029568,-1.7047455054782126,0.650143293212873,-0.4285953809684145,0.8776738566283286,-1.4395373981946515,0.7094121281426866,-1.0312865966396287,1.0666074536656536,-2.0556219888879292,0.3408602412318174,0.32511470749918475,0.2421715095222856,0.2745133578258572,0.10692404466078874,0.5871962204742266,-0.1273887861308672,0.9945467599547986,-0.8833998618443721,1.201856368896606,-2.0423610198575073,0.28281032045652016,0.24187521894311073,0.35158917339547285,0.021870835285726628,0.6249764722903365,-0.0311532267721837,0.9983060640262482,-1.3290183871656616,0.900305368437979,-1.1562398306555246,1.152576082822176,-1.3181265210190685,1.09734054002347,-1.1534661560457815,1.142492101399148,-1.5336391394442002,0.6725350962794386,-0.46337272232483295,1.0774382245739582,-1.3526004525266235,1.1384242457653693,-1.3095982726085926,0.8420871264511499,-1.2022277271320452,1.1230651649778527,-1.4592986323544463,0.9216147804762898,-0.7052414362032888,1.290770580765201,-1.9404153328474398,0.3310216392394636,0.6891806956081522,0.11972993401905431,0.7593326723825954,-0.496646665258171,1.2317641775257022,-1.8045942430525708,0.6575550563599265,0.006538295697697344,0.7901149798517454,-0.41134838887712843,0.9973767339245602,-1.6198146878531459,0.6873478221112037,-0.48337058197793326,1.2161994181770903,-1.905199224754418,0.5897573511153616,0.1852853978645089,0.8284846434988102,-0.3697523021455902,1.131944668900557,-1.522165509174981,0.6994829327313126,-0.561957319284731,1.2031345413846668,-1.9860297441853998,0.39866314851106566,0.15364583031009538,0.4888306123777017,-0.008361990541083242,0.9520341345964056,-0.838396109705285,1.2212842614866695,-2.023977843437517,0.12695886709268805,0.4388298216150849,-0.02987781396155484,0.8484498019350442,-0.6334163544583452
chaotic_021,chaotic,3.99,0.6304449135424889,-0.7542078252975483,0.6225066380215473,0.8126887428721463,0.18315627603955026,1.2646128510701555,-1.0787668077397725,-0.17882260436327585,1.3104962212248275,-1.4336514586601823,-1.1973018637725459,-0.6140232195889587,1.0087868479217184,-0.039028452364861674,1.3176866154477445,-1.3997200760351287,-1.1484045229162991,-0.5861375169699417,0.9592583341509124,0.033810882804242756,1.3829734508438565,-1.3579463010273807,-1.3105371843437208,-1.028758861279637,0.06549385155928264,1.414068849995966,-1.3440020686559122,-1.2937084195192268,-0.7475184171513669,0.6559300317989005,0.7941057339497408,0.503387005065403,0.9839480320067248,0.17522089565046436,1.2851385945150038,-1.1952322718675272,-0.6288760882808171,0.7030074207611778,0.8612076099625171,0.5101404753025462,0.9187236789429084,-0.20000524832472555,1.407725256296515,-1.425889777407965,-1.2750511423486097,-0.6184483267511889,0.9438654100756594,0.11043240204343777,1.3106521422762378,-1.0858139150950317,-0.509973363767905,1.195492451179957,-0.5283111278860894,1.1110347516948058,-0.2290931433057262,1.3408101589578396,-0.9786015268298449,-0.08744611174436238,1.4643178459926842,-1.4705500563377074,-1.3230709260524138,-1.0048635319861698,0.03678813763870856,1.4186409390282824,-1.4649639563091743,-1.3952431689381766,-0.8974323879819657,0.21400371598440257,1.3959338690269796,-1.1516971664558082,-0.4557233470644016,1.28075777054865,-0.7905330634004356,0.6388164918030799,0.7909530655708822,0.4879362156109079,1.109924961007329,-0.5666211047690437,1.0203826045176883,-0.15859503335388306,1.4117119812565293,-1.2986283967271304,-1.2458933264917171,-0.5758194323939566,0.7784142787946883,0.12040341925989587,1.3538779472203097,-1.3550732721814374,-0.8501418964780935,0.2743630874052129,1.252665605005963,-0.9226292711813148,0.21036312747664213,1.1734753880206414,-0.7586777070405585,0.403487515097022,0.941712591992082,-0.037118282316097886,1.5002599125075688,-1.377608064361659,-1.3687112750269586,-0.9412219604228339,-0.02259828792966951,1.456000067495813,-1.490197751788931,-1.2403633661837068,-0.9116054668819557,0.2920609524679549,1.1949807288892556,-0.6908220813832371,0.7164470656531855,0.6132905012298068,0.8599744191091468,0.26853410159942753,1.3356612481069428,-1.0782670789129707,-0.1741850306023252,1.3865443932135377,-1.3006517830350417,-0.8804884138327509,0.12145113872649922,1.445396973795394,-1.2015619914368347,-1.1401695018915272,-0.4129174418520105,1.195342665961595,-0.5887809649581149,1.0123344690473917,-0.1937146086043184,1.4089063951473826,-1.3186954966436644,-0.9056838509120807,0.3511237357661624,1.3156776181663763,-0.922980635445788,0.250288181935422,1.331559569481545,-0.8706759634648662,0.19383815648494893,1.2512903387018925,-0.9145381407242227,0.3073828803644744,1.3400144401698892,-0.9760056769888307,0.11782090291563226,1.3887615910711915,-1.3988740075470907,-1.1177940055104876,-0.2315578326653103,1.336275122679057,-1.28728609161563
chaotic_057,chaotic,3.7,0.3578639180865935,0.7785886758388197,-0.5501515423937934,1.241745141137324,-1.9496114750629767,0.41138894288499295,0.44069507098487726,0.3072496264724161,0.03620261337483941,0.5120072303004758,-0.008317672162887322,0.716546075732932,-0.4919519843803007,1.1517111454935,-1.8354812761108743,0.43018041133159857,0.21105531753457987,0.6709814471329354,-0.5228793792034221,1.0122153013780388,-1.5888829715304111,0.6253740966814276,-0.7049119832197828,1.2600121759481433,-1.756004955666298,0.38592277884221704,0.13368739903554833,0.6382834697868833,-0.2408326527180043,1.1123238748481268,-1.641446476486872,0.9398575190911791,-1.087588571573009,1.1103169972793243,-1.667219291307791,0.7157442905672843,-0.34275095090383995,1.236291564850657,-1.3925477262675952,0.8418145365399149,-0.8677598791297205,0.9668672751883272,-1.9783853493576096,0.07921840439411476,0.49020147027710803,0.028654189818937484,0.8073798429373968,-0.43915931895607435,1.2027897186431162,-1.6221151024649054,0.4131288091266806,0.0362546513192754,0.4863508037295867,-0.16413494675572537,0.9592130605872762,-1.066962476489439,1.1871432122161447,-1.8877770655939212,0.2952042584482545,0.3336482809670922,0.45551762405250185,0.26726851477862806,0.5172422376172688,-0.03154980633507031,0.7903847596598488,-1.157491250026705,1.0838669352922632,-1.8231145039194925,0.5322188550666039,0.055422234622148854,0.5642936199464035,-0.29657571544250283,1.0916766193273229,-1.387829577856917,0.9563569041595048,-1.3882157946106881,1.0178423576049263,-1.331337083036341,0.9212509759699152,-1.0733807771748127,1.3258810123621025,-1.903410081946735,0.5152034359542229,0.31694717566165975,0.5141767091700202,-0.2081331192778909,1.0531695691000098,-0.7635523323802162,1.2111134061578115,-1.8635198644989126,0.2617986733941383,0.6161362731068937,-0.09194252991173009,0.8229102560525636,-0.8106965036488473,1.2991104922072574,-1.9360010372330776,0.25930690948586466,0.4179248004520596,0.061268590342573745,0.56504821539744,-0.2842256118353761,1.2408631679637159,-1.5720729214638078,0.8856524505288231,-0.7557112191363062,1.2429217745150591,-2.101213709146717,0.06981534057425072,0.416333086273582,-0.23395894832702843,0.928015846909588,-0.6641253416486772,1.2327842816922598,-2.144318220618169,0.056240749135145034,0.43432889388668744,0.2688621071035282,0.587994017390483,-0.2921973188472363,1.0622270311656874,-1.5423165662362026,0.9158652626364734,-0.7480049343246443,1.1716448659719692,-1.8054121756735455,0.22384186332268302,0.5566913107365864,-0.019101952077783424,0.8341808462675318,-0.45027498132410715,1.2071902749169132,-1.7063013187991203,0.5281594490149036,-0.20459198106036514,0.9336034078748147,-1.0809565800328294,1.1101143982466504,-1.7540092166152275,0.5618895216778085,-0.6951311271073379,1.2485258669899135,-1.9015718796004468,0.49715033481666343,0.028257379892032995,0.7331558536053373,-0.5274203108652906,1.2192827669407231,-2.0959954485816237,0.3657611743787636,0.1915946262652345
periodic_060,non_chaotic,3.5,-0.8725073457385807,0.90350237347,-0.7743624634612153,0.8467307221005672,-1.2758347575064197,0.746112697944553,-0.6444553024961645,0.9067021057191363,-1.3429085278936153,0.8823762398961791,-0.6704338266712025,1.0825113048587,-1.0930233270389018,1.007169811247543,-0.7717317630135193,1.241342589221796,-1.1031027686826325,0.8448378715251348,-0.7017772548518725,1.0821966516532426,-1.333865391110242,0.8044059862984517,-0.5796549173940702,1.1289873899518257,-1.3251600447378955,0.767946387269047,-0.7788048482805022,1.0713512657089417,-1.1844938793221793,0.7742652185124229,-0.6196894196599771,1.1059399527867733,-1.2583401882537715,0.9550519599838831,-0.6252824635254025,0.9524170384493171,-1.3759508207194873,0.8347133351791665,-0.6720049660756904,1.2178719514871552,-1.2657959136228296,1.0200378199464566,-0.773874121811063,1.035524841106684,-1.3013372976089925,0.778373317458692,-0.5949852202749548,0.821533396383703,-1.3203073769240938,0.966786715727241,-0.7360696886832673,1.1899096143980954,-1.0613558868039419,0.8644215340049487,-0.5940716618313384,1.318965910306315,-1.2334877023788542,0.8521080790318979,-0.6196162998673277,1.2005821215192967,-1.275754481075748,0.810332651411985,-0.5414942831209174,1.0611169550451145,-1.157598531566767,0.8819149515526056,-0.5309905382392698,1.005666508329619,-1.3536114456157824,0.9386296134557064,-0.8144880026009451,1.0982394046608654,-1.1235976321034056,0.6856153827607988,-0.667579289499932,1.2032211120541247,-1.274517111002531,0.7678412482416938,-0.7313042703061213,1.0066755802574623,-1.2654037650119372,0.8301896280354538,-0.7553326898073869,1.1317455019533693,-1.1206540111227907,0.8881416295031691,-0.5773213131592704,1.2384106270753146,-1.328270886703288,0.8830644725316545,-0.7468667109487601,0.9449736284746084,-1.2379290414075204,0.755852870772278,-0.65970276373457,0.9379071255368207,-1.2556415302834127,0.7061396684853037,-0.6415307416703266,1.0493482172536237,-1.3189867786638667,0.9647062456052772,-0.7369565875055651,1.0976857106458002,-1.291073550929078,0.9053559802805551,-0.6061494376461386,1.1671659092654116,-1.3167699802379016,0.972619019301194,-0.7939743760509204,1.0158821039125956,-1.2842849342163498,0.9570655054319487,-0.8183045298422122,1.1725197581551792,-1.2772817587791623,0.8151363827747615,-0.6008902293104726,1.0101121857051862,-1.0529206676144853,0.8397820883065082,-0.6917654101600222,1.2349672226150028,-1.2551682831000703,0.9706846775811361,-0.8933663015931554,1.0446301081112737,-1.2340012361547963,0.9603841880406767,-0.6323439736745662,1.1518657785955608,-1.1703168269514934,0.9022526146420158,-0.9115828108781759,1.225313602241229,-1.3523349848962358,0.8867807640198379,-0.6887780114224216,1.0915959854170174,-1.3780624090457425,0.670865721607937,-0.8022212747844455,1.166265078365284,-1.4107117022080709,0.7723287955585111,-0.6660543533339618,0.9885665023749582,-1.324091995578146,0.8645592772548505,-0.6790346422888709
periodic_092,non_chaotic,2.8,-0.22314355131295646,0.07604318502382428,1.1141556968408992,-0.40981193372056923,0.9454899670741946,-0.1271066301988121,1.234143989083118,-0.3289597555776429,-0.7692194019812111,-1.2096523617805102,-0.12339532903045085,-0.8987386355431598,1.3451871493575054,-0.9784209618712456,-0.7934174609350315,0.5044478894568831,1.1218868433650029,0.65756710470827,0.9921037516054624,-0.17077275025710645,-0.1563851509807284,1.965240693059293,1.6369836667877733,0.6403695200233744,1.041034446448658,0.7877382018303308,-1.32023016247257,-0.1293548218984681,1.4394158675760873,0.6466355269528614,-0.15379629712494777,1.451651651317717,0.28820834743858825,0.6826178562781438,0.29354797561311646,0.4636866462005821,0.5366988855525361,1.238166373419549,1.3711914772454938,-0.5494552955297753,0.2741272060830036,1.2088977665310792,-0.22319691287943746,-1.425318543011493,-1.0166446946377998,-0.9461215219163812,-0.5566923917695025,-0.8508056064201583,0.9619024805792684,-0.3715196538222401,1.1987819977350687,-1.2429558437271726,-0.44962877048981975,0.017604592730344506,0.7388593837406149,1.07883401036482,-0.6385177221353682,0.9254636239031405,-1.806167390958047,0.8008061614962311,-1.4581646165589683,0.36717855640078295,1.0640897827807523,0.8170400201386363,-1.7625532586674582,-0.5455153564320584,0.6431577667835446,0.6139166785457202,0.19287202519200267,-2.336822658572506,1.134401780407498,1.3163649535562665,0.0783188725406764,0.14452190633305037,0.4247826546068148,1.4023195447476267,0.16696078918564108,-0.28406715462770316,0.3006837662182361,-0.10021172921258337,-0.08861324255205537,-1.8919015712960496,0.4449700867546069,1.1072481248492947,0.9529853104575556,0.8821434261761477,-0.14298606675610512,0.0598749453631569,1.12761570390728,0.7967455505853693,1.4287785151291437,-0.7757461979724091,-0.7821170651495243,-0.42843740257227886,-1.0517530061917146,-1.4381418711331606,0.38963483660807585,0.32011466575899106,0.16254138016534542,0.27232418923369783,-1.5833931925357974,-0.579026345846786,-0.3885144050948115,-0.039340795516156,-1.5793613889022595,-1.0361906774683682,-0.5345350080434167,0.9916960715402938,0.17851511656885521,0.9542038663660324,-0.21387648279974195,-0.08785825892058598,0.4207143122796971,-0.26980936488559887,-0.7267449476901143,-1.6100158150550428,-0.699372279944708,0.7649223969232993,1.1983454267314262,-0.8783010899463503,-1.8591034652987601,0.8572495788886061,-0.018110452089877098,-1.4642723319926456,-3.2651445954530187,-1.0725599820538834,-0.5615596053874288,-1.2647630258368558,0.6176041578203982,-0.9185416786466802,-0.0762049440631811,2.3345871530526217,0.031066081944927187,-0.20681820164988027,-0.18375197064010743,0.5942303524041623,0.4676920044607467,-1.1135489123487305,-0.5086763389315816,-0.7702452819851048,-0.37746121035842584,1.7762063931486107,0.5415778320260209,-0.17030971175453735,1.1818636499790256,0.10357093004827737,-1.7614019754440313,1.61012590843854,-0.2485593633897133,-2.3923877696608673,-1.722168932470893
periodic_029,non_chaotic,3.2,-0.9162907318679084,-0.9210630416358432,0.9632764014471845,-0.7541777040393511,1.113969304390276,-1.0775797089064365,1.2780522953014866,-1.1754969026023285,0.7686349195690796,-1.081382819831913,0.8680660577287219,-1.0735513254193363,1.0850984657832177,-1.0274114819836722,0.972675556970268,-1.0144745063175307,0.6514582478600562,-1.2339249994423265,0.9201138935026003,-1.1401915406371534,0.9415174873041479,-0.8269169476859759,0.9634528412921742,-1.2070049418997124,0.8632618541905611,-0.7841934131705429,1.1874856631387878,-0.9395996544800771,0.7559979015938344,-0.9799008407200329,1.0273255766015654,-1.0191135022933995,0.894363880517984,-1.0732305902240986,0.8846460834297725,-1.18231525777132,1.1642721274893775,-0.8996659871698083,0.9341086751923287,-0.9735750893504413,1.0281625981392295,-0.6960399282189992,1.0954818509860396,-0.906294382123133,0.9791273967502868,-1.083239635062853,1.1666034915880805,-0.9317373618904697,0.8581812514074786,-0.9593981720317334,1.0905768523788764,-1.3148655168601928,0.8452372421296123,-0.9720991647310689,0.7055325264342116,-1.2689002568252499,0.9361256970788321,-0.9541453161095401,1.0488076375528161,-0.8020631835468424,0.9853011157377559,-1.0746277857858284,0.7915660689057065,-1.0762972533124298,1.0724728048387953,-0.9177330632702604,1.0107242452028236,-0.9463979026863087,1.1517799027913094,-1.012180141736851,1.1644576898336032,-1.1239800331432594,0.9636143475720146,-1.0897098066926436,1.084347634610948,-1.1641090561270528,0.9289731613670433,-1.2819419247634782,1.0566974921332177,-0.8488523175854488,1.1007990563096899,-0.909381320783712,1.0908576780677,-0.9251260405160715,1.0594885258184834,-0.928023146233445,0.8824200051435966,-1.0505842714918205,0.9836252540289143,-1.0694767017812343,0.7554644190864485,-1.1948535944434393,1.0058944892493384,-0.8963950049362457,0.9751346618542577,-0.6372151900294807,0.845603118921175,-0.9606423734015094,1.1538459082269434,-0.874102297983688,1.065158726841695,-0.8734642137945587,0.981555085440778,-0.7908427187572753,1.1527245190805828,-1.141487937368847,1.01866380869046,-1.2383913312481143,1.1859932204945278,-0.9914128654087363,1.161872090912834,-1.03792033397432,0.7150397996376264,-0.6549842974656146,0.9921080298639793,-1.1621187851465529,1.1335692734619767,-0.7388441490972922,0.9456092363099139,-1.0365101331146496,1.0070195889939226,-1.1775607255260943,0.8775425094247663,-0.7742461237041564,0.9554006287447726,-1.1394426252205667,0.9108106094471915,-0.8731059559123011,0.6983616093207828,-0.987172061212352,1.3171037042235667,-0.7395125981598739,1.0537456053349752,-0.8391417028015182,1.1560240905180894,-1.0402199227060316,1.102762842371382,-0.7733180132138923,0.797644214138315,-0.9422801346364148,1.0242275340816869,-1.0082914752190244,0.9758723645262267,-0.9903758188452766,1.017827909650384,-0.8667218964831397,1.040265783397909,-1.0474729569259766,0.8567341877805696,-1.0885400114070107,1.0102428568976622
chaotic_037,chaotic,3.7,0.35261106321617286,-0.24002037196828607,1.0131373982207366,-1.19823051417232,1.1591401556738463,-1.4458808048651586,0.7643224597526903,-0.8334954340766842,1.3944220701587853,-1.8877454342062472,0.16508348591536295,0.48516098079007625,-0.027574546122492417,0.7979604131947831,-0.6332432914581375,1.4894977735790151,-1.9144094577846043,0.318606112452309,0.2514176700461796,0.09194412000332594,0.7085867360436298,-0.17320716226892618,0.5742124048528596,-1.1377618556750482,1.310055172115548,-1.7603024490908896,0.9382945467577248,-0.9385291621693358,1.3343856964839194,-1.929471094293796,0.03552860686712778,0.44539445484396173,0.27056802242462763,0.5948141836857164,-0.09165365608764253,0.8971818230664377,-1.219495473104307,1.2742810322332134,-1.6472733660030967,0.5580211406196869,-0.1192929373345737,0.5359463344540913,-0.4944431251401535,0.991524967805893,-1.6219926545491377,0.7578218724986969,-0.6380338524225874,1.264753523833139,-1.703652124553118,0.47954912794172166,-0.10824054812003653,0.6908534242011125,-0.9202921703981364,1.2486514519249272,-1.9245957665739453,0.2769155151338317,0.46031573898721484,0.07029788488730566,0.6776911848316497,-0.24537808582212958,1.090525056683714,-1.4626298619471954,0.8590072510645871,-0.9461857936797679,1.2989409274632693,-1.9963279539046217,0.27407924238643055,0.4451111787238906,0.05589260221485743,0.6328761970412358,-0.42279531748737387,0.9625073485094421,-1.518601529568915,0.8291411742440736,-0.6261011458315574,1.1985497742501954,-1.7639285696172102,0.19386763379273392,0.36825322581428305,-0.029871102250389348,0.5232291362269214,-0.2843681182113407,1.2878055418541352,-1.6005892635173649,0.5915245799581772,-0.2294078251504363,1.1057226942732878,-1.6362423180344607,0.8785824174140169,-0.4840894652454886,1.4213555585039255,-1.7970997982177477,0.4026970335079844,0.028990375735969937,0.4828720084820916,-0.39239285238044075,1.225892987805524,-1.4820196623885238,0.8271289961044769,-0.8490580017231453,1.2758380989278697,-1.8622739858387054,0.24812197909527162,0.5055537400706779,-0.08261709304929657,0.8642736278299973,-0.9460367279450127,1.275336079861424,-1.6636452219450486,0.14680132449679467,0.32956705389318375,0.24808906225114605,0.3788163505811538,0.2207722403225541,0.6607920991972863,-0.2509735431285249,1.1193557135611494,-1.3280007236757094,1.33902698669538,-1.2874516871044936,1.073778795905215,-1.529442986112485,0.9504611740499617,-1.1082580879374253,0.9863141003074256,-1.7454367527936179,0.830663196377503,-0.6271132793368615,1.2583902540672927,-1.9932121825912155,0.025814187065006128,0.535839251596345,0.05234757937753845,0.6157407958658931,-0.551093228552211,1.3156322978289305,-1.8128310688217406,0.32982519148770245,0.44625802041152934,0.24468830213620094,0.591594767255876,-0.21761858097250475,0.6793145546322896,-0.8209394410963293,1.2412869847338186,-1.9218272062459612,0.23901061600615478,0.5953998075398647,0.10809080680245123,0.6926976151980955,-0.6116873692013625
periodic_057,non_chaotic,2.8,-0.22314355131295646,2.274638313292745,-0.34288897672691293,-0.8316932353110557,0.805983981719295,0.22103183276643107,0.11735341831796135,1.9729447527983401,0.35286898337387373,1.0994231185018881,0.14651407716435733,-0.49669018737684606,-1.2219541690662474,0.11410949037999471,-2.8701444427559863,0.14603559908174876,0.19013999122676895,-0.35738898882780024,-0.22876671425321504,-1.4192335414808508,1.2895879978327938,-0.48034264867410853,-1.1325311478424946,0.42566714209916606,-0.02009403383978541,-0.502002581310771,-0.6105893189207992,-0.1396692594004721,1.2487131722736666,0.3485000200004685,-0.169224960606333,0.741849678324352,-0.1055923072508527,0.2786479823614683,0.021380723172372634,0.47201935681340423,-0.5901566661948575,-1.3043512840772429,0.7977507936704274,1.4121731784621472,-1.2555926367878592,0.05031422983302749,-0.5950118171009664,0.7736400449872665,0.11950870382730445,3.2845171761856196,-0.44354648483995845,1.4454215269595914,1.5454195520139102,0.41430122885514553,-0.09577989138521023,-0.03644740609981859,-0.12339279825182775,1.0303900222342492,-1.0303571047816336,-0.29925926557935584,-0.42377302896230024,-1.9072382433359187,0.7485078031185806,0.9580865867002867,-0.7854246019771869,0.9244037769600646,-1.760806804940983,-0.10926744536864325,-0.2635849076017893,-0.043730097986521756,-0.04907582000209765,-0.21302327746539243,-0.5322450932184478,-0.2455527927321021,1.2665940303981156,-0.728408624923599,2.1830894679167536,-0.7863964705909887,0.11274221287301993,0.45293791978300607,-0.433604470239973,1.2862590478258966,0.42623290831939226,-0.3443776977511326,1.2748573495600908,-1.1771160371132905,-0.7148115435668299,0.44406587256077884,0.689489569978953,0.19756086140733164,-0.2645442760565951,-0.3921911336552074,1.028439352483124,0.1130868110074125,-1.0299487179576328,-1.089187935211186,1.4209393327145825,-0.872277877070868,0.14630680369208526,1.2539427306589792,0.4230435871381818,-0.9122210694844262,-1.1773238799176946,1.787105672520737,-1.2034903442303997,-0.7022635091781196,0.248805606828837,-0.3587356768505577,0.455607629629144,-1.6417546980484352,-0.35002492580647504,0.5623297337385781,0.5658065383929279,-0.7219717451732091,-1.1835042118987544,0.08567621016941464,-1.4822014706359574,1.1854861035989133,0.02783338123897204,-0.8497280684377418,-1.2171915809559521,-0.7842310895314782,-1.7384864825186768,0.3744221485109085,-0.9586604326498327,0.27671608425112953,0.41835737129507966,0.8585160918275636,0.12485270406661247,1.0221042998931877,1.290108660938799,0.13139426806666007,0.19335364900384625,-0.7065829616933385,-1.1484875042525386,1.1832300100650042,0.4884188396334525,0.5717197966468341,-0.7407269199994801,1.5344177887638324,-0.3687371688841468,-0.9576270694380576,-0.7232259531019744,1.4802470862047803,-1.2752828944480392,-0.9055230191913182,2.8438330270534053,0.8328745915406982,-0.8869626927118907,-1.244873815807121,-1.8522792327189774,-0.03410875463682533,0.6140366248185074,1.4264220578566738,-2.0796121515063626
periodic_093,non_chaotic,3.5,-0.8725073457385807,0.7139450681492692,-0.5638740192059583,1.102663363277002,-1.1887780733348012,0.8407304526996531,-0.6428032215469924,1.125172483720173,-1.2606888958961795,0.7634477079358563,-0.6585570015606655,0.9212605344900315,-1.167980884331931,0.8841012421118443,-0.6484580689107635,0.8448140309914389,-1.3645952987672492,0.8169368266738107,-0.6284374455832187,1.0048109827926157,-1.0134882399733338,0.8401086400560451,-0.7899232307579809,1.0770598218628196,-1.3478905982297538,0.7520839138183081,-0.5962008199984812,1.1439689880450483,-1.207677443726903,0.9872960615471843,-0.6463100384422142,0.9929030600386599,-1.1892798817996133,0.7576006034605548,-0.7385095301612989,1.090548089981554,-1.2710728181285025,0.6940867394159026,-0.7852984018613832,1.092766268603142,-1.3153711402181187,0.9729129048574054,-0.568818806733965,0.987839750417626,-1.2512955956533909,1.0165377425351034,-0.7056498326029494,1.0560215580170538,-1.1747933031095295,0.8390679382455714,-0.5713625157690768,1.0380762534081154,-1.3023638849120813,0.9407909667030072,-0.6832131544514134,1.105278071440541,-1.439485437922129,0.8314975205436211,-0.6102444020802511,1.0200166061936886,-1.1900421193877346,0.8908863676301781,-0.7119095423176054,1.224681028061652,-1.2894861172704497,0.8394554608065536,-0.7130010985222723,1.1026134095330802,-1.183706687769011,0.724538704448351,-0.6098613667818288,1.1014257494470754,-1.2040561997391,1.0938683322051501,-0.7417228307714531,0.9778730460621285,-1.2384846928803717,0.8989313475123581,-0.6095207417285488,1.0434636359949667,-1.3363416009829199,0.7187646488682757,-0.8235166594504848,1.0551630574965298,-1.2681487617126521,1.06264335138878,-0.8545861956354618,1.1269725018488421,-1.3263857508257784,0.8865738552295247,-0.7456962888273433,1.1938714205523966,-1.1586445277338644,0.8544646875681019,-0.5552832853937375,1.167562704007764,-1.1239166052728082,0.8611512819324935,-0.6018568650099306,1.0214928994738075,-1.3401216870433357,1.073604664350869,-0.796601468312502,1.0532379079702374,-1.4384031166806122,0.7844330254100808,-0.7878435860066769,1.0308563324652513,-1.228345943094183,0.9169819241774717,-0.7890453067497762,1.0194473243388842,-1.1534530632475875,1.0282525570423222,-0.5727916374391653,0.9375740327153022,-1.1433322655418363,1.0424350644093856,-0.8549078888521305,1.1983935104336216,-1.2354820459731581,0.83400873835481,-0.6826742111115598,1.1372808436391262,-1.1463735717240195,0.9709782069518009,-0.8368426492538095,1.0329224549996077,-1.248064226648822,1.015534354452957,-0.9534946180546728,1.0365386044511868,-1.4030303127780717,0.7343996149766032,-0.5986134946802546,1.0440840093818302,-1.4800430646797151,0.850131635208765,-0.4982508282774813,0.9222480722287225,-1.206072505325626,1.0151028532653512,-0.697545768941636,1.2791806425846663,-1.3200660378407205,1.003465625271802,-0.5771860111007141,1.0918082506974522,-1.3991418139699305,0.7695364968612068,-0.916861381728399
chaotic_001,chaotic,3.7,0.35395852389013727,-0.31904727852234105,1.0269619109680448,-1.1577667339145759,1.1191199756331038,-1.4453272790277976,0.8740727424229846,-1.1615184842057353,1.1557673616695756,-2.0551950240440062,0.5454703571335053,0.16666826091928494,0.47306555106445,0.0568616778341826,0.6396465088964867,-0.11996491822692067,0.9118259839355509,-1.0558041719413784,1.1842534684381298,-1.9297046914098415,0.30008749908690546,0.10243263393599394,0.2990427669855289,0.093929881251157,0.8049502859034293,-0.3569390972464817,1.1004931992504567,-1.5334450083202116,1.0360046499788729,-0.9713180038411485,1.223616811186805,-1.9099783617397026,0.3099140983937914,0.5135641762482632,0.21881027400102238,0.34332550460259775,-0.13498099103933178,0.9099537918153678,-0.4234102939960721,1.2146754240591378,-1.9596783732162,0.5783232454017305,-0.043285734502910025,0.5692542566134583,-0.33560998337933834,1.0913722917175495,-1.6165592802444197,0.8298124395546169,-0.8093302730342237,1.4210874193433405,-2.0595194057014754,0.24719098824241179,0.28792719415853296,-0.05644096566804815,0.7253970672611838,-0.8753968268776476,1.1852201108080032,-2.080693185628786,0.3126154157484228,0.3012023981060043,0.06644058400831501,0.6161906523408744,-0.4458470594895065,1.2398666779617764,-1.5869065766911716,0.9517050413246408,-0.7878369752110125,1.205926062991905,-2.0773145613293966,0.2315170066835127,0.4732035345600103,-0.0861708505076321,0.7276454265244727,-0.5127346394272555,1.4595962510528038,-1.6556840432704336,0.4645953968202809,-0.19521746151977137,0.7888536829308725,-1.1319313830458517,1.2749001117552912,-1.8331276163807042,0.3062587893027622,0.0994878906657815,0.30481661857905784,-0.12118078155492543,0.7641665992233594,-0.9578755256262007,1.1899322850643683,-2.071037368087046,0.019085404330439613,0.3270752931320595,0.199806218143633,0.6350581870987831,-0.7524196503652814,1.4325113657107849,-1.6787857684937546,0.23571913050731125,0.17517228669159307,0.48213324040333816,0.2103557648624967,0.60070325134396,-0.5165098919979157,1.2635514479610601,-1.7347660390216662,0.6053283806224353,-0.37827073037090275,0.9688387177003677,-1.5692985425644719,0.8957536839910578,-1.0151559403781232,1.1980610091145847,-1.9390692870284383,0.42727165395972344,0.2756693445284974,0.40617419452570763,0.18556467829349274,0.4970799822957901,-0.13118938493314405,0.8502052750954479,-0.7840985997605692,1.4856621348248953,-1.8979108058122534,0.24462827894280076,0.3809948786580206,-0.09275316361719871,0.842797291208222,-0.5205230384162491,1.2605454107990246,-2.0341810434778447,0.619999452070849,-0.07363094637328264,0.7749201242986503,-0.991792241008639,1.2998262370420186,-2.042494295795942,0.19058662139437837,0.42527500990639844,0.0352378197790749,0.6838788978206837,-0.2742263150365782,0.8876982959676532,-1.6808700377425763,0.8161213907914455,-0.6955793702623145,1.2313917395243157,-2.208975957081539,0.2788116969092449,0.567071555683026,-0.01540034044317066,0.6460950175580911
chaotic_052,chaotic,3.9,0.49710127042296115,0.5529482940740494,0.489037160072136,0.5381136821325253,0.5692907615565829,0.5048367923360016,0.6238063933645717,0.018501936736936623,1.0368273018445613,-1.0360152080318867,0.6362354557598501,0.08962153785946508,1.132789933273568,-1.1644873697301008,0.3580972725144987,0.6971233305840994,0.1322416761356706,1.103657359258087,-1.2816767226948167,0.30153431743274445,0.9125951900814636,-0.3515299273720926,1.1773316301489385,-1.3520260654583514,-0.19899440579616842,1.2282693537016334,-1.6395530333358255,-0.7626405822479083,0.9587210231573055,-0.5603562728454086,1.1453704705528678,-1.596944229135257,-0.30059536045697105,1.240756177742586,-1.5857999896108892,-0.8699839786723201,0.9117440838700993,-0.6819995142836152,1.0516351514386835,-0.9990886676685159,0.6621538629721933,0.4295595550440649,0.8828111113404299,-0.2904898927533344,1.1997753771734925,-1.668703551166601,-0.7359071122196057,0.9313670773486571,-0.8111378548276001,0.8690620842156109,-0.590598139934832,1.3334490089943007,-1.47546536395124,-0.46822828242139475,1.3120441550375146,-1.607944259638769,-0.6442692807889092,0.9854109345215379,-0.8407936027085986,0.9501982193967664,-0.4488923168347868,1.2595228926911386,-1.406310644199801,-0.21754861971049422,1.3097068666388827,-1.5755883534989175,-0.8112667850849362,0.8387474093701126,-0.46207542796275713,1.2053685066858097,-1.4021808090800187,-0.10187578382897955,1.1590274513164864,-1.4461709255418038,-0.6922417778701007,1.078272976238227,-0.9099417347749922,0.7125735796783635,-0.19948514444942178,1.274597841015646,-1.5135064325166236,-0.717634147089405,0.9013418967116583,-0.9392137697803432,1.0170995645496153,-0.433382816558224,1.3462473406402977,-1.6208918844016627,-0.7256461989545699,1.0747696139412806,-0.8627939492783555,1.0261689619210939,-0.46815110964757906,1.2465130663690696,-1.4427612977413515,-0.27708527797859683,1.3625362927065339,-1.5926169689725655,-0.6756647138196581,0.9104017910119764,-0.5029298369219088,1.2035727364884359,-1.336148679133773,0.1012301394632193,1.1018045392475109,-1.0822061521372623,0.6117812133902725,0.3678955791390905,0.769862657212229,-0.07547721205038313,1.2046435735968666,-1.4272342138589391,-0.25058559028503874,1.2199977315315833,-1.4178372775337562,-0.8984034105412139,0.8882784818540561,-0.5154766195501325,1.3443701923178828,-1.4944897754463817,-0.24687502181793758,1.2782827078099959,-1.570032328789598,-0.7315111247221007,0.9990432425920548,-0.4944925642413678,1.2327933048225457,-1.5592392501429924,-0.34922321791666916,1.203507807052235,-1.5772997280234682,-0.8382978449229588,1.0443231900604193,-0.868961290062282,0.9941611558365159,-0.7353152496196437,1.0358406414816659,-0.9176700325260425,0.6870019649273753,0.30284013879759114,1.0546490237390616,-0.612687016574364,1.2623245721134053,-1.3383938590700313,0.190961041864295,1.0171037785078514,-0.9172079645623028,0.8996693359031271,-0.23432325432632764,1.3212019778538646,-1.5764803786589607
periodic_049,non_chaotic,2.8,-0.22314355131295646,0.011961915245085138,0.4441152219544767,-0.01839745226090625,-2.37042361823546,0.3486873926665055,1.2358789308136027,0.724089508804764,-2.03473794454482,1.9949227079799803,-1.2781952821994382,-1.0436595316865371,0.7196774772976966,0.4077909392703831,0.054699897037606006,-0.561176455742723,1.2400434176230641,-0.05872424179234728,-1.5056535645739189,1.1466234908002946,0.1864076149016919,1.0354436577805266,0.5212588863711234,2.245521534233755,-0.3152624780298452,-0.006193633906834387,0.6608644601521558,-0.30940649319633945,0.7393555601846822,-2.8152398231151934,-0.09043782296252842,-0.11907250951611999,-0.15340729836170294,-0.8526689577285997,0.8374469691860886,-0.49960087399995096,0.1683878680244512,-0.056674727317413784,0.45283677535114036,1.3349299908548193,0.1634868157488374,0.7760947137322877,0.11587134872486053,-0.5010827601576185,-0.15562753784036154,-0.2902120286523886,0.5171010219847304,0.07964517604432826,-0.7743150148062874,-0.23184151213519902,-1.4678328874193,-0.19642961903334905,-0.020210278596569518,1.6927424726410432,1.2567216686216038,-1.0016259563573089,0.16980496578603285,0.1864316162994686,-0.2398748729622815,-0.1794486806537962,-0.3569497072811231,1.7536534659659708,-0.4159405091970027,0.3017191663903084,-2.418663315553171,0.759195312673888,1.10108249608344,-1.018645537580308,-0.5066549216691341,0.40652274243536607,-0.0030016949357826502,0.42061398235698516,-0.29371793373093025,1.7447025474100128,-0.6562808698944693,2.529839784991818,1.1557458499466111,0.7672967457661253,-1.0076952621076636,0.8408209882359339,0.5510126338652039,-2.030582840585463,-1.3528395947146667,0.31754001338807086,-0.14780012630344824,-0.5110070709032964,1.001265488911888,-0.8591641486672328,-0.45296153552758905,-0.6347542055326214,0.4621307789921671,-1.6512868634679947,-0.4931809143329611,-1.6544215199625767,-0.3180162601490352,0.663915082368581,0.6808323438496321,-0.7111234587524714,0.4840767386147055,-0.19696065284281802,1.2686961442222855,-0.14463718570745596,-2.8395380411228444,0.8266014958974987,-0.4566186966119283,-0.281356533631639,0.29696681125289826,-1.3718991774318008,0.04931449219789523,0.4851905365366813,0.3236408136940909,-0.5891625995060444,0.9187836597528309,-0.9669538138880234,-0.6143670707104129,-0.1503610248606068,0.25862024838636644,-0.32907596673885814,1.1431039667583864,0.25844759628136216,0.05026653153851317,0.22512958837352393,0.6732582536240788,0.20677744574730936,-1.7366515749017484,1.0112747807771763,0.09198956491608981,0.627709693869585,-0.40623353600482576,-1.7529548262106187,-2.181579265975169,-0.916594732584411,0.46888439884999705,1.2087958445919247,0.2647841802540333,-1.0188326302495059,-0.7647031029874222,1.2684100037111796,-1.2639100957529998,1.97077885666777,1.7568089929607305,2.0020107092065427,0.3394109635636541,-0.34517237780994253,0.3163251541952741,0.8397807545856107,-0.6383050729053804,-1.0652558026710062,-0.29058559982261567,-0.7535026145277456,1.1547624833122478
periodic_030,non_chaotic,2.8,-0.22314355131295646,0.3479587294766435,1.070980951323812,-0.7352226892820719,-0.9300444096396453,1.063410767776019,0.04384064232997825,-0.29308062277628977,0.6201594108051294,0.5824500750732472,-1.3604251077008784,1.3153260540112595,-0.5037530762578423,1.6349202965400773,-1.4392511477546686,0.2337945489514102,-0.2759585400699731,-2.08952628290845,0.5791654296791322,-2.0375420058376954,-0.38342363849997235,1.0312036153527835,-0.6249833642064709,-1.0036835492484755,0.7232166028736534,-0.3407106593816641,-0.4983342537386904,1.2042056896004762,-1.2707557199892567,-0.5536119424892256,0.7901917760117736,-1.3362899403421193,1.7112577009461747,-0.30760279308841154,0.7983803034251913,0.796260095552822,-0.2421790917619471,-0.5732765360229931,-0.1313924187783468,0.6343708728415796,-1.0874810700568782,-1.3072171697558717,1.4162162473240323,-0.8325439942075112,0.27097058318306777,-0.29276351428838737,-0.24783143727379403,1.3616829511986959,-0.17416196036010154,-0.4494550731372231,-0.36117859309628353,-0.5980500610509509,-0.7669127346726606,-0.5939848095578626,1.5976196814941748,0.633159451514811,-0.43766982996845244,0.9069424857187991,-1.6962914176575692,1.3062392609481424,1.224638871208647,2.178414939230108,0.937238450382087,0.3552342301479863,1.2205697396693402,-0.7220387615396755,-0.48856197491113723,-0.15295751497079146,1.29935146358116,-0.9551871928682745,-1.0627918189900294,0.15185140966575664,0.6392819902657215,-0.8003441929396897,0.5915388368962559,1.298862820555011,1.1286772992570817,0.2701688805000761,-0.17966318366492998,1.671002471028818,-0.07224258971452993,0.8650886499142239,1.896640626004675,0.7585955095052341,-1.0982902303533217,-1.3434600718655987,-0.38946600741899906,0.6311431154063887,0.36288662881266587,2.1487714485825924,0.35302681773211164,-0.41967683985229615,-1.2363648406068972,1.1083849549510314,-0.09399512892348266,-1.614152463090582,-0.06529420447214476,-1.096918996818291,-0.5191875068070353,-0.08157791212268255,-1.0051467728616426,-0.5820038669174391,-0.8419327682561594,-0.8147429980138206,-1.1093658048242074,-0.5770792159698124,-0.994526895062907,0.5065828705641089,0.11563502571808962,1.1228539133492537,1.824104452900932,0.5985383501826012,0.3677520508795929,0.6623940378792127,0.3849814150036251,-0.03698149734974629,-0.11757110621022598,-1.1231979518211104,0.7622958597623549,-0.1195664651532922,1.3810682522620275,0.8395323772699683,-0.722182855690403,1.1755254400842088,-2.6828706731192002,1.8682093612126938,-1.4442133545869518,0.4138865670125754,0.34528443184821916,1.0509052255658413,-0.42094923668978307,-2.2620893546245675,-0.4195214824649154,-0.3099485947290026,-2.1644735541146427,-0.04187385385314012,-1.1781047049398037,0.5699204435563222,-0.33722632227744437,1.8994916902400463,-0.3474604189911678,0.34829935424170255,-0.30377627239354915,-1.7328486662669138,-0.2953058911723364,0.6756452334022658,0.5221947679145218,-0.3850459433578824,-1.564107803571649,0.5652320015358335,0.3372487124374577
periodic_051,non_chaotic,3.5,-0.8725073457385807,0.9099093068427467,-0.7017433757895567,0.974109250343158,-1.3626967102229761,0.913999989106499,-0.775264881659756,0.8956052923889138,-1.2297312753011573,0.7801450795705125,-0.639866453064724,1.0750744465617712,-1.2908329266103447,0.8688755714567585,-0.809674791493168,1.0152162303774006,-1.2918031713886386,0.7540606295891152,-0.6319409319172146,1.0649267331621959,-1.4059398677836916,0.8102229626268169,-0.6907228782550325,1.051617021344124,-1.2284994790529802,0.9189434070283887,-0.46998438485942223,1.2048276941385552,-1.4238766266569043,0.8292979820546529,-0.7260184138651329,1.1496000023995478,-1.3564427226776399,0.8128882172691829,-0.8198379401549716,1.036631614649022,-1.3210726640199857,0.8338294990419498,-0.8142823733538507,1.1886483321364893,-1.2215527126349495,0.7248443570618184,-0.697941348487857,0.9442304031686245,-1.1380700257574652,1.0187409118992743,-0.7057816491555307,1.0126070825007984,-1.3306011094326466,0.8203255029593655,-0.7106838565251059,1.225920493986799,-1.1751704333830617,0.9570334915647488,-0.6840661062477024,0.9837285907096848,-1.340751672599448,0.8696895441546899,-0.8156820669231498,1.1235884353365273,-1.1896092005337418,0.91619043808856,-0.6519593267874207,0.915346037777337,-1.1389239961778002,0.7134686556297031,-0.7150901848476555,1.1537713088508725,-1.2324544835434013,0.7412516046745391,-0.8058205998030801,1.1219657512198609,-1.2178459573467852,0.7576242169644943,-0.6627632738501796,0.9490262431695089,-1.206951103971656,0.7790563601778323,-0.6927080496758952,1.0860344864531524,-1.1554948450088929,0.8870961676882786,-0.7579188340480962,1.1289243300327867,-1.0612929165715905,0.93487982785197,-0.7061107393292604,1.014433269179702,-1.326016707763197,0.9291102044059967,-0.7854284830135849,1.0946785063528104,-1.1289196901708882,0.8782937127282734,-0.8039789037861965,1.3033904465872055,-1.097751500415438,0.911952328338409,-0.5780216030099314,1.0688031467012449,-1.1973495964900285,0.823223486778741,-0.8304889696555445,1.3431219524404319,-1.4018236463480147,0.8924146323611701,-0.6730029357925582,1.1439325358720207,-1.2754682396307333,0.8562589673741954,-0.6871525657314266,1.1404650907186256,-1.2670370950041148,0.8573037650491941,-0.8271973109908506,1.2876383686208148,-1.2154611410499163,0.8839083123143971,-0.7603527112550356,0.9981212279496667,-1.1843449658809115,0.848523992915037,-0.6408408208023786,0.9646783350883421,-1.1184382300683016,0.9503526006915088,-0.7082116843456316,1.139290338294365,-1.1957615940450788,0.7355765689217039,-0.5394418416314519,1.1407906111618316,-1.334423181292074,0.7586424828676063,-0.6057190264272323,1.1146817646791052,-1.2205560502295776,0.8664217180188585,-0.7966492748564357,1.143223658585615,-1.2858167998984211,0.8617818698108886,-0.47235417832664994,1.1778098644672115,-1.1779374059174545,1.1249041672502962,-0.6635326945240156,1.105906749723952,-1.332034449883139,0.8204397079255344,-0.8968582291780277
periodic_003,non_chaotic,2.8,-0.22314355131295646,-0.7856911522833023,-0.6332709719494152,-1.5772690266917555,-0.5550957831555148,1.2594499123784866,-1.1454848256820678,1.2837821912265472,-0.5182502910132233,2.0920851955647226,-0.772747034994922,-0.22164571362144958,-1.0067517347394332,-0.778780013962123,1.2970855876382144,0.4121339752100088,0.9800911545873615,-1.4221607837979147,0.5968741821741699,-1.0695234944838068,-1.4444261327601438,0.17054613126447082,0.160065969497062,-0.019449200650360363,0.6611519127806995,0.8210090874900268,1.4318815704522794,-1.2938242095127,1.4649651094823937,1.85464358954475,-0.4493774302590993,-1.7837705223930764,-1.4917459674599278,-0.5473581137847392,1.989726407461214,-0.056609792632489477,-0.7065234604817199,-0.7764247861905268,-1.4294698048776424,0.8220437127229673,-0.1684516251708481,2.0775285525529648,0.5695983386689631,0.7763025786480616,-0.3221896348906297,-1.1920611529482688,-0.9692465463037593,-1.4771423515272746,0.8587461772998816,-0.46852363065164654,0.901890897355114,0.06515667668806827,-0.3741544428930021,-1.2725723126041386,0.23496386777272252,-0.29813868748192407,0.8503327960084487,-0.80717361806407,0.5571981256745078,1.6072227635260754,0.20516962097947533,0.7305561678196653,0.51188959474046,1.8708129329447971,0.30661692121308903,0.6431181081460146,-0.11128230428773099,-0.8676066713687197,-1.3120968926897802,1.2240723697215254,-1.1073503994285996,0.6901564117490203,0.3521700226356582,0.8663191553755893,-0.6015230154099896,-0.8843512500860289,0.31359639947977275,-0.3736659988763943,-1.3355133997659165,1.9122446427375877,-0.8850462364408804,-1.0922603810240228,-0.3222213356638926,1.2096598274346975,-2.2943073176425024,1.1246375857048532,-1.0080740106541224,0.19694080113372264,-0.766797674184062,1.966953307890993,0.05358369009840545,-0.7996739036795922,-0.3826315324476961,0.017737523075842,0.10794930423698346,0.37547709684310315,-0.0755504815166261,-1.4852531271024059,-0.4227745013347604,0.5475155767560992,-0.7605224141524436,0.6152699687767423,-0.04161048509685535,-0.29722379777873714,1.1494964509838963,-1.8551285442202181,-0.7660946831000686,1.1887258906837455,1.8010917655879768,2.2682848299565537,-0.022513236857632898,0.3950841188581773,0.7634854609332382,1.2324246954896714,0.24670580873428646,0.8748890931455033,0.39700683766063455,0.46099784615616507,-1.015139888409113,-0.4114478095228169,-0.609778990071368,-1.2923409487102073,-1.7664674145508046,-0.5081911123606201,-0.3445044588329568,0.0335174969845519,0.4953386521333962,0.11865267105637144,-0.33736130689781957,-1.0118169528915795,0.8245982933910456,-0.17844575058798579,-0.5186041487600253,-0.2651659896681536,-0.8249349728485159,-0.6178787530839125,-0.650447376870853,-0.36853827090073693,0.5978235459738301,0.3430457535916236,1.5107897013816058,1.1675155399540225,1.9305824372781053,0.49884369028613296,0.48239434205387977,-0.5735532750491619,0.7722844047477457,-0.7464168847026866,-1.5808481075480951,1.4898720000155852,-1.3541145632118126
chaotic_099,chaotic,3.95,0.5672561133310787,-1.5967185232289116,-0.8053753877228721,0.8803440731629087,0.003095215033093398,1.3064647836172059,-1.4767519392371686,-0.6780149597139699,1.076177368942225,-0.6825366243401255,0.940775684532294,-0.6993336165503025,1.0361473327578976,-0.8087475633892618,0.9008656310394952,-0.12190730922097993,1.3456377584819434,-1.3776390693851606,-0.26972033425529707,1.3392574780308466,-1.519472294291428,-1.0389036766304682,0.39215090418573834,0.6914008324273863,0.2854325396011685,1.018724266786807,-0.6147300966904111,1.0895332069154675,-0.8910988841776403,0.7676622092475477,-0.11544853609641055,1.3099293835256534,-1.6970892465199217,-0.971294789242072,0.5977486332380171,0.15128277383526165,1.1781568500724726,-0.9560782316989388,0.837945935157951,0.20339030464038219,1.3347094382138078,-1.3605577679867757,-0.23932314890385914,1.2284536069394292,-1.743584370461274,-1.1632879375188827,0.2574712309098679,1.1260798543990533,-0.7687895283631363,1.0180026269731484,-0.5634675518321034,1.1649370060964286,-1.1272966866511325,0.2742256245018931,0.9521944957046231,-0.3487373182564546,1.2711150059158725,-1.5384084885159874,-0.8839174283775064,0.71936877041735,0.23604754790364035,0.9762522844147062,-0.5233127377227835,1.2575296859103604,-1.4601290356220136,-0.30863780847447864,1.3384541460948562,-1.4679039914980478,-0.7515777306364,0.8719563835116436,-0.25992432036521956,1.4314912224573086,-1.6740558174483187,-1.3220883251229822,0.12515350500605762,1.2252992897443777,-1.1785990426292365,-0.021343664872260776,1.2735611897980461,-1.3923146348562456,-0.7505001456190925,1.0605842216379109,-0.9231295559329363,0.6760186039343994,0.020373188289108973,1.2386006576956956,-1.428832002405611,-0.6187074834673959,1.1460208272055006,-0.9274777225306428,0.7153282566002962,0.10136651079819796,1.24819528764184,-1.1835903115565762,0.1516771553537784,1.0197126974750628,-0.8476199277984451,0.7899895914232853,-0.06482338117423425,1.270179791740802,-1.5570938134020553,-0.7595967235428193,0.9812486404756313,-0.26983296223197506,1.334834393649846,-1.4323190277717022,-0.845904179690561,0.8226377529010143,-0.33332744144527704,1.362051315252663,-1.5681571642202987,-0.9809977409923236,0.30569556855104807,0.7984880627662715,0.2257491099627258,0.9891213596597667,-0.7861909756044902,0.8795712867312918,-0.15254480866425052,1.3808956944157669,-1.623203652562566,-1.2834928797221605,0.16474042583331033,1.0162231508890203,-0.8961474830490624,0.7862248821813649,0.17551143140227393,0.987602639951852,-0.7058901413143005,1.0719781411265674,-0.8505057023916306,0.7714144858739952,0.04756499583478141,1.3198079138251717,-1.3348659573954451,-0.46821867370318543,1.3737952997662333,-1.4367932971663693,-0.6833493224674992,0.9307596264449814,-0.4274512923425733,1.230011512598872,-1.626164390580805,-0.8665515445432166,0.8685672163401338,0.05034043766819556,1.2420004649182748,-1.4844917882615296,-0.6364539350949225,1.080815720301483,-0.8977805521102854
periodic_016,non_chaotic,3.2,-0.9162907318679084,0.92415791648355,-0.9571790130831064,0.930478720685427,-1.1864464533397427,1.1162829999123942,-1.0613597231280416,1.2338696826259241,-0.964260539005868,1.1306929122084797,-0.9194560995728408,1.137251569161238,-0.9277519510952363,0.989230862975671,-0.8560784612246485,1.2977495840206985,-1.0429098000125012,1.0659571904929477,-1.0066475240691046,1.026361915077532,-1.0001499055630898,0.6612332677618843,-1.0333682925433416,1.0940056635176647,-1.1108158509868908,1.0832307396855423,-0.9807612007920522,0.9307484524075325,-0.8817680362089366,1.0503454855215737,-0.9482840044926495,1.0962460985826492,-0.9780898126312871,0.7315609662168082,-1.0577578153975062,0.7096658201116903,-0.9158232774596143,1.07983871044257,-0.8768490069570175,1.0240366071554052,-0.8732546228061955,0.7408903535103855,-1.0206728512160839,0.763052918624039,-1.0550450175371127,1.178536580732732,-0.8560780376085316,1.047775943221125,-1.0308233746767386,0.8208036248894237,-0.9802926226446769,1.1092370410209618,-0.9497473117992268,0.7396447321099423,-0.9915895324345251,0.6947353109380279,-0.8956987234288419,0.8620052389201234,-1.1735824563304513,1.0691103156255273,-0.9292544026021344,0.9888511953059353,-0.705510105536766,1.044035896590066,-1.0943331659315394,1.0281636857685694,-1.0451413631649458,1.1306314138165652,-0.9674149149645938,1.0090724275544225,-1.2036347526847255,0.9654056512515219,-1.0136409884679185,0.8166067085147566,-1.0362899184447052,1.0167249577405857,-1.0065248016790496,0.7634389498801578,-1.0433785666589457,0.8928437646029972,-0.979403605445103,0.9687201450078536,-1.0623486063377998,0.8952234928499732,-0.9967143664947277,1.0889918553676232,-0.9677352054151608,1.1520569719755493,-0.850601550925148,1.1621471657919402,-0.8183301294930164,1.1712304191344596,-1.1639904564063976,1.0457391951055046,-0.8389327980284612,1.1487615226509553,-1.1115714095668252,1.0471036286774413,-0.9956204785623279,1.2101736158026606,-1.1960853503620066,0.851549250220954,-1.2541130755787406,0.9768187804912237,-0.695622892399195,0.9509182267381923,-0.9920799123566408,1.0324176553209066,-1.0218685943486039,1.0071675221900493,-0.952167952068453,0.8410952850504003,-1.0188196292979879,1.0586932682585832,-0.8786482114934691,1.1349824198436786,-0.9599502120441351,1.0057638781117175,-0.9031003887166046,0.8754707064544769,-1.0930751496545028,0.9398900501722173,-1.180695907847416,1.0127702447781353,-0.8621304053771448,0.8596701201075901,-0.9462824848481908,0.8707608494487538,-1.1452711077583737,1.2387529252538716,-1.143305192546532,0.7816392214738621,-0.9764974540661431,0.9938025264807502,-0.9144707597054333,1.2313054753559232,-1.1124501688126676,0.8777095303415281,-0.7854088331910035,1.0857223142792758,-0.8962610544986509,0.8761425599644287,-0.8516025436419403,1.067088821538827,-0.9799486326762764,0.8768198095573402,-0.9913037874291278,1.182955069066783,-1.1558793019006186,0.8473672997683181,-1.0919817908207166
chaotic_087,chaotic,3.9,0.49414929108117595,-0.5569891965414615,1.1525965999955767,-1.1534541870121273,0.10653456865628512,1.1004211165728806,-1.013389498243114,0.6151363860070677,0.45211361619693125,0.714356074556708,0.2171695507528612,1.0002176016715485,-0.3738142557016781,1.2661538043847733,-1.537176996353048,-0.65278414076866,1.053532578185943,-1.1609161651079627,0.4304526647516594,0.7287461344736886,-0.1173706938820741,1.1637157093603256,-1.348892519076912,-0.12564373655153863,1.2535332208868923,-1.3985120011201007,-0.4125489112897631,1.345861098063951,-1.4061277587697045,-0.09968099524659174,1.2820862837552427,-1.4044167958392104,-0.18287652793656267,1.3009384921413987,-1.4573861626284412,-0.7127925410027051,1.0169943285970873,-0.4682514155602533,1.2369553603999914,-1.4177248291135236,-0.39891712346894853,1.3797054188455875,-1.4999156655236991,-0.7666521486035894,1.077201517340451,-0.6130802380955017,1.0432365313010303,-1.049067670679004,0.30397652090980387,0.7870436251452642,-0.025832402820347676,1.2592664451174251,-1.3109542045632523,-0.17625499843994796,1.3217313949592344,-1.6056247621905027,-0.7449689668846597,0.8713566289784632,-0.40014293335592327,1.120582115316533,-1.3068541351127436,-0.08811663339315116,1.166981230398031,-1.2936978297580546,-0.062380222550019016,1.302645699332879,-1.3307114900326595,-0.1892472979055484,1.2692007983247025,-1.4448888678340686,-0.6100731646505544,1.0021129949417464,-0.8733648282817004,0.9134547037114309,-0.23452590681146168,1.2196165853784289,-1.5113861441800216,-0.8388048415560821,1.0316164191822863,-0.4041632090860278,1.1714461094918882,-1.4374298511088524,-0.3512878890164614,1.2927289274168352,-1.5537532466979416,-0.7947090411871804,0.9301538771524971,-0.6204317048988344,1.1072190608676418,-0.863782657060356,0.8404804407194674,-0.138661666237241,1.2721088188811258,-1.2949334066180145,-0.3995405202126986,1.2074841233017104,-1.3706292246382372,-0.32169118501941146,1.3414473155381375,-1.4524390055306615,-0.6417048996849115,1.041515673363145,-1.0946285652456536,0.6015240823477552,0.466937361770994,0.7037008627989554,0.298566409165743,0.9954982595736103,-0.37350870084805116,1.31499314196426,-1.5986837105748715,-0.5676638210981083,1.1957455438419937,-1.2426631160995238,0.047911325610306074,1.239806475911551,-1.463423991685518,-0.5003939721730303,1.3249735604764874,-1.5272564328724747,-0.3797974594988662,1.1151265647688764,-0.9806284659066896,0.4296948185656406,0.7415272594992428,-0.045397173855808,1.2944786081552286,-1.4171717852417636,-0.2600299165424884,1.3354553919419134,-1.5029096839726566,-0.7246155963069753,0.9409506888863463,-0.6505483593972287,1.1101339470895764,-1.0245712518788228,0.7839572743831873,0.021255643222094247,1.1112020006643613,-1.249129428870268,0.11496829511218296,1.2342124257334663,-0.9232881528644697,0.7844599396185336,0.15321078713000466,0.9633755208541057,-0.8141435163973259,0.7995349799955501,-0.17035011318368834,1.2072339472487807,-1.510090755709279
chaotic_074,chaotic,3.95,0.5812925200658255,1.4307164400038568,-1.6720082591657852,-1.1933597788612653,0.25756730071475165,0.9551401721099152,-0.07394623272671089,1.2371059691297344,-1.71708136618214,-1.2099062574734918,0.29312967720801897,0.9481775957246512,-0.8635340464352452,1.147882075212523,-0.6532644041784134,1.1115211981817705,-0.9208134109973752,0.7997792719549957,-0.09136482754304884,1.165382418494425,-1.3756125751764803,-0.42390911299515066,1.2813269189743257,-1.7114257156046482,-1.2704142552044708,0.03163302110267045,1.1114323189060686,-1.3401942808585274,0.1421321713588328,1.0980141514242605,-1.1114196203418871,0.569173284040094,0.4536804604201677,0.6203299638333433,0.15474347189780452,0.9768967599073697,-0.5203116479021286,1.261313020003755,-1.5752554446560207,-0.7243928320285571,1.1276354560811006,-0.780909352952378,0.9822363606493576,-0.35315186490913464,1.3084732608719907,-1.7351641441691426,-1.0399291552865226,0.5585449223226089,0.5348344563667754,0.6453250285681559,0.24586157919285742,1.028294760005086,-0.6126179229260317,1.0599931676879948,-0.8087922589135679,0.733631073430002,-0.2873575581224203,1.1500823629850432,-1.619117102153659,-1.141137419290215,0.28417355286007223,0.9730726032903391,-0.7298053091719087,1.0527485180848775,-0.7432286886317727,0.9891499490679946,-0.24097110310874606,1.320718461035805,-1.5991805997377528,-1.2536727877812628,0.07563257241302734,1.1385382988872448,-1.1877435361206623,0.3471389708570646,0.767538920937849,-0.10945592098146857,1.32860490177287,-1.5713875285448429,-1.26455737442201,0.4016334262359345,0.8489985543417633,-0.5651678371718336,1.1929173456800217,-1.34839003869992,-0.4061744460676862,1.251064881612194,-1.609292426264757,-0.8991890524682796,0.9870616194260317,-0.33674973419779186,1.3651804946214092,-1.5800475965141083,-1.133412458530382,0.5938359260306456,0.268752530664056,0.9780951868182357,-0.6838756783331419,1.0374064580265567,-0.9315101132411893,0.6537479928064067,0.3795219411066229,0.8145021730558104,-0.20747945872461032,1.214729943106534,-1.6942365374704158,-1.40432408284947,-0.013548537390509378,1.138327705148688,-1.016078606031649,0.15004508271378963,0.8901505645925908,-0.5355452539039505,1.3053466827113496,-1.2737036611307924,0.02221652810816238,1.2142603427745564,-1.4764353621308108,-0.4508392238887343,1.208309171389851,-1.4514262660106945,-0.7206653675258654,1.192784240066857,-1.0857540161909598,0.42305685746840205,0.607608957932296,0.0848390884878334,1.179551474919342,-0.9896336541312036,0.6706821043495864,0.22902099130736847,0.9411331881547423,-0.5575890324752327,1.2493533963091017,-1.4468494102198621,-0.5150402181055149,1.144863617708496,-1.344209639145974,-0.08160051447420813,1.2647517705603133,-1.6209906960520812,-0.8345869595525999,0.6282926382647201,0.27159149699997037,0.970781249524238,-0.7416032594367039,0.9979071919970874,-0.531689818603579,1.1486637894060971,-1.534625744009864,-0.39382668123347603,1.3221916353335788
periodic_021,non_chaotic,3.45,-0.002190129088880335,1.0068928206102026,-1.1063429276664047,1.0802867588322318,-0.8014522675434933,0.925581737739928,-1.0046493261427563,1.1011724691897251,-0.9575970846382704,0.8419347143792419,-0.9654328507408215,0.9001331610806892,-1.0922112581405035,0.843855158775414,-0.8929081671768418,0.9141106262037338,-0.9363093813326955,1.0679909694090044,-0.9928950445887683,1.024001075587416,-0.9316192255925128,1.0251792668862336,-1.0825238127541768,0.9126442453011406,-0.978786461286125,0.9995251433556008,-0.9670073693938922,1.1021757305360043,-0.935119147954896,0.933020103231301,-1.2206869785477383,0.9204105679566803,-1.0991061413953105,0.9408633790408679,-0.9852817960268585,1.0032956981307064,-0.7878870788466501,1.0587810555754829,-0.8233806854877381,1.0645555543133145,-0.8628848381957014,0.9769963935125829,-1.1133194251244496,0.9514315241296601,-0.9694693194326301,0.9508567360289614,-1.1062416927730951,1.035528348685208,-1.0659447583957753,0.8629170859345868,-1.118042671341764,0.9722373717958609,-1.0644844596846073,0.9897680784974822,-0.9507351928577359,1.050796381679048,-1.0323597352439797,0.8852610707615891,-1.0650497131720662,1.0586635658267733,-0.8817092291261449,1.0462561579211063,-0.8924440437117309,1.162946123861202,-1.0149980082720227,1.1564221685014926,-1.0345375238323056,1.0940046200127398,-0.8991518799964052,0.81992394631885,-1.1031494747491544,0.8762381150544304,-1.1410825871840569,1.097464014259636,-0.8083244819507014,0.9698390950923699,-0.8849013248476656,1.1562951483167623,-0.9891306367981503,0.9923927322723418,-0.9917073309674301,1.064300340309998,-0.9244374751232114,1.0396982653467362,-0.9262526922965953,1.0071176546227798,-1.164238541912927,1.0820287329300573,-1.0925433595684741,1.07229092375622,-0.9360933343946167,0.8839844358486516,-1.0267321028540124,1.2182510828518551,-1.0172904549448034,0.8762112915674259,-0.8898153194541971,0.9370812451597136,-1.1962112187128884,1.0452429894527422,-1.056631920835519,1.0433789115428567,-1.088624846964509,1.0634321674475142,-0.9496948853691302,0.7606304129890238,-0.9725983502961151,0.966550319304058,-0.8298259505836315,1.0506103772654418,-0.9362954477282999,0.925643810483941,-1.0441812826873154,1.0097405657978284,-1.0448471967328086,1.1246554789113108,-0.9822645597604774,0.8932511094107133,-1.090264611534745,1.0883982517237816,-0.9835674585517992,0.9908281949552659,-0.9069006055743755,0.9057378794496198,-1.184431247311114,0.9294289294949071,-0.9864331853170526,0.9703511928652159,-1.118823166850148,1.1110297389994257,-0.994116627010726,1.032367977298605,-0.9263955090211591,0.8861688516810754,-0.9806219789935009,1.0827173960415244,-0.8563230056377693,1.0824269326500846,-0.9602417068235333,0.8257254733895997,-0.9685137869507009,0.9194309225650309,-0.8855705829994719,1.104334401247973,-1.0593638920231427,1.0079220107906999,-0.9860457807865451,1.0820071468080137,-1.1297619303219824,0.7977258677775639,-1.0065308484934934
periodic_099,non_chaotic,2.8,-0.22314355131295646,1.083393012658048,-0.10501938548140574,-2.3090306162153205,-1.3842429387061388,0.053849215532689405,0.285680059654108,-1.7750780986266548,-0.09850426459275526,0.7248642850646445,0.9068500687206934,-0.560739192894727,0.32444965183081814,0.9836497467466634,0.7549145983538708,0.7954473870266896,-0.013446833521558557,-0.22975108569915584,0.15147308583010155,-0.9256399626955025,1.024887906796276,-1.722789860998895,-0.6558544496380222,-0.1691566749732177,0.35690263843960984,0.552228524181479,1.4167803000666286,-0.05062445566327869,-0.878034818627326,-0.28228086492794696,-0.4635816948996594,0.4091568387568958,-1.240939579339317,-0.313883572996128,1.5557768013193132,0.055539402406459305,-1.2263135067999753,-0.48478021272115257,-2.4533330057623233,-0.19267416647847968,1.5817919773382716,-1.3653040919940196,-1.6454725499142733,-0.8107327324021756,0.8265157773655202,1.6410152034648235,0.3345808349313291,-1.4685635076523784,-0.15458078100131062,1.7291778758232161,-0.4547466441137319,0.014592367161321958,0.11866318764527686,-1.738863547217531,0.9061962338081492,0.7562723416171953,-2.2043596891159254,-1.5150862464709318,-1.1397679637230553,0.6466641520488717,-0.9124795469801577,0.2858545942787909,-0.3204814052938454,-0.05746673161940083,0.38420362205248254,0.15170241183473399,-0.15119830636674034,0.20862776234013353,0.0941368171417149,-0.3494835529959082,-0.579870975262395,1.823817933739653,-0.5917969768279396,1.2899335778845549,-0.8438703349267218,0.7109502240553054,1.7232850526313002,-0.48241140716830033,-0.8254273665506678,-0.5777853555017983,-0.15160981767285286,0.20321133636945432,-0.173060481524277,-0.5681723174274398,1.9008663041865426,-0.33988810342606823,-0.7762542944116105,0.7320963272741094,0.7486548001300142,1.3372387528249379,1.873126349091386,0.22858322751748114,-0.4311988010824438,-2.1094222529989177,-1.1066515972214008,0.08539175655547478,-1.35941764413567,-1.7796849428765542,-0.0630232888224303,0.6762049142021956,-0.3877598021924776,0.801010733481364,0.5096532357981343,1.0635044266229299,2.1284755474541353,2.586600262464002,0.6293221902167409,-0.609624701440577,-0.06717418936374787,1.504402826130254,-1.060248887181163,1.3738103966596775,-0.3081587724394476,0.10469484151202044,-0.9713068873470759,-1.5078841416897701,-0.42140569322122234,1.2234035794220308,-0.8613716817095981,1.545232310796802,-0.7271465039148838,-1.2422166219626278,0.13226114785672824,0.5746294821059041,0.06410299325205165,0.025490423732769718,1.5352908115728872,-0.032778913367356936,-0.6206014763509244,-1.3095359208601816,1.1928583346406472,-0.5740923952801613,-0.47263362536358183,0.9622755848941124,2.004436811345825,0.12986426286749764,-0.2739224553399711,-0.1373487598851647,-0.6051411714513256,-0.5014822996868394,-0.49591089728482757,0.8155060752097699,-0.22315130869465813,1.2819452097965407,-0.2523765891503866,-0.5131091485179663,1.1972663848471927,-0.10906353645215376,-0.2629379750058186,-0.09657485984390039,1.3935546005759556
chaotic_020,chaotic,3.95,0.5784564853015607,-1.2460034717151152,0.36790763081282163,0.9201163458897399,-0.18508197420641462,1.3178233356868236,-1.732418534452931,-1.305278826868292,0.14702584516478087,1.1753799043700461,-0.9628978653040892,0.6899995436140409,0.014630273172754662,1.2014926101185828,-1.305709981140643,0.1098620669130979,1.1966555465439506,-1.1328516661457964,0.3830456254259261,0.9917069798175578,-0.4969834907867109,1.2215839308866816,-1.622959084181047,-0.9128879351357281,0.7862192462942534,-0.2761104990527204,1.2809588346274023,-1.781647812673928,-1.3131657241725174,0.12735377606275397,1.1982383299004056,-1.1094285995313315,0.11657324446694697,1.119660971815558,-1.1070634351757673,0.4844157456858592,0.6743853059694168,0.4216644025991559,0.8772067256211193,-0.39575193208998305,1.2874816728227991,-1.6961412814795804,-0.7553792788603456,1.0509977597657958,-0.6153446567368548,1.2124572532879303,-1.4817613904071991,-0.22875479634271054,1.3614465507763256,-1.6972290482755266,-1.1181334112996728,0.6023440797104552,0.3793286371824325,0.7097475665442129,0.1133111840583959,1.0980130022505215,-1.287934784199209,0.2132293051809096,1.1001375758119705,-0.6914185912558882,0.96726384542431,-0.6274033897742314,1.0522825877892217,-0.8692304726270945,0.6183438844396751,0.26763394713671224,1.0192236352020978,-0.7208652576743699,0.9445020431686953,-0.44196118497442366,1.2658597127200155,-1.641120757422209,-1.0630923588192986,0.4133004378610827,0.7356150395348887,0.13335532592583263,1.166284680552262,-1.2576820811359637,0.27541839091496323,0.8886233677296778,-0.20442185624875875,1.4176439333225308,-1.6898373395153425,-1.2832401065401213,0.07624651936525077,1.159458972917776,-1.3427866803036967,-0.10441295585382983,1.171345415399653,-1.4924572637958793,-0.5453165793728436,1.2592950529923252,-1.3394651537737794,-0.1457079740349637,1.3337056011539454,-1.6857746583533404,-1.0739873050362718,0.43356766177379563,0.6463751123982464,0.3823682244593923,0.814179409311221,-0.23704709817803188,1.2707645895758892,-1.770288485655716,-1.3590406639324235,0.1497330583931986,1.2411367288916006,-1.187781011947553,0.34605947401041187,1.007671987207751,-0.5207199285978081,1.057610407027161,-0.8693538473010058,0.8308020011727736,-0.21326627441887616,1.3654565686249331,-1.7425087185424568,-1.1669340675291067,0.09111208075187412,1.1825630642504605,-1.257943201914309,0.29949212091207644,0.9426604479931197,-0.5477981598837982,1.1950361326478827,-1.314328711499626,-0.4969714429614592,1.1659931233717846,-1.5900338401790517,-0.6536380026592526,1.1755247142639251,-1.0761311414036048,0.5018064328281664,0.6218831909247177,0.2686518169803867,0.9277038010226748,-0.6489769788315514,1.1162662409420252,-1.31470744041467,0.25295173811282595,1.1039561335460386,-0.7793048635396734,0.9211377737907629,-0.3614500056625707,1.1746538458456512,-1.5954566582537113,-0.9830512577245876,0.7215127486045995,0.23247767909466857,0.9675639534074985,-0.8526422167625263
periodic_088,non_chaotic,3.5,-0.8725073457385807,0.6066846571831762,-0.6885726005606878,1.1235997103271786,-1.2688281898270564,0.7253142019379263,-0.7031390814190678,0.9550686644471076,-1.08410759893727,0.847231314217741,-0.8862570873181163,1.0821198435608463,-1.1681925739501962,0.8887232223084734,-0.7762783488640226,1.036960634705801,-1.2813684558034704,0.8297785447865068,-0.8093730295476188,1.0954179467125165,-1.3815865112911683,0.9627190094263759,-0.586258770673205,1.005854335464611,-1.322512711847269,0.8313737148723048,-0.6918124727777301,1.1264769784371178,-1.209580844922264,0.9139617322694861,-0.5400443852923571,1.1076676778017656,-1.3785947014105135,0.7178210731148664,-0.5322020912449784,1.1506781949464688,-1.2341450928405333,0.9148510203443866,-0.6734528100313112,1.1433580442049078,-1.289576422660383,0.9728808716421581,-0.7390404187055101,1.0154177513358242,-1.4157725416522646,0.8491100542472528,-0.5674577951876483,1.0581071122927448,-1.3858765024259616,0.8991338159440119,-0.7511217364129015,1.2501040151834437,-1.1510378920450086,0.7502051122569583,-0.7054421580282846,1.0295872398024364,-1.3650033091978144,0.8665127560190156,-0.6104662057829392,1.0940672463073917,-1.3033196328758783,0.6606652388600578,-0.752533510690372,1.1547130909174292,-1.3823721349868996,0.99464647896352,-0.7446664096870756,1.120433768618795,-1.2921181136470206,0.759259030016462,-0.6466459295249763,1.0446415439390662,-1.3336544149035465,0.6443995614523527,-0.5640896252371961,1.102477668054107,-1.147977261974062,0.9312381024240656,-0.5828769729105265,1.047883702745909,-1.3852932926185766,0.9448796129119934,-0.6763314159544412,1.0572439913515987,-1.1828090433697542,0.90136455514594,-0.6276299734548559,1.004015657922221,-1.1603218718268626,0.871424048937804,-0.5849411178017323,1.1945795380147888,-1.1882096675676959,0.8612292757155569,-0.620868521273188,1.208224089328544,-1.1958264040516722,0.8912619011466617,-0.6206502940860292,1.0515635785572393,-1.1089750995358947,0.7108667066214499,-0.68550192932171,1.0630268684807367,-1.3152609834015314,0.9010836275991546,-0.7965365984189307,1.3078926239895463,-1.383345178977939,0.7808028499747302,-0.7888981465421157,1.1208911929474044,-1.156786803841127,0.922221763589986,-0.5478483816207551,1.0226950255213074,-1.190849557301206,0.8428099059042289,-0.6669618468482557,1.208022630180731,-1.4159090212509096,1.0624657621196414,-0.7026994348991301,0.9480872688609991,-1.3202346925616513,0.8816609788762851,-0.7551431688006521,0.9058451117675069,-1.2446421546729014,0.802774556525688,-0.6264619310431879,0.9996127739160453,-1.0374134065368674,0.9210368393947106,-0.6699562373543936,1.1615403960631017,-1.428281305759467,0.8242937490791687,-0.5181074517316728,1.0712428818044337,-1.259922977865521,0.8272095404978481,-0.5485985406111489,1.0784703113042742,-1.373746360519042,1.1187362391866176,-0.8204257086477091,1.0925668821335133,-1.334493306571732,0.804703362404547,-0.7902526061332155
chaotic_071,chaotic,3.99,0.6451970431518534,-1.2012890577003315,-0.4134862120430961,1.2868590436479102,-1.318675945069703,-0.61724229630168,1.051607567662763,-0.5577703170147345,1.2242110381648112,-1.0454643139451736,0.33483116776976246,1.127935338234904,-0.5752960445524132,1.062383524721579,-0.4762792743949496,1.1975521668683864,-0.8055529313776947,0.5780818130980768,0.6663740702361157,0.5574827193122543,0.769431039100852,0.09318747191253683,1.2464402911877484,-1.12157375214122,0.012277620470501644,1.3099975665818853,-1.2580008852681965,-0.6944886826702962,1.125058243334119,-0.7375829096648798,1.0535805767698863,-0.5197276813634766,1.0034044228215093,-0.45105350207433487,1.2560767502617098,-1.1883676068383024,0.14850722629474947,1.2435646325215408,-1.0812100101076025,-0.21439802550020826,1.3234371999786796,-1.6552357072037804,-1.5738743750105164,-1.112266771939674,-0.10321814224763268,1.3115947720000063,-1.6249529331695245,-1.5231651072898573,-1.1254233832957201,0.04019498326580831,1.2447663998304228,-1.2897541624275457,-0.40794875011082965,1.287881684968923,-1.3233817608458063,-0.6121446267491507,1.07751865421086,-0.5289862184386912,1.1113094620599482,-0.40263639998008643,1.2371876744949921,-1.450838094573102,-0.6794504542789553,0.8335804434574539,0.03556034649517233,1.4314582722771476,-1.4674544333889208,-0.9735260013179102,0.3468953720281624,1.0356913543206634,-0.5447005956503573,1.0001345464254703,-0.46396214277013065,1.0907450210403005,-0.8183175127103798,0.7129629728389886,0.16920235569521977,1.1451928680519257,-1.0892057742395536,0.4630081299106036,0.810236455923137,0.11278340265501563,1.3160080627896398,-1.4261151482750096,-0.7574121026499248,0.8633130933496069,0.056264442042598915,1.2822471319991737,-1.5839653078877478,-1.3540879484276742,-0.5073384832738486,1.2589479440579001,-1.183526489138115,-0.07347591757123266,1.4081523500099487,-1.456088915470913,-1.5136972707119303,-1.1845503398167905,-0.15320387768457164,1.3825777298127107,-1.5722243039703003,-1.3935069717517563,-0.9627047278636898,0.6011778305778402,0.6686695810950475,0.5105177865178202,0.7573219089831286,0.24532217927511332,1.3380882255504132,-1.1709842771932115,0.13909239969026574,1.1012352121679867,-1.2762866775750845,-0.6220849049084668,1.1292536553622339,-0.9873327985494955,0.5382113210764662,0.7612853225786277,0.27091608079066803,0.9635534290608694,-0.37099723778249805,1.385744124676181,-1.360580522389019,-0.8084556316896313,0.8361714406194526,0.09558347071904776,1.3623611431831884,-1.550509878372247,-1.135423231149673,0.04363657976420845,1.262934993122914,-1.5022481660167268,-0.8252129148806637,0.8695077097872925,0.18015713916734408,1.1846674636692274,-1.0069122350068673,0.44905210372583115,1.07026857725233,-0.539237773182278,1.0193844324603025,-0.5728991380366405,1.1116221344275108,-0.7858430329692504,0.849825687313001,0.06191179271866709,1.2696053615419856,-1.486446595176821,-1.0436421856800036,0.09508014961188357,1.3050411472675723
periodic_006,non_chaotic,3.5,-0.8725073457385806,-1.3998695592538921,0.9432844698329331,-0.6623035300017386,1.103390096125612,-1.3137191504951313,0.8693374814347196,-0.6381076067359691,1.0648995912799275,-1.2055551191159048,0.7861690124184842,-0.6777193871614218,1.1986026828214367,-1.130747257770243,0.9879166445933968,-0.6598514082977103,1.0930681747443607,-1.2904248284889968,0.6900832539016918,-0.8147466082479158,1.0740995373821036,-1.2580771318115094,0.9959569337175996,-0.5620740300871162,1.0248483443777048,-1.1700483717263082,0.8164733587457516,-0.6221316775746416,1.1666368796022042,-1.1297903079501213,0.8149937752092788,-0.5906212315104763,0.9121466637301038,-1.1246486111482192,0.859418514420329,-0.6873346969778953,0.8965074554836193,-1.284713113848672,0.990566263562231,-0.7275174060818214,1.1578441163238697,-1.2445069281159904,0.9627491578837167,-0.6687878581468344,1.001542322627909,-1.2424268408690637,1.0139114363716037,-0.639704030486212,1.079002383611019,-1.033493008869427,0.971921124551384,-0.6093904482049074,1.1202125110405454,-1.1784133397449688,0.9342550024090197,-0.89434896972606,1.1275839517696506,-1.263066309272802,0.8143161447750286,-0.7055471645270933,0.9422585136955464,-1.4192284474308727,0.9802134015099673,-0.6430753359011381,0.8608276034400061,-1.3025464699619218,0.945447922831329,-0.7135820262585998,1.2083408624066445,-1.1480627902090927,0.7329069425222149,-0.7005963890027397,1.0474961390995348,-1.3797679400904863,0.7236384029044445,-0.7635529429368049,1.0291766342950384,-1.2208827251758494,0.9609958613216962,-0.6381840349405575,1.1613505333679126,-1.273118493006435,0.9190804026850772,-0.7010762251224899,1.0481247610072217,-1.0675642419668439,0.6403988559592104,-0.8649452816951646,1.1264214827200447,-1.2729631223457682,0.7252809582338305,-0.7871690476011296,1.0022458706930246,-1.1630173105264865,0.9769746475537671,-0.5312213584106925,0.9391080579998078,-1.3776670278234602,0.7254099570295307,-0.5645385434338424,1.1297013446904798,-1.2401707192671125,0.8836099429092465,-0.6923744972273987,0.983555838889022,-1.199038036128405,0.8441118729794707,-0.8010116161990161,1.144622209084721,-1.2882396966110268,0.8834061472840955,-0.698853611729524,1.1747462169763392,-1.226874099672683,0.7778432023782907,-0.6563900852299931,1.1237604223726567,-1.1992128194472476,0.960203631835635,-0.7454991756292778,1.1535190220486136,-1.4116480898300066,0.8503965031554437,-0.7130733474167451,1.2276107784455728,-1.2626416163890088,0.9195543201646019,-0.8543502927372172,1.0566476709010513,-1.3281942466978316,1.0969697783143295,-0.7503265256936147,1.097026379572971,-1.235764922870846,0.7107939656485159,-0.7369541348046078,1.1285178346497318,-1.23964602621329,0.6432550429388618,-0.7408449763510263,1.187043349353642,-1.1919082394925034,0.9775088275412332,-0.7806174734476136,1.2117537137167647,-1.2520082751564914,1.013056964085894,-0.6866666127856126,0.8955537472258053,-1.167110116550774,0.8196611164822799
chaotic_014,chaotic,3.99,0.6430828436633093,1.2717584521709304,-1.0474161591188174,-0.011243083026442486,1.497451561830058,-1.4718759343618186,-1.3241488409933682,-0.9338880353506749,0.12201443416414144,1.4684011623096784,-1.3204321976679392,-0.800060113719034,0.4946736927345855,0.869850206727678,0.158753648756643,1.3693116075822378,-1.2269140088557406,-0.5626283748574954,0.8845840381051737,0.12534876757977023,1.4754538537675759,-1.223124460863322,-0.6772114860443138,0.847635379423263,0.09770215829737852,1.3706692792047896,-1.2514225223980635,-0.578943019076949,0.9624121822996275,-0.021312544549187157,1.3237220154198308,-1.5053924692971656,-1.3433610301717582,-0.9894501847295186,0.05767627796056356,1.3159006130290722,-1.3659995715429842,-1.2470429700443098,-0.5307470798501451,1.030501387267788,-0.3436906335738799,1.21627633184417,-0.699272831353078,0.7842454305769304,0.724764823344923,0.7521433876882182,0.20557010874006462,1.215668224077188,-1.0320154903397134,0.08496124802577155,1.302887677322101,-1.3106201665577413,-0.6022124295155185,0.9143121887359945,0.11513826107561062,1.3759517644015364,-1.3109926838794634,-1.0058365115113226,0.26471110089787697,1.3348665606463395,-1.3532184307413855,-0.697748671753155,0.7806657149891103,0.17139625205728448,1.2992665564711363,-1.2155386650170936,-0.335475082994657,1.1765153685833085,-0.5741355723264013,0.867432723400693,0.005877670795562119,1.3575665626264009,-1.3687299149649974,-1.2125422204754952,-0.207515720332128,1.3417009430274232,-1.3340305084084199,-0.9458503824102983,0.32583369362501863,1.1343372905660234,-0.6078679222325037,0.9590802607789402,0.11372706706815923,1.3418429485665537,-1.4170999623754013,-1.1282690304743674,-0.30359346843029933,1.2289496379363039,-0.9488836245868061,0.17463616134510654,1.407634888511491,-1.1932592176719632,-0.8536119438919434,0.5718006547921779,0.8387186620740067,0.271037507291564,1.1887562634125184,-0.978276062923452,0.3760050293155131,1.0843909062681893,-0.5545506059345372,0.9600560431459143,-0.23942722001503314,1.36230495394994,-1.344427268486927,-0.9792746738898501,0.19442893308221504,1.3691352384673439,-1.3424739584990557,-1.1367473884785264,-0.17913734844790288,1.4579292922084734,-1.4791150151033396,-1.3474190106146986,-0.782398047567307,0.6158709857619309,0.6966171776828071,0.4706159568999347,1.0420691860054037,-0.12575091911246364,1.2913772671533135,-1.3857258819798823,-1.310529933359871,-0.9953829374293042,0.11690636792391315,1.239448938494588,-1.1008715554522148,-0.10456609430526985,1.2917598370341483,-1.3655993250015188,-1.0021421094754526,-0.1438205744551494,1.4292422191051002,-1.5043690599176351,-1.3094603123976614,-0.909135629141212,0.36104308956743464,1.236150856682953,-0.9546820971298859,0.49447528377614497,0.8994370478906103,0.12912051103365255,1.3505510182528138,-1.2088067800882287,-0.6291143769951051,0.8283514050951205,0.16506098061236596,1.205382875454738,-0.889605231546568,0.26091175260288135,1.2166967826913995
chaotic_092,chaotic,3.9,0.49910124745864004,1.122409103938899,-1.030703708794733,0.5757627306162272,0.45618819363345164,0.4473968505085209,0.45560298995209236,0.4959777302022164,0.5511327576932241,0.34516644619298015,0.6964073368394791,0.18772890739188902,1.1040441304964292,-0.5919779242813072,1.0556060903544988,-0.7639675930523511,1.07236807350194,-0.7317752673051828,0.9996132412678606,-0.7415320238671966,1.0351065770031491,-0.853864163469859,0.9292093339815393,-0.2507030738648829,1.3969614274926474,-1.5333397411331824,-0.7648331600470605,0.9234576772261782,-0.538412591707385,1.1902863481141979,-1.4365468956869878,-0.41345787143271745,1.213016413766186,-1.473625910370401,-0.7702041888603484,0.9166621724606481,-0.43868327291836245,1.103584750827621,-1.3841080633084268,-0.19499874538478268,1.2707581721200838,-1.693142117421871,-0.8221264046425626,1.022820210649706,-0.4437384137362822,1.140264655991034,-1.2555487393649898,-0.37836019644791624,1.2617706444367147,-1.6414435145478758,-0.8499804920993353,0.9261877286638633,-0.46527678113894233,1.2919063867409395,-1.3477746559620611,-0.13316842228645842,1.2637059867455829,-1.3771534255654418,-0.28353710306015545,1.295276908661373,-1.5806932306832924,-0.7741760589973011,0.9464142077487925,-0.44486768778604074,1.3482155670729765,-1.2947383036504887,-0.026889414177195436,1.2278395673882163,-1.376537487578369,-0.04627094387289828,1.2736919548580874,-1.4822789681136652,-0.36636347920740214,1.2489150083056633,-1.527574207827403,-0.4296841724887677,1.2514941485208906,-1.3603010950909047,-0.27984182898625415,1.2658795082320486,-1.5878122137797035,-0.7296972962799433,1.0416922022238875,-0.6630111098988205,1.0757627187457306,-0.8193420314606673,0.9808371683957492,-0.43668518025976927,1.4199076212740172,-1.4557240581456499,-0.6451921778430789,1.1768710177227997,-1.1218909989962942,0.2655302326775557,0.8158092370528961,-0.4514259703339324,1.2967492401115377,-1.6290651666973517,-0.6954505372816084,1.1769521057875554,-1.1090742448027813,0.40479709206233805,0.6348946006539224,0.14285561621778395,1.0074780031098678,-0.6193870454965174,1.1336800023631126,-1.1620607327338575,0.24408691563216475,0.9026654418861157,-0.6150277108854958,1.2435518316173573,-1.3587472832226763,-0.20794116976184593,1.2018692725117475,-1.5426016850662496,-0.6562192008237919,1.069720426089954,-0.7298894225371773,0.9310872714133217,-0.3137691907302522,1.3246013436939172,-1.567557646535029,-0.769248783161597,1.0527181861548647,-0.6030748942515858,1.1856052340591698,-1.1613034595470504,0.15792116265268077,1.061164571681506,-1.0170586421518724,0.6357940893924787,0.09717690905191674,1.237503018613102,-1.3939055105357516,-0.13080972027945617,1.2027013521510441,-1.5465789645039674,-0.6925122219565204,1.0248106688067256,-1.1461178678932555,0.5075545057314786,0.425524675911426,0.7486922252616005,-0.07824677270211593,1.3136912174778923,-1.477557550572668,-0.5127290104187995,1.2242427320055687,-1.376410623088267,-0.05800241493818788
periodic_079,non_chaotic,3.2,-0.9162907318679084,0.821619740673597,-0.9017113463771387,1.1580590601959322,-1.0856537159757826,0.8486639078316176,-0.7889386564582027,0.7946996079141512,-0.8615656427127092,0.9175126445675563,-0.9471898911499728,1.147645984748923,-0.9361349043583262,0.9560182972132018,-0.8076770475486453,1.0376251178568239,-0.4883744790529343,0.7591228131301894,-1.2428367803709393,1.1361021702111236,-1.0070792644044193,1.1079411342889187,-1.1560364838323345,1.004811223918132,-0.9387797372420864,0.9213210330228767,-0.9702696078783961,0.8071112975261757,-0.9475072506974862,1.1991115046139558,-1.1754756657042604,0.815989385955993,-0.8364700132871074,0.8135197109309926,-0.8852533421448027,1.0049810042638139,-1.0609949092857576,1.202054927241208,-0.8730272321210824,1.0363143760128826,-1.3032698228472124,1.0967192845421814,-1.1521931198322455,0.9663349819050138,-1.001620924250287,1.2622104734623583,-1.0380109613627029,0.7985582052081714,-0.797406122207206,1.0986015869272345,-0.8960938707270526,1.205112358023028,-0.7619951849332948,0.8727188142675419,-1.1968999640255484,1.1149041732746452,-1.0392992893337805,0.9732622836046256,-1.159288775210932,1.0787939292155984,-0.9464866281182682,0.975535810230265,-1.1965302340337474,1.166111962608067,-0.9669354384846923,1.1533608343959256,-1.2963355316283218,1.0051869448011046,-1.102761660517305,1.002299514017271,-0.870923684513088,1.0489154394207383,-1.0001143328594804,0.9990362810299964,-1.2204698284774178,0.8706472144903266,-0.8460548372853285,0.926652118903822,-0.8433830806167607,1.1126560086587711,-0.8798621890419314,1.0437437016859294,-1.0635346652978326,0.9761427425216853,-0.9132138242353004,0.7004047123774773,-0.8289489965099051,0.9274086693100222,-1.0146949185000933,0.9864057179501555,-1.008207851894656,0.8137984742856333,-0.9814564039730619,1.0802558110226181,-1.2881573557883494,0.8155938330814732,-0.8775355485470617,1.0963762187421027,-0.9609252635837673,0.9019879621390572,-0.9027082464799535,0.8292637009297817,-1.0218244279093474,0.8147968127675965,-1.0252690758270693,0.8533550817639415,-0.8970944711517823,1.057746273408248,-1.082327295380126,1.149514181637994,-1.136196715334656,0.99232391007569,-1.0885063126452676,1.1009253376149986,-0.9127869695130314,1.1790725987740653,-0.9910561799684388,0.5839371778267668,-1.0628168858609783,1.2158434730320744,-1.0480313697608765,0.7294632573174431,-0.9398949478231503,1.0704375247366098,-1.104200102206717,0.9627924020221461,-1.1209719102813536,1.0702294885483674,-0.9947409038607485,0.8344483636068921,-1.0039779600143899,0.8948829765927923,-0.7986047593254808,1.1220583460947688,-1.0197217263132845,1.008572254734389,-0.861069032390551,0.9730063867631421,-0.8967339360657077,1.2035717322196042,-1.0711979183838911,1.227139298892191,-0.8134000477009581,1.0319632557972247,-1.0646384442130428,1.0302249675822086,-1.0367902385873478,0.8865391072802076,-0.9283117253029187,0.854314014001769,-1.0499250467016867
periodic_002,non_chaotic,2.8,-0.22314355131295646,1.4050906279801576,0.9734711901094951,0.49970112224934143,-0.5546923366584373,0.5316575343181967,-1.369161144571819,-0.5979400844179124,1.5523074881029557,1.416845804543587,0.5123294091357405,-1.964043502342317,-1.2095381615099647,-0.6563191774053811,-0.12504662614960857,-1.2536802700065608,-0.20311439835288417,1.9036820113725816,0.473984522376815,0.2835521011401325,-1.010048249885595,-1.660236635830183,-1.2304374737714139,-1.7025108633498551,0.13310623954999842,0.45625002056261765,-0.9553639995503356,0.20936330637583958,1.5915755514464136,2.1028957003946465,0.8606624670592274,-0.1283334824171588,0.8268612716605753,1.4689685893229036,-2.0455218549062084,1.6052558788441988,-0.5151912225232811,-0.5051219757151302,-0.31675518670561986,0.38949568909044713,-1.1080833561306156,-0.2433964584541509,0.6041848499911376,0.28328490278235197,0.4530365948355514,-0.28436316845064064,0.7804124647970211,1.1599042481039303,1.0971517822383792,0.501997963979745,1.0369418852322252,0.965970674522463,2.854971969915685,1.3290362113813645,-0.03825267675263141,-0.8992722957058354,-0.21862708390687663,-0.2925410335595439,0.5896890348762901,-0.6780648445002007,1.3019481588825728,-1.3992719091537666,-1.6534780404319878,-0.0867705835570706,-0.8269532544501874,-1.2618649989761206,-0.6119543673251212,-0.7421280613207712,0.0652017699969791,-0.5945870107764198,-0.5094864266534485,0.04950753594306261,1.1157779083426416,1.5934082649646966,0.20920450487052264,0.29057942217686733,-0.13706626254840207,0.5581186724973007,0.4628766862497427,1.441804784080859,-1.921513218072831,-0.19075158886972113,0.4094856101105664,0.027098085766199518,-0.9280384185371705,-1.3049014028749215,0.898236510829699,-0.7373570522026763,-1.7815167827352487,0.9508124756322386,0.5348225216398025,-0.0666381801665945,-0.9022775280270916,-0.06409294571663668,1.3264419949262176,-1.634827230816079,-1.581758222491062,-0.6022191278329221,0.026721708669615096,-0.4646612677479111,0.7271638020215414,1.1938223291400527,0.3462682985939643,0.6409669255412478,0.33929043225437855,0.06454654801467878,-1.2988246370109888,-1.0209675175973085,-1.3588389570074761,-0.10077898786667532,0.29762601846761444,-1.4617341048878878,0.13055309413172556,-0.8611218738754475,-1.0640821943241137,-0.5996914161844792,-1.1177323953828164,0.6893330203367368,-0.12118103051403085,0.9075396359828023,-0.4094224063765471,-0.36986230051424546,2.0146790139109094,-1.6435753622787594,1.3985239543700292,1.78569189270084,0.8558570606824282,-0.2911658190860401,1.5475358506599008,-0.2820536622893713,-0.6838500763798931,-0.3516385113891189,-0.5419831990384456,-0.9358332928701996,1.2159761214426168,-0.7546441963451271,0.023579417260916787,-1.455989515854259,0.08683499762901443,-1.1548225044361013,-1.1805188807322293,-0.05974719182078128,1.1604861289323976,0.5153939476691934,0.5872803110341467,-0.08133115998463591,-0.29657486691717816,0.8823521280727015,-0.5346419033415566,0.9276492168860274,1.347743539512003
