id,label,r_param,lyapunov_exponent,t0,t1,t2,t3,t4,t5,t6,t7,t8,t9,t10,t11,t12,t13,t14,t15,t16,t17,t18,t19,t20,t21,t22,t23,t24,t25,t26,t27,t28,t29,t30,t31,t32,t33,t34,t35,t36,t37,t38,t39,t40,t41,t42,t43,t44,t45,t46,t47,t48,t49,t50,t51,t52,t53,t54,t55,t56,t57,t58,t59,t60,t61,t62,t63,t64,t65,t66,t67,t68,t69,t70,t71,t72,t73,t74,t75,t76,t77,t78,t79
decoy_047,surrogate_decoy,,,-0.6502239538715415,0.8502624715809043,-1.4897302557138314,1.2806551259172354,-0.2890421902228308,0.6312873025439534,-1.3863061039097655,1.027070337263481,-0.29677897249244806,0.6266427707766068,-1.2216808998178712,1.0427295618776946,-0.3378134206605438,0.9771591794153309,-1.3037704400574859,0.6887289532909252,-0.3297374982947055,0.9356632961593999,-1.2144372558288121,1.164165137287243,-0.7399149112724188,0.9446949220033437,-1.3336058796704107,0.9582902015935605,-0.9646989203304672,0.9449533794021918,-0.9863609696084337,0.9608405671392873,-1.2501964765835802,1.000696955325325,-0.8951003780451184,0.6459414157460321,-0.6555672799887434,1.0837322190787861,-1.1607755417452585,1.2850147470055961,-0.6181082203354973,0.5641273040300371,-1.1084887260523706,1.0775688276655517,-1.0264016784574272,1.019187497123878,-1.0311643775133505,1.1130595843130777,-1.1495793763294249,0.8905850181778454,-1.0297652005788702,1.0004445293845603,-1.0941317019588768,1.010027474664369,-0.6641344826596923,1.0202893967872944,-1.142661575006945,0.7131506500215277,-0.9872647779638435,1.1179896427780789,-1.0819171982439357,1.1104442968687465,-0.8520050566668532,0.7923948956548772,-1.4782424497593085,1.047383294465669,-0.5978814509123833,1.0180016091147674,-1.4230501120047578,1.1454083496189762,-0.5764364618604015,0.7634174074708462,-1.0556882891833699,0.8908507530608395,-1.2020320675612046,1.0589679472382743,-1.0877335742564689,1.033882080784831,-1.0578582552731577,0.8285565796375938,-0.30644366639957354,1.0062972878245553,-1.4072936210210119,1.213460698019863
decoy_007,surrogate_decoy,,,0.055520181791160625,0.24652306329348078,0.8420196606682863,-1.338502540896313,0.42852751120010557,0.04346189847020725,-0.6680738131873053,0.66997993517499,0.2956341910015447,0.9911105966152735,-0.05444437150600562,0.36214267933536554,-1.2094307219851685,1.1506150061718066,-1.6117455980650781,1.4541337478157021,-2.2318727449577387,1.1225249649026916,-1.883189214617138,1.100922934931064,-1.0958669021767615,1.3586695637940174,-1.6558570144549747,1.1186552091889654,-1.9495619591009115,0.29677160569276273,-0.11850154639203458,1.3316508000765208,-1.8058202745857208,1.038157906570171,0.23225708023177763,-1.3897493800083018,1.1635333246661066,0.16687626255018154,0.26649520760827916,-0.09499963050144679,0.35614265332680567,-0.37311955643940364,0.4404672533857434,0.3453087589066585,0.8157219877323515,0.3420606017611402,0.11698421462587454,-1.269734834349332,0.4257552853719473,-0.1483723271100712,1.1032153572661814,-2.0588837594990204,1.2873186043789229,-2.0832619772797463,1.3543792385769113,-1.9670786873254873,1.031533574375739,-0.1606959663017694,0.8571252951849623,-0.8877177421607352,0.7891623766133742,0.19148727992912057,0.8775300641873716,0.25876190377543223,0.48017666776753465,-0.2923473945352147,0.3828644595503915,-0.4144902254406502,0.5976348133897358,-1.9138877138037227,0.575391018736646,-0.84964560808613,0.40026604978163455,-0.7941393379925388,0.8721628427982632,0.21566572745035303,0.5080542426887237,-1.526286994996095,0.4093582422278872,0.16324468620131136,1.061695644576313,-0.5789104801073267,0.3746307478234641,0.055905393720921105
chaotic_015,chaotic,3.68,0.3358276691952879,0.05041853092709051,0.2961190145094677,0.040966783297134934,0.33915603884960355,0.08809999526866621,0.8434701325830302,-0.7676010227902365,1.243197260441464,-2.09384093869854,0.41078892497050845,0.2362050426249492,0.41287823256174266,0.13646701206050232,0.4509233982296193,-0.23124475356320634,0.6019033463552889,-0.8165755706410387,1.2785899989673484,-2.20154545787881,0.32029586827205986,0.22188118697320733,0.17051328815344113,-0.005840453087661817,0.6268953300981964,-0.24395410603061565,0.8905171447891739,-1.2929470799342908,1.2719625988371637,-1.66508056285317,0.7704024387886229,-0.772203950677358,1.193489803154724,-1.9769020841235416,0.4122315933537749,0.1603881093214526,0.5905219768554725,-0.18283465681515537,1.0060684317318018,-1.1890148363514685,1.27736124525043,-1.8919811933688762,0.5151877805277479,-0.38378424527630284,1.2173895469068738,-1.9983791524456493,0.6140332562140358,-0.430043853573713,1.1434461576109407,-1.8197849028235993,0.901367352597624,-0.7739707905538556,1.1585805426332885,-1.9507668447614925,0.5144062259766843,-0.008167783689033323,0.8732071460196107,-0.698178503825421,1.308725847443804,-2.048899435569242,0.4042668018517166,0.09539099169888816,0.61418837429155,-0.219222483472573,1.0816855902195406,-1.341011283925538,1.0596541040684175,-1.6757893162849555,0.8497802690956414,-0.8794769196088392,1.5116000575382744,-2.150689921693889,0.3203606668274309,0.40832351510776926,0.2724500923317233,0.5639304632600047,0.182619490210685,0.4196221755311741,0.022772086856488793,0.5245443294024326,-0.20951348713018836
chaotic_079,chaotic,3.68,0.34252904183026023,0.9656820977450469,-1.2630180596132197,1.1625717147160304,-2.224991067293694,0.1574259022892545,-0.042221583293082836,1.0325898281623156,-0.4760372123993516,1.177817107910744,-1.9839361008929117,0.33681286548649414,-0.17483526196954224,0.6683461575443325,-0.711700191835262,1.268958960498346,-1.9934469956634737,0.5312979554287048,-0.01138106188789423,0.7242542403135609,-0.6306818770370002,1.0723392370284386,-1.9597054200311848,0.8356913025706093,-0.6567054360522114,1.066388728793491,-1.9560340557357354,0.4345407855343705,-0.008584979872810834,0.8987244251238792,-1.0233001813840896,1.4122180355809755,-2.1471016375299294,0.4290956081904169,0.1576872629023723,0.6324559235864816,-0.25708043885271126,0.921376106396624,-1.309045122192781,1.1222674634554493,-1.6436922678538164,1.003202381753756,-0.8854689232809743,1.3567650705459797,-2.0485909316589237,0.3784562385503082,0.4612911342078431,0.30370488857994216,0.3168287365542944,0.41155424487498876,0.2383770724782775,0.18605429691498285,0.3171171778073533,0.34794359634658095,0.06338570955694937,0.5382827688213444,0.12979186985428567,0.6059425622131129,-0.5404426901967476,1.006305676760917,-2.0237305427704695,0.7154065823055459,-0.12522740966748136,0.8690239387192537,-0.7610250030435385,1.1365028643424258,-2.105494775310918,0.3182238367749561,0.4901095048580833,0.19308371137459043,0.23034491388132156,0.2614746350298895,0.0990984535867843,0.5781554273801629,0.031718004147995034,0.6556057801678268,-0.5563599720946837,1.147921670412778,-1.8294740277341026,0.6589726876859712,-0.7098739185979448
chaotic_064,chaotic,3.62,0.2212971235675251,-1.127871230867557,0.9228624577544242,-1.3346501291158253,0.8846109123849192,-0.6890799915369654,1.0748428201266227,-1.5017289326907874,0.6067682398205323,-0.15201851302522337,0.9301305020240725,-1.0733882107628618,0.9154323870772884,-1.2462830474197046,1.0165357712500434,-0.8585875151682596,1.0430906246672604,-1.292745169114842,0.6443371508854467,-0.22796353773742295,1.1919037544701792,-1.2779606869774571,0.6957955620917748,-0.45791045377104195,1.1778048396906813,-1.5312976314487392,0.6537181289578008,-0.02287845224911461,0.9907212526102886,-0.8304960051767147,1.161814752182446,-1.5792856784608749,0.666617595596872,-0.16611061359347923,0.9674622530846515,-0.9592590206505855,1.0549794345715857,-1.3899746868945224,0.8691188247563328,-0.4556837303994698,1.089370533655842,-1.4404714447811824,0.6241623237039459,-0.11922446219248937,0.7691477235540334,-0.9663277942041119,1.0446663783085823,-1.6086232745300968,0.8035897514098781,-0.28146551755250976,1.0427567300439748,-1.4184393211466124,0.7242084496505741,-0.8038653203037313,1.3024333071793086,-1.5166463300399995,0.7092818156543413,-0.25901129236903414,0.9872878782046692,-0.943355436542992,0.9887071141718307,-1.2135009454979473,1.0740518904165368,-0.955883629548081,1.168083047702658,-1.3553182242650017,0.9431811933689027,-0.6097706013579687,1.1814401552172809,-1.4889484454923823,0.5258621582666508,-0.09040843224480238,0.8389198970978377,-0.6971165386882475,1.1132396870549266,-1.600853135957156,0.46561357188058994,-0.3345707943640758,1.010699658767749,-1.0833956555864015,1.0871193044129686
decoy_057,surrogate_decoy,,,-0.1830043751117001,1.1619910881983586,-1.5830846438607258,1.317540683714559,-1.0589940058568452,0.6196736161687326,-1.1578193230950684,0.9708905668374394,-0.8501019704943444,1.1287894945192698,-1.347461348557988,1.1880979432625158,-1.35294887288793,0.5688336966566799,-0.08569861214456949,0.8807554687942789,-0.486560254258358,0.5835400079162175,-0.9532217722514944,1.1380097031692358,-1.0794362750381359,1.0516709485656865,-1.4642094240538404,0.524069168167209,-0.12467618788019322,1.1043621748488226,-1.5525056021188248,1.2501137290410065,-0.5583099783157025,0.6404884331003602,-1.2992384690933934,0.9611260376921643,-1.2982504182089367,0.9963408896329197,-0.3955999518963121,1.1442794065218913,-1.6876393515719388,0.9666921477804545,0.1492975181729726,0.5525382139789422,-0.1472247192506147,0.7982214991599468,-1.3745510076091276,0.5983285975699433,-0.27177143852817787,1.0549862086364683,-1.4236167285841268,0.6530183124999877,-0.4734251927186849,1.045233230253418,-1.224289070078611,1.160600818159094,-1.5147291605709645,0.6584847597692164,0.21513591698027582,0.6749839354331603,-1.617536819324647,1.1540069169203382,-0.9116161149694938,0.5816886212853289,-0.9504493366476284,1.047988931900229,-1.3149555825623431,0.8156235879243818,-0.14868554681737214,0.9144866545556399,-0.28741928005236084,0.618114902655205,-1.1842369674846018,0.9625964709109743,-0.9201715243216559,1.1929435378367657,-1.0607917565071365,1.147702672539633,-1.4951648454994033,0.9802238135624056,-0.7666969983816091,0.6297810023170461,-1.1331582514727325,0.9359998504684275
decoy_034,surrogate_decoy,,,-0.48235574373371115,0.8027877087211194,-1.3702644429566662,1.0523269574682808,-0.37180689418199175,0.6148497238719597,-1.231752044670368,0.9312294423125174,-0.6143786371777384,1.2012504225754894,-1.4927682410169991,1.048337964741,-0.9144764653318712,0.9423342027594481,-1.1795417613427834,0.9890796269965169,-0.6181704481336322,1.1404409867628005,-1.073403153764499,0.6622317324765393,-0.8463382068554015,0.9555992913974174,-1.2441194901375447,1.0429566592048334,-0.9606259529503715,1.049204949343805,-1.1887672183562965,0.8147472433970758,-0.801068935325938,0.7995543232374408,-0.883705099640782,1.058924231581552,-1.3282826933762517,0.7630107075723999,-1.3136610485464035,0.6146020966523907,-0.3584160789582209,1.123196206385805,-1.3646634591104834,1.1191970329145045,-0.258089807253111,1.1829112629323288,-1.3449835307439986,0.7521676265891022,-0.3802515943776063,1.0309958623666502,-1.4240270272202118,0.8106905785272902,-0.3957416989670402,0.7108275934673094,-1.1519975569130971,1.2004637762875918,-0.6751058685510648,0.773773837855337,-1.2570377111303317,1.2893369584860397,-1.0116142080378565,0.6813163725796673,-0.6584717873499135,0.8826640595365778,-1.4762304854360135,1.1739336629040549,-0.6641482069960409,0.7413468254930594,-1.2588515744777407,1.2011640015897502,-0.2012092157628939,0.7325926806671392,-1.493067132565295,1.1615286047919822,-0.13818328681215786,0.6205305728020718,-1.4009659099234402,1.0192391557779632,-0.5078780718723761,0.8890055266063636,-1.372986869841652,0.9977295898216267,-1.1556601833125726,1.2869876836575587
chaotic_085,chaotic,3.68,0.3417126314355004,0.44342634549936777,0.38100921673028015,0.37831919572709394,0.42497616753149053,0.26163903203380634,0.39883355555402544,0.1464098979779967,0.6113939344359516,-0.317337726362711,1.0064198423652333,-1.0276522595015771,1.1581323958574852,-1.904971610610655,0.5856430063272068,-0.30916189699310603,0.7998093317531595,-1.0620208589134121,1.1321545547283463,-1.8677876057369909,0.4805532149434438,-0.12440769760766882,1.0296065686229627,-1.228858248916217,1.046878873031622,-1.870729813984664,0.6478122884953746,-0.3354569328553734,1.040014588374917,-1.4169459088870928,1.0971687942344983,-1.4184313380427154,1.0846930773652728,-1.5667375833938866,1.2560696784327448,-1.3793345838284943,1.1051168073820006,-1.5380127308216094,0.8358738786240483,-1.0320704879201548,1.2227826541587719,-2.100053853449269,0.37734102787896906,-0.01679968289857835,0.6281960642647103,0.011659143127498314,0.8117741706715039,-0.8860796528344126,1.1337345765580478,-1.838537203402788,0.7985517853521524,0.19032110888335477,0.6735946464264446,-0.2553833819624131,0.905696982622449,-1.2344199949433188,0.9828604349336902,-1.7469507094015573,0.7183579332353353,-0.8574188489674216,1.228918441756217,-2.0326271030154133,0.27292848797622843,0.13756048672152013,0.22191396643317626,0.16251933918301065,0.190527708040073,0.09909127426231862,0.34118079068101953,-0.010697628492619012,0.8146239480050794,-0.842682235551368,1.184399562612719,-1.7924336631872437,0.276402491878687,0.11597891049633305,0.5742629710402877,-0.18742084639974654,1.0126944411803969,-1.35484246798962,1.1164369624637935
chaotic_087,chaotic,3.65,0.2532937829343511,-0.9620682632010462,1.1793181021068386,-1.2567257874905853,0.6704278846989538,-0.2568674575556387,0.9476174229923953,-1.0565962327489404,0.8847746675137032,-1.0289357758553663,1.0375981501089122,-1.334030781829752,0.7521084641567841,-0.6631164973616526,1.161174868548567,-1.7359467177286858,0.6138549847074443,0.013813223887242312,0.772416531281006,-0.37152791894117043,1.1894421050841504,-1.7055671663724885,0.7302437468751866,-0.2900663525643006,1.0283300316370447,-1.2634378494470633,0.7949618401492492,-0.9217458644935131,1.020108584907167,-1.5272305899911618,0.6856347916683648,-0.19284127522667655,0.9900786843371882,-1.1392377183475988,1.0119046936150737,-0.9348288738206094,1.0592110670898975,-1.6794457674131766,0.6346463892711264,-0.22747208763056712,1.0770602308084005,-1.0677687155722206,1.0328434693071884,-1.3934092195760293,0.7141442505978757,-0.5289333267524138,1.2626194834691868,-1.5719443274021165,0.5717570414341837,-0.04113554372664662,0.7194464803001083,-0.7299112206129833,1.203891690852303,-1.5512811378340847,0.5426192343124983,0.06432574814002281,0.8083192046984907,-0.411952558404189,1.1408663325497246,-1.4520864435123588,0.8088076142621812,-0.5400889318366914,1.3164044914539668,-1.378269314554806,0.6686262527665516,0.024352080165025283,0.7881938229813329,-1.034860734861661,1.1280921788837863,-1.5345020196755024,0.6041081786972327,-0.336183546112528,1.0942291907825936,-0.8661057237729177,1.200955102302621,-1.2257547187999016,0.8946609975896265,-0.8421376337628936,1.1959795011825225,-1.4406358169854787,0.4546810996016993
decoy_022,surrogate_decoy,,,1.1907668486717748,-1.6506095339445717,1.2407872081076332,-1.337680298010746,0.890814041625968,-0.5045095750448014,0.4458645768639141,-0.058725253130416204,1.0893443166291747,-1.8073717219436536,0.6608152650107381,0.4450515815935986,1.135671159928161,-1.7206295392116946,1.1929692185133853,-1.5582032090353508,0.20730087737935377,-0.20459934121643075,1.1012327674580968,-1.8137630784909444,0.8880543743334001,0.05899735669539675,1.0712147176798203,-0.621007316438605,0.6997090653337175,-1.0076539363551493,0.1625094252620243,-0.08556535622766412,0.7745111833098649,-0.9169538074438218,1.3286941811283248,-1.5072011364311406,1.0222462336712042,-0.7085845997680469,0.9893183121205441,-1.5778939682401052,0.48906396051803264,-0.26923880839639724,1.1237397962554219,-1.3283671826900332,0.704938117039315,0.15796489628328367,1.102941269353456,-1.5637283548263161,0.74083595468985,-0.4756348958036504,0.44909822366298435,-1.1803169715945774,0.732930662543252,-0.11371772649954803,0.7817595618277778,-1.5463639509457823,1.1522437184637646,-0.6525581639790026,1.1089246485752517,-1.7836007711131243,0.7312782781225233,-0.7155679118687384,0.6775941852563554,-0.4172120420041404,0.7376213293676298,-0.21548639841890102,1.1491919437843203,-1.6995548603663604,0.6503536694854863,-0.46325120913271567,0.5909632926574897,-0.13309062570806943,0.7773917542053832,-0.7555537181407966,0.8790473128729015,-0.2721167037844768,1.216553695444272,-1.3824814263487928,0.8185505651367676,-1.540792306689834,0.3432884374630648,0.444445754084869,0.9649214008948047,-1.531929440060007
chaotic_033,chaotic,3.68,0.34346143961365805,-0.9088221033781714,1.3147712929335278,-2.1329121248171083,0.3030649548925894,0.3048603300100818,0.19545603705633063,0.5039571623945238,0.11214689151324019,0.43108498863245287,0.07813001488464641,0.7460789441218858,-0.31596488035329107,0.8803365612600399,-1.260442832112466,1.3237646792404838,-2.23407620585328,0.37816312933504387,-0.20201926615625074,0.696931191351871,-0.516363939153486,1.0003130078743325,-1.589402962669714,0.7820934355494165,-0.975899462088924,1.2344270427218844,-1.9780750042051007,0.40688653060620017,0.10853968049399522,0.299130512128722,0.1541931882843655,0.561987194304561,-0.3070428275173687,1.162996168998939,-1.4118187753699678,1.227206393065624,-1.7685016729136815,0.8200784149604359,-0.6186647620985872,1.2079021605403955,-2.123197141889627,0.534743472175856,-0.37904787491127556,1.1119257743487014,-1.6015744057672363,1.1293991244320356,-1.4363407118456963,1.2035658696532614,-1.885592201441904,0.6124358624397598,-0.3465626514548967,1.2829815652124397,-1.745406964917393,1.0400445526717461,-1.0324418607228074,1.3148584902433673,-2.128773035719705,0.19840018841476284,0.29951648857760144,0.19787198708900353,0.30706809460781354,0.48743167841248936,0.1629645222746569,0.3261052552296653,-0.26083232447827476,0.9564453086557351,-0.9899178587645746,1.027415651770197,-2.040927738204765,0.30059224339167206,0.19758715330288587,0.3931025568981915,0.2128772311927494,0.2115685394132162,0.3246420337536322,0.47764183554498324,0.4612950718590546,0.3239884387241995,0.3368277860150151,0.3693329668400074,0.15349193850522155
chaotic_091,chaotic,3.65,0.2473656117707286,0.7088934412375024,-0.29924793379431225,1.1187914599515025,-1.2595600354142344,0.8167001408768455,-0.6591461256447104,1.2045954813672024,-1.8125974444548105,0.5316051483142139,0.1443596106523738,0.720862961054265,-0.38018856887626307,1.026616085920709,-1.319190309227248,0.995205900280808,-1.0064374140605596,1.0616066443445853,-1.4319337875120135,0.5822516984245754,-0.2797970045404772,1.0879506579238323,-1.0038884259542973,1.0999408118885066,-1.0910559667764825,0.955118637048194,-1.0235154404062545,1.0297100928977716,-1.2993465570635143,0.7895777656585748,-0.6882213332022701,1.237173477068275,-1.4892281127075735,0.509340152048417,0.29161397640508546,0.6071289781638867,-0.4292775543284684,1.1186826644054086,-1.2901477209040282,0.9044615472527183,-1.0400938091838925,1.063878478714351,-1.6131314898617621,0.6011379524820095,-0.23504986559438176,1.0171460329164281,-0.9840059196377439,1.0915176719678699,-1.3000812500362064,1.0401179175026554,-1.0216206216601968,1.063610689303277,-1.2727698481805552,0.8999779022885018,-0.8226989702823189,1.1593880811163586,-1.465921854024424,0.4458036408791464,-0.027213210793397412,0.7466855033817437,-0.5495563217643291,0.9920995461536369,-1.5152045956259805,0.7620518396627054,-0.18708038952756906,1.0127072002373967,-1.2520043063344712,1.0929423550356265,-1.2099309025884115,0.8719770607668141,-0.8721557009513617,1.1571956417458007,-1.566475665289831,0.6790316584214399,-0.11247285993721574,1.0033712151930245,-1.2128029232130269,0.9853557168439517,-0.9971315949084023,0.9358715263871018,-1.1438731299221434
decoy_082,surrogate_decoy,,,0.9503221433585616,-2.229907259495891,1.154919131976757,-0.05732088098171997,0.9183079088498634,-0.2743713840865769,0.30907047399315324,0.8796020591188065,0.05135867678137538,0.8053643124258757,-0.870455854084512,-1.5401811980634132,0.46337607206974596,0.18812228844706352,0.21260914713026488,0.15023199078115407,0.35081323074419485,0.06797781002762626,-0.2541004082324727,0.5181957340202257,0.24157573183167527,0.23730576189269617,0.4425362838236086,-0.3491577618625556,-1.283421717227644,0.919172932929475,-0.36708114002072695,0.5566254188738458,0.4657919906098471,0.5260043424367221,-1.2477352299386277,1.26966870487166,-0.9442440024464707,0.311329808920875,-0.16409725746610326,0.9343345090870283,-1.3506035479601433,1.150064202493518,-0.9640299903455636,1.2545582539973614,-2.0228068036136184,1.1575775826445895,0.19980150277474698,0.2464074621209574,0.4214996017542266,-0.22570294146089695,-0.36322395644279426,1.1564023757266457,-1.3746376953510322,0.9090630457211332,-1.0317061259955231,0.5350833314013939,0.058317356853187424,0.3407141287613349,0.17803919266034862,0.23870267851077223,-2.1367412043443803,0.46671863535817976,-0.09747680278031369,-0.014124604979891844,0.84968865272705,0.2638332945450598,0.10246387831295928,0.3071508078565378,0.3921988890232286,0.1717170064462263,1.1187401632022702,-2.060335443715172,0.688459578145119,-1.1065341999226401,1.286193800111012,-2.122774521089542,1.3815042121678005,-2.1129996205571495,1.3051909539582025,-1.526075800423111,1.4569408279299267,-2.188160490941689,1.2339662886354381,-1.5156063250111145
chaotic_039,chaotic,3.62,0.21110519253728516,-1.4639659429683347,0.7088793165444512,-0.06967350697856756,0.7773224968247179,-0.7769735527581606,1.3400876823177084,-1.509201279849628,0.7202076967365737,-0.25938068885957527,0.9238693302866159,-0.9285653903841132,1.100137379975737,-1.4246006314846493,0.7090789949538842,-0.5330266465033073,1.234182005052754,-1.3983826666735615,0.7292454803812153,-0.1358292244167364,0.8619499004050294,-0.7656302498391875,1.165958951097399,-1.5506833778056341,0.5669410643495133,-0.30052486028386105,1.0161257919736795,-1.2677923643820868,0.9676755895845659,-0.770657877103587,1.2346013317236264,-1.673928238862861,0.6356902471250173,-0.180918020231279,0.8290572132451465,-1.1467439772438197,0.9321436744987502,-1.1969577449126159,1.0749910826751803,-0.8031484946024006,0.9902744170728724,-1.306407419131406,0.8341601079822025,-0.5910751926204157,1.1631162082060038,-1.5087127763047128,0.716994110663444,-0.0449556320222223,0.7912434256668102,-0.8077674008623422,1.1845330651180581,-1.4405398652034347,0.7537430833016299,-0.3094056803841116,1.039487956485972,-1.2248296225303075,0.7151857140971981,-0.9132892607315928,1.0353643492475746,-1.5519122293595284,0.8104666565606322,-0.34521165418984257,1.053551246349424,-1.383735966732201,0.8324261371911926,-0.5891385362735274,1.0561897000131621,-1.5473484321428876,0.6284066064351533,-0.2896405160339737,0.8549233518221939,-0.8508416563464656,1.1081600681189183,-1.5612775457603574,0.6039247581274216,-0.025617864017225538,0.9037341106760707,-0.9719632770260297,1.237716871094481,-1.3866110212246014,0.9651191110591741
chaotic_093,chaotic,3.62,0.2121818747541857,0.56915205379876,-0.27123168320284496,0.8674965825369364,-0.8317457318683871,1.0539612339078375,-1.407288223793024,0.6251188026140448,-0.2657779480501029,0.9696487254794167,-1.0190974940543132,1.0556366399928931,-1.2496184971672724,0.9629223350520392,-0.930955696184683,1.0101215006781694,-1.3919912213746817,0.8289354243542493,-0.4460661892151175,1.1235810058802993,-1.393828502730599,0.5815774433377285,-0.3479172911458338,1.0134707403493868,-1.0155804021866615,0.9943565658786392,-1.0244552303613101,1.2185198441234917,-1.2942146727765602,1.0803709369848635,-0.7866665347147886,1.0712420999888843,-1.5239201559157287,0.5777303700055769,-0.1893184408813988,1.1605188604393244,-0.8290680196505689,1.1800275256302124,-1.4783782843247195,0.6411452852395658,-0.21897689327584235,0.9147471297235128,-1.3379300114734127,0.887177713468633,-0.696830622098344,1.1147055236839725,-1.4296542662035043,0.6573125572532389,-0.11157800815514499,0.870479204041863,-1.0244338173049443,1.0052379681233512,-1.032253442720882,0.9316424655894754,-1.0670051792492927,1.0284247093970507,-1.2460318690858203,0.8604696898072665,-1.0438213795327766,1.0947824186443424,-1.3489056174561465,0.8363082227387179,-0.8821650288998658,1.1320415998994846,-1.4241738421800272,0.6533017429501087,-0.1021500531060404,0.9272853493065837,-0.883235858816725,1.2983175062302992,-1.2875588123026773,0.6601053637236862,0.025911326888561778,0.9378909310909019,-1.1655718699469624,0.984116522476115,-1.2043077401126288,1.1623487238300634,-0.9554885009587856,1.033932809001954,-1.4428804216631035
decoy_088,surrogate_decoy,,,-1.370056564727513,1.1887619762781183,-0.24065079100593836,0.8133804973769462,-1.7630278837968496,1.1331978741532336,-0.5690029225222015,0.687915853917468,-0.7997831848012543,1.204871994409524,-1.4041462032320773,0.5239194359180466,-0.23846780754665556,1.105829262839978,-0.3838599336499872,0.5361400779443741,-0.7603869016292897,1.1587761361112123,-1.7235563060776449,0.7255603356979141,-0.3117432608554986,0.9955794786539925,-1.5308283995806415,0.7147639234629977,-0.10352013158322554,1.0964668649020928,-1.7521426342672373,0.5942640585852241,0.13128392117407972,1.1327878214857332,-1.4453880020343186,0.791054026361532,-1.406512659937522,0.66783782662676,0.4324800194665701,0.734266193600493,-1.687331056778893,1.1509383598609644,-0.40109736373561083,0.03840688979546988,-0.9045008216132093,1.2639110211354854,-1.3883508863390461,0.6300426334014968,-0.4267164960735721,0.6093616061948451,-0.0846836086571204,0.8649062085572449,-1.4350979116712803,1.1676087651948863,-1.5150611980114113,0.9982966160482467,-0.4176569885309402,0.8693632635724078,-0.45980790206437183,0.6507861754638715,-0.7651756947411895,1.0698207783153537,-1.3208464468682404,0.9176056271375616,-1.2809868986390176,0.7477066086961416,-0.04690703390331054,0.9701927838351586,-1.6414540241443485,1.1385457877915377,-1.4605941039648165,0.8581370977069935,-0.3562143340414803,1.1784846788216923,-1.5359865243337456,1.0375003902090851,-1.0413469996209581,0.9923502533749753,-1.1779770996715457,0.7610749737512578,-0.5796371019300357,1.043749349521807,-0.03225703065616866,0.4348336658853811
chaotic_028,chaotic,3.65,0.25615488538762937,-0.21198880776052184,0.6482969678147029,-0.4568174839406852,1.143347952824317,-1.5339556110509092,0.7409738937142437,-0.4725505542228924,1.089016160535391,-1.5575764473405789,0.8720251393156299,-0.6198162210681577,1.1763726500833842,-1.641888631662062,0.7519311026718869,-0.227765067069897,1.0677383679546388,-0.9624350672875247,1.1327600839900323,-1.552322298512346,0.7325725625590526,-0.5793873999595857,1.2659746312077143,-1.6422483036501438,0.6181080910162902,-0.29286429567059896,0.8708863212689772,-0.8430449628916917,1.136594512431322,-1.64931500614489,0.8495975049994788,-0.40966509695191716,1.191734380599758,-1.5378973642290346,0.7422769729465857,-0.5914024107109821,1.0575297854696866,-1.690812536297333,0.5989613134449023,0.043589457384083825,0.925069855953764,-1.1510721611770705,1.1865067104364124,-1.4357444051733228,0.6309351014804044,-0.16593966374509395,0.9282895423164542,-0.8844291081105591,1.0846153194359411,-1.7884679329779656,0.4733965696176686,-0.10706861397471348,0.5771482160161315,-0.3800241994758211,1.0672823643019405,-1.4011759793199916,0.7503014830986926,-0.7328082901675014,1.1017616640406918,-1.6000668760746812,0.29626403644370336,-0.025174261038694235,0.7182654083359028,-0.2014244468331545,1.1247454195224686,-1.3513669953982341,0.90236611953349,-0.9846317042246039,1.157607976475012,-1.8417909957771608,0.3859524664748887,0.027477635889775656,0.6803261016265022,-0.5801633172201918,1.0744272253035323,-1.6811751772901395,0.4849828256711727,0.07842564565386079,0.869369887619252,-0.6128815406380895,1.1433538075589833
chaotic_076,chaotic,3.62,0.20941346942435943,-1.192282106130706,0.9202583791800054,-0.7146108711725313,1.2724818051173472,-1.5251263267166821,0.519612230295368,-0.10418352688495934,0.9736079432935217,-0.7466107485970851,1.1184433455844458,-1.375930041110736,0.6556323518191522,-0.2552839592973957,0.9303759314345363,-1.0029060875881028,1.0295358358584341,-1.2793915795520228,1.028712923278903,-0.9751818665869632,1.237054798095533,-1.4425819441685388,0.7850814300287237,-0.6188703924469741,1.0624836662029482,-1.5189794485387311,0.7692653715803461,-0.12440670061831258,0.8706386828490507,-1.065995032245128,0.9534025212012078,-1.401184741498909,0.7047369702982154,-0.4837659970251262,0.9249617638797727,-1.4211303813806588,0.7828159345934397,-0.16103536402171129,0.890187321234976,-1.2906264521077446,0.8224438941362704,-0.7808529646832216,1.0324298169250032,-1.3010924368508128,0.64610665222942,-0.2131429933773068,1.1347654606250543,-1.037321723259337,1.075027191209199,-1.2298366006216397,0.8251880461548641,-0.9733791101247413,1.2961712574403832,-1.277240913951344,0.8075705983262925,-0.6009223809551919,1.2230210722956567,-1.572960731599509,0.5020920303051937,-0.25219475369130273,1.1671806928808988,-0.8662896217333659,0.9987696788911085,-1.2227258098718212,0.8012653374584593,-0.9123630821430277,1.1148179679257484,-1.2625637215776178,0.8652151021651348,-0.5329841725946153,1.1916401477812675,-1.515328490096674,0.6888175701209545,-0.24449723217215838,1.0312058361210303,-0.9961741005151616,1.0489740793328857,-1.1014879946646945,0.799099602729631,-0.9928043237474323,1.085155485039594
chaotic_041,chaotic,3.68,0.3374455927984353,-1.2611726140579627,1.045072361593215,-1.2586776091850715,1.0467250636824101,-1.2548892314909592,0.9359342876654629,-1.2208932962220853,1.152082661077937,-0.9376997576615054,1.0532108681556827,-1.7855860890866724,0.5475502591928564,0.10698475525155136,0.677001823573805,-0.6702378320451294,1.2276625866156357,-1.7284056937209673,0.31518048968041434,0.11551279257686059,0.4621674334926668,0.2681925905662127,0.5476979335791045,-0.09306009723051474,0.8660322155614161,-1.0392953712804756,1.280693762749723,-1.6967468086299622,0.5151769923465097,0.18161478944520862,0.6203456676713307,-0.5410898775615774,1.1757140608860182,-1.7155042534338203,0.6469318959748184,-0.18577263615649664,0.8525579533019169,-1.0465432784053013,1.1638746446954005,-1.5357416519129627,0.6643801349000037,-0.23980947973364325,1.0714748167285963,-1.3324358982883198,0.9050782598315942,-1.096967621656929,1.079424235864691,-1.3550480796556792,0.8932414961948547,-0.541821036255261,1.2334748192421974,-1.783085839583905,0.2854830316331257,0.14191282582915718,0.5654076359157281,-0.1104456368082257,0.9555766534424149,-0.8754994751439085,1.1185174268743183,-1.7951585685362417,0.6087331694572224,0.10654680818293782,0.6906646587167897,-0.5176799936061087,1.1586510731316186,-1.681865912475747,0.5856447847459143,0.13610202691034992,0.8993063467019635,-0.8221645550809037,1.0454142783098193,-1.838603391789019,0.4900714228429783,0.25268747056277824,0.06555631664610315,0.08683519986637946,0.9206326221292411,-0.7255717389529341,1.322183876052209,-1.9789319245673225,0.5794859701664814
chaotic_034,chaotic,3.6,0.1815256460250327,0.9977295898216267,-1.1519975569130971,0.7413468254930594,-0.6641482069960409,1.1615286047919822,-1.2588515744777407,0.6146020966523907,-0.258089807253111,0.9423342027594481,-0.8463382068554015,0.8027877087211194,-1.2570377111303317,1.1829112629323288,-0.801068935325938,1.0192391557779632,-1.3449835307439986,0.773773837855337,-0.37180689418199175,1.2869876836575587,-1.3136610485464035,0.7108275934673094,-0.3584160789582209,1.0523269574682808,-1.4240270272202118,0.6205305728020718,-0.6143786371777384,1.048337964741,-1.4762304854360135,0.7630107075723999,-0.48235574373371115,0.8106905785272902,-1.3646634591104834,0.7995543232374408,-0.6751058685510648,1.2893369584860397,-1.4927682410169991,0.7325926806671392,-0.2012092157628939,0.9890796269965169,-1.073403153764499,1.049204949343805,-1.231752044670368,0.9555992913974174,-0.883705099640782,1.0309958623666502,-1.2441194901375447,0.8147472433970758,-0.5078780718723761,1.1404409867628005,-1.372986869841652,0.6622317324765393,-0.3802515943776063,1.0429566592048334,-1.3702644429566662,0.6813163725796673,-0.6181704481336322,1.2011640015897502,-1.493067132565295,0.8890055266063636,-0.13818328681215786,1.123196206385805,-0.9606259529503715,1.2012504225754894,-1.1795417613427834,0.7521676265891022,-1.0116142080378565,1.1191970329145045,-1.1887672183562965,0.9312294423125174,-0.6584717873499135,1.1739336629040549,-1.3282826933762517,0.6148497238719597,-0.3957416989670402,1.2004637762875918,-1.1556601833125726,0.8826640595365778,-0.9144764653318712,1.058924231581552,-1.4009659099234402
chaotic_062,chaotic,3.68,0.33989041904678396,-0.48115634428343007,1.272581207783594,-1.7385071392535414,0.7633557736608795,-0.566670356794049,1.1970748659888457,-1.6552708693295748,0.7034018897667209,-0.2810039990175088,1.0245771493254734,-1.380422951157261,1.09303693455966,-1.5805457660489866,0.9370517202019978,-0.8360244792108052,1.136922564926278,-1.9269784686278182,0.2710575918776999,0.18429069837556503,0.4123391985641857,0.4364127788463833,0.296286197588465,0.3729843719452462,0.32541817586060723,0.4782337078576418,0.25925958533639987,0.3016564359084301,0.2080391663007937,0.7980762137556011,-0.5786830745394671,1.059716527316063,-1.7165939572816604,0.637317690138688,-0.4374875234163808,1.2082592276021928,-1.7347693722447233,0.6643118258250134,-0.6909456088031621,1.1816485033063269,-1.9694794512719553,0.21273841609225824,0.14029321391775287,0.5384426557503553,0.007614410903656451,0.6830606860871887,-0.8136104571980185,1.229180648203743,-1.9031844243956473,0.4284742092819335,0.043466563486603126,0.5993112093929367,-0.1103245811202043,1.00027148604039,-1.4111065140109096,1.1685664963316342,-1.5146659389953496,0.5943714267333495,-0.6025170495725696,1.1757130183664943,-1.8620858271060698,0.5411778822484798,-0.048531493305456384,0.8936703988967671,-0.8688409906842397,1.2266728787697174,-2.028893676547949,0.2657558281792198,0.008847019015162405,0.4532428476945115,0.23228499490007207,0.7111559321158673,-0.4001511555636398,1.0906592250146623,-1.7000197290252639,0.8791534762782023,-0.5331844902155792,1.3871364640823876,-1.9067321247937068,0.3457631159836193,0.198053307429245
chaotic_008,chaotic,3.6,0.18113481844988133,-1.0634239632352127,1.1246855163379983,-1.3081914160724302,0.7565097510205926,-0.6201221324955712,1.1930304089260282,-1.4252572099198868,0.5721905949659827,-0.11260892251145344,1.1091828503488825,-0.9737401829248739,1.1069248809786127,-1.0453114451423955,1.0256177960094328,-0.8501745859949078,1.1283726033122647,-1.2611623015043123,0.6871992457427943,-0.500470140308491,0.994848966573886,-1.49386475599333,0.7698042320669155,-0.19510859002905512,1.1331458264609167,-1.1274445541924558,0.862147796748243,-1.0302165502493228,1.0343660932865646,-1.163074858180657,1.0145251487204492,-0.9080530533247191,1.1172259734747552,-1.4260757792729322,0.7926836473741938,-0.48761740567113465,1.0325588469598668,-1.3974158984557241,0.6928015780510324,-0.41472745287514046,1.222697055587768,-1.2875644287961052,0.7926611295611524,-0.8192032025597332,1.0430096567083573,-1.4665655158357287,0.5673061509212335,-0.09411108572387003,0.9503467150866806,-0.8942757150855257,1.030543903549449,-1.1661840871910159,0.9060136100863451,-0.8767833120854551,1.2386612171040647,-1.5435034226410997,0.5754168842815611,-0.5394931798572689,1.101591916524761,-1.3173185585520273,0.7485471272841999,-0.41856752111338885,1.1528197211720053,-1.1791523403411115,0.8385305352500114,-0.5647053612128251,1.147625546720966,-1.4947858700846155,0.6886623526909906,-0.20323073326801097,0.9621332011248378,-0.8698464988250751,0.8109214490623302,-1.3080362972397845,0.7979966499931195,-0.8839887844145345,1.071094848238642,-1.4948474794602389,0.6396213560720995,-0.5080261799344342,1.300227988195857
chaotic_074,chaotic,3.62,0.21410626663213744,-0.6924838270286513,1.1805184229678376,-1.5695127185465387,0.5310120147081899,-0.23821970413940954,1.029031506425911,-0.9485631986785836,1.037690218123872,-1.5021720991209433,0.9083530929707213,-0.7513400114784603,1.2533161997728361,-1.5964901282639234,0.5095421534891239,-0.058069282109073174,1.1295646385130629,-0.7084522669640023,1.1925219424885758,-1.4646377034132387,0.479689185121834,-0.25605064945368844,0.7546538137595845,-0.7991400241479927,1.2616624695165115,-1.2944830396478413,0.8506884044317594,-0.7353748846274848,1.1663146075388322,-1.3519226987728288,0.6273205372058165,-0.15457564677281052,0.780872776289892,-0.7212846878704545,1.1569982469811961,-1.609992265882403,0.6172633839300843,-0.400878560585844,1.064335345238411,-1.1847346790746864,0.9132777848965282,-0.8212819921935776,1.1559899958164879,-1.309815662246649,0.7201342312119974,-0.11728662177648776,1.082073756458371,-1.4468381987849976,0.7079067345201362,-0.5270775471356033,1.0137141998307126,-1.4445281190788497,0.4993390636635419,-0.2090286466191688,0.9137688373377382,-1.1326629317250738,1.0963636868409834,-0.896457636512126,0.9356752904084171,-1.1031699117045577,0.9804565444826477,-1.2023363692416653,0.9579416781925618,-0.9846265951596985,1.0211310156758642,-0.968765862391859,1.0215826414293112,-1.0473529167468423,1.08948125854711,-1.4072293522499064,0.9079713663879777,-0.7348491146419479,1.0626415023544542,-1.5672191274938758,0.681743447907808,0.0020070313279700173,1.0751953505995548,-0.8170039440913028,1.150366082906367,-1.360692203206597,0.6164903693090653
decoy_046,surrogate_decoy,,,-0.5220867672278418,0.5017202079797926,-0.5519387066497189,1.0404947827919426,-1.4609959134151604,0.9566078663139604,-0.29363480465740766,0.7808708477426178,-1.1490647414220103,1.0013460304397,-0.8654199686308729,1.0321194236629578,-1.4250074142134033,1.0307282682348555,-0.7843743237884201,1.0256201764130484,-1.4078522950865464,0.8647137430955516,-0.28256498070746033,1.0234939906219098,-1.3158295026386087,0.6899347283996148,-0.9059985369047284,1.1048305261115419,-0.7678251374429356,0.904273442713932,-1.2562020835408116,0.8951226412705923,-0.9331909390554095,0.9700987024687707,-0.8296243264223524,0.8076630863783737,-1.007479712629299,1.0083337068627252,-0.9297970508799712,0.6466956800500562,-1.3460367752337428,1.1605623003408416,-0.8912251500966567,1.0610662572549465,-0.22178278767909457,0.782902872749989,-1.6163049862083019,1.0496660087730971,-0.18101807564167316,0.4538099414240902,-1.27391548644043,0.9854235195211657,-0.1970803997001034,1.0764289913181597,-1.4965431411214805,1.1623993455711636,-1.5911568948462451,0.7848267740493391,0.03996553239898424,0.49379312484681853,-1.4450227892131184,1.2324454977746204,-0.8794256857569291,0.9533488260251031,-1.4314301387503252,0.8897447852458402,-1.427423956223794,0.9622962571921393,-0.0561055520753132,0.9540291830482089,-0.549830044307039,0.9416765203574281,-1.5262818458156437,1.0229694307158415,-0.31213514656684554,1.1612459722479898,-1.1331778624651558,0.5784254875293461,-0.9555676243975703,0.9244835788840324,-0.30403161840203,1.100423955603094,-1.6385449311262963,1.106326082956575
decoy_032,surrogate_decoy,,,-1.3577468622813496,1.1115495090901564,-0.14707495472258914,0.44414309500542143,-0.6874097618962384,0.8249394282403012,-1.446078862916803,1.2711750756807139,-0.11106019982345475,0.6061617122711715,-1.5370956719515154,1.2467582164606243,-0.1731213673424024,1.0185710604842484,-1.5725615794645142,1.2382777657592492,-1.1912200360483969,0.5989464674518223,-0.1710481307829546,0.6989992461288163,-1.134902563814668,1.027015422834446,-1.0329633692629445,0.514270721867447,-0.5217375790638319,1.0464159110282816,-1.4029108453042711,0.9327385333553021,-1.1216486457714825,0.9059868716490541,-0.1406950874470087,1.0168457374960547,-1.6337601835941222,1.161374152719584,-0.8518410301400068,0.9609744423478369,-1.0167579227450743,0.6128893147917021,-1.146485138380718,0.9800692263060335,-0.1752129926438972,0.8888250928412059,-1.4735869702423126,1.0397235497611286,-0.5507154399016635,0.9868138125668235,-1.2129674329830167,1.1840826894285448,-1.064088245124931,0.7903413928649171,-0.12384348958187948,1.1690038822464377,-1.4097410070739773,0.5006953083914001,-0.5399257156331804,0.9132204743473782,-1.089400560130824,1.0159402469733168,-1.3656260067982802,0.8370064139951146,-0.6426344829560189,0.8594822804793789,-0.9773563126426307,1.0518421267736622,-1.435312912974346,0.922940063633596,-0.3029729742526076,0.5807146920976953,-1.0703687205009396,1.3369936547692038,-0.9667136117591625,0.9880607607724129,-1.4294403885806597,1.070818796204019,-1.1418681263316834,1.1770027819110698,-0.7482894043512137,0.8078546046067454,-1.055926480959837,0.8346465325450985
chaotic_030,chaotic,3.65,0.24991588284694782,1.1597005273253955,-1.497483194347912,0.37219127435169935,-0.008752464620829533,0.47724987795293017,-0.4594872393028778,1.0812299104030685,-1.503723974118711,0.813034961283374,-0.33244865589572803,1.1219430589944697,-1.4843187245568037,0.813852302250231,-0.43109614465632584,1.0487327648356204,-1.6305767674020613,0.6509155027529887,-0.29417879722646645,1.2980528484586946,-1.376593178017078,0.7304084333328169,-0.7225028152848127,1.2247005778451179,-1.7873401027409563,0.531464246006066,0.14282001390875818,0.7514423144818635,-0.42931427741392475,1.1656100906537938,-1.433367271017102,0.6519892786935638,-0.26593582775933233,1.0931607278138358,-1.4100308221837496,0.46377992008198643,-0.230227342849759,1.215611193290406,-1.3536282054963609,0.8787595852932272,-0.6319711649409576,1.1211342510209539,-1.5923150175734737,0.38522823905594916,0.05573332942631332,0.7605875315569399,-0.20192870432083668,0.9842514988999651,-1.327745868650774,0.8632829104349814,-0.85312061489015,1.0481104561643835,-1.4888041442997315,0.6987411517396304,-0.23977617298470144,1.099318699192663,-1.1754940951170787,0.9952643197640646,-1.256301518403236,1.0925179421048963,-1.1971768961525548,1.060948176508629,-1.213860731763369,0.8728293634462158,-1.0976957890171446,1.208236328586824,-1.339242965396946,0.7349636802776676,-0.6517810527422077,1.1662003811616002,-1.3279335250399558,0.4849440502120374,0.0758741753048268,0.7879869600677141,-0.45947268945642017,1.0580936078706504,-1.0828518483752878,0.908638939085215,-1.0700709853372259,1.1055486901967837,-1.3965345027359395
chaotic_042,chaotic,3.6,0.1827178811764841,0.8280327966499355,-0.30939284487156904,0.9927371811992015,-0.9965843840212114,1.0498892252783436,-0.8532815298260937,1.059763124536311,-1.2172932728670265,0.8942559093972037,-1.120628271073003,1.063523438534849,-1.21920415438522,0.8765694445900944,-0.6328997540740824,1.0536309671154176,-1.4606124702586403,0.7356047297727948,-0.19699946789497438,1.0052029927625679,-1.1281532105625816,1.1158262876380685,-1.4660198533182336,0.9861870036273204,-0.7194070523012646,0.9499993809834429,-1.3428212341857568,0.8242109887717257,-0.6844102855423516,1.2398271814299024,-1.439616258869636,0.65510967839807,-0.1596709844411522,0.9887993657632689,-0.7575273132673858,1.054516567664955,-1.1730547170591374,0.7859563550118355,-0.9812910330734872,1.202132650276517,-1.468997730109186,0.6008380309933384,-0.5759704236385237,1.2632823411173126,-1.4585046032798803,0.6359003501754786,-0.4559793425602062,1.0642504873309835,-1.08247570994994,0.8160955319294041,-0.9227402652939101,1.1228585014734498,-1.1205684067900066,0.9681991501077299,-0.8021857544696728,1.1684231677918666,-1.3340402217722929,0.5586531156981189,-0.5498025754994468,1.0219050423812936,-1.3362501970372613,0.8567562634913696,-0.6037673146223909,1.2466036116323278,-1.3760790322001988,0.5636273064032798,-0.21530982944975038,0.9129797603275738,-1.0738856860263728,1.06515804023771,-1.4891275027130746,1.173330696081938,-0.9070173253421847,1.031517138316705,-1.1392347949238755,0.7985169908369183,-0.6427147301028449,1.1012280266231151,-1.3337177837316174,0.6291539655635859,-0.2138154665098731
decoy_033,surrogate_decoy,,,-1.7685016729136815,1.2035658696532614,-1.885592201441904,0.8803365612600399,-2.128773035719705,0.9564453086557351,-0.9899178587645746,0.3261052552296653,0.1541931882843655,0.48743167841248936,-0.26083232447827476,0.3030649548925894,-1.4118187753699678,0.30706809460781354,0.40688653060620017,-1.6015744057672363,0.5039571623945238,-0.3465626514548967,0.8200784149604359,-0.3070428275173687,0.29951648857760144,0.19758715330288587,0.696931191351871,-1.260442832112466,0.3048603300100818,0.19840018841476284,-0.516363939153486,0.3693329668400074,0.2115685394132162,1.027415651770197,-2.040927738204765,0.561987194304561,0.4612950718590546,0.37816312933504387,0.19787198708900353,0.3931025568981915,0.2128772311927494,0.7460789441218858,-1.745406964917393,0.30059224339167206,-0.975899462088924,1.227206393065624,-0.9088221033781714,0.3246420337536322,-0.31596488035329107,1.3148584902433673,0.19545603705633063,0.6124358624397598,-0.20201926615625074,1.2344270427218844,-0.6186647620985872,1.2829815652124397,-2.23407620585328,1.3147712929335278,-1.9780750042051007,1.0400445526717461,-0.37904787491127556,0.7820934355494165,-1.4363407118456963,1.1293991244320356,-2.123197141889627,1.3237646792404838,0.11214689151324019,1.1119257743487014,-1.0324418607228074,1.2079021605403955,0.07813001488464641,0.47764183554498324,0.10853968049399522,1.162996168998939,-2.1329121248171083,1.0003130078743325,-1.589402962669714,0.534743472175856,0.15349193850522155,0.3239884387241995,0.1629645222746569,0.3368277860150151,0.299130512128722,0.43108498863245287
decoy_062,surrogate_decoy,,,-1.7165939572816604,1.229180648203743,-1.9694794512719553,1.1970748659888457,-1.5146659389953496,1.2082592276021928,-2.028893676547949,1.136922564926278,-1.9031844243956473,1.3871364640823876,-1.9269784686278182,1.272581207783594,-1.6552708693295748,0.4284742092819335,-0.8688409906842397,1.1816485033063269,-1.8620858271060698,1.1685664963316342,0.23228499490007207,0.7034018897667209,0.043466563486603126,0.5384426557503553,0.14029321391775287,1.09303693455966,-0.048531493305456384,0.3457631159836193,-1.9067321247937068,1.059716527316063,0.7111559321158673,-0.6909456088031621,1.0245771493254734,-1.4111065140109096,0.3729843719452462,-1.7385071392535414,0.7633557736608795,-0.566670356794049,0.5411778822484798,0.198053307429245,0.32541817586060723,0.4532428476945115,0.4364127788463833,-1.380422951157261,0.8936703988967671,0.21273841609225824,-0.6025170495725696,0.3016564359084301,0.18429069837556503,0.6830606860871887,-0.4001511555636398,0.2080391663007937,-0.8360244792108052,0.5943714267333495,0.6643118258250134,-0.5786830745394671,0.7980762137556011,-0.8136104571980185,0.4123391985641857,0.296286197588465,1.0906592250146623,-1.7000197290252639,1.00027148604039,0.25925958533639987,0.007614410903656451,0.008847019015162405,-0.5331844902155792,0.8791534762782023,0.4782337078576418,-1.5805457660489866,0.2657558281792198,-0.2810039990175088,0.9370517202019978,0.5993112093929367,-0.48115634428343007,0.637317690138688,-0.1103245811202043,0.2710575918776999,-1.7347693722447233,1.2266728787697174,-0.4374875234163808,1.1757130183664943
chaotic_066,chaotic,3.65,0.26208401202752724,1.1662733340502207,-1.7459687403285613,0.3652098238921773,0.23212984500465522,0.6894333670300203,-0.34336383377813806,0.9010598271779153,-1.4335937093614837,0.8472106639635606,-0.6257287839796948,0.9771292936732644,-1.6218594151904742,0.4987164248948509,0.2020383907369788,0.62090288682539,-0.5582304116617147,0.9889991113837929,-1.466680734059362,0.8856518102785154,-0.9229448422941888,1.1343559143154094,-1.517380582613899,0.4564184633709108,0.18472567960302053,0.5083278920863509,-0.4497844563735806,1.1804426592573078,-1.272966927141453,0.9130014320115128,-0.9904983097705552,1.156170688553245,-1.6672237511017998,0.685787112491149,0.11277355106212548,0.9635710114336707,-0.98782649006177,0.9027173179926912,-1.6752147663572048,0.7746823733589545,-0.3450824117297121,0.9803460255030555,-1.123401008382767,1.123196197487335,-1.1310186201479346,1.0020167467446706,-1.2450789239114253,0.8743573319696826,-1.0132585190140424,1.158374707857213,-1.4693465488064708,0.8733819637926652,-0.31229500915044833,1.1831493400417343,-1.460951834717122,0.8700269963745416,-0.7504516147111564,1.2113735701101502,-1.585273666109148,0.45901475281084925,0.3245187266237883,0.7844257477821247,-0.19034556428474295,1.1149536925801111,-1.1097742517895224,0.7840591032261683,-0.7929504541806602,1.0474834129010244,-1.5865980068446726,0.6667100813409306,-0.10185720842833332,0.8810443786103002,-1.1528657197869918,1.0520355180826402,-1.2806938552257023,0.9982236582055023,-0.6202047528056762,1.1703042901373122,-1.5860564161770057,0.5191023796591169,-0.28905735601118154
decoy_004,surrogate_decoy,,,0.8339294929122658,-2.1863040636905087,0.9648774030403191,0.2872448747312894,-0.5295609925873462,0.3308864890860156,0.06995274967021219,1.0953002485820527,-1.5669006901350822,0.6581595129008273,-0.8032104603794356,0.38689189052165346,0.01477324556489655,0.4270976500388559,-0.02056057217011367,0.4927293328302538,0.17159981456588555,-0.07117702512558052,-0.2825681021826125,0.9281169255387215,0.04883556426735935,0.8821989965745027,-1.2974544696635126,1.0577704231139906,0.09142163238286627,0.5713585638880596,-1.2110599617008264,0.35269757975989174,-0.6591272605064206,1.0634747117047259,-0.71352092022496,1.1154318320959002,-2.068458674941212,0.954161119467634,-0.2883010154851436,-0.4111870262539158,-0.6695272818836928,0.6885798469380546,-1.5904168642278862,0.5626436818755163,0.014148529081652893,1.3311403969173232,-0.2328963940503059,0.6598417686059345,0.23482431626824307,1.2838266300534218,-1.9695467433764107,0.669130504347842,-1.9790396668589247,0.6655982192318188,0.3428033466216765,0.8773317308759495,-1.9796442705918562,0.7926959681125316,0.23815274693404576,0.20681579516920884,0.33646710712694544,0.1822968758091777,0.3983695420832403,-1.9846162306323598,1.292779656055995,-1.2936373671383585,1.096921011339207,-1.918147074679571,1.0397089694332085,-2.016607200833248,1.3896171766551275,-0.9625834785319246,1.1926587249592786,-0.7120827362260387,1.2881227483882687,-1.7672119882349528,1.306253539838618,0.1674917166684588,0.3489346441897828,0.18621067312308934,0.3416860168912358,0.2430590544445913,-1.1525635057694024,0.1608910468039877
chaotic_009,chaotic,3.6,0.18809995043135222,0.762597308206371,-0.7010664585556775,1.166849492576684,-1.4951876174220171,0.6560087977617839,-0.17059676051649467,1.0503344469111497,-0.8922229447975331,1.135970914377576,-1.191771147511009,1.1240425052269185,-1.0218453072547893,1.1476416744745697,-1.184198515448294,0.8659193761218354,-0.955110616971481,1.1080340384811238,-1.5229045659501457,0.7898841758503676,-0.19236279180000662,0.9875977455387304,-1.1758147898290623,0.8268259081923547,-0.8221120281755003,1.1985023894160747,-1.4038757534941344,0.8386255889832389,-0.32722341231846774,1.1240892232228052,-1.1284784745883936,1.0180971075866476,-0.9454856199147105,1.0823583886876447,-1.2906083466522915,0.7426848297561424,-0.5271641541908929,1.1958954158447932,-1.3717567929782861,0.7904349841277648,-0.09087242450527408,0.9607629325754493,-0.995437754154649,0.9674292651740128,-1.1037504451441296,0.9173491005561974,-0.822759669684035,1.090332630852043,-1.2195579276576005,1.0007784134985631,-0.9659957603195426,0.9480796515124765,-1.3258927211525582,0.692681418121231,-0.2706084814905234,0.9213455503245107,-1.1531493442907061,1.1149089503624987,-0.803380723306673,1.1131738847837438,-1.3509623501942045,0.7492589901227438,-0.6999308451379094,1.148597375542375,-1.3142575988258576,0.5551156621266293,-0.3707789710182206,0.9468066307855825,-1.265598968320018,0.9170305922548514,-1.0036201641185298,1.1721891180912067,-1.2988520939164976,0.7012930988016604,-0.594139729574316,0.9910327405375592,-1.1514170457283706,0.5879084418741227,-0.6619944257030107,1.0350575620333773,-1.3607827786635862
decoy_027,surrogate_decoy,,,0.8304188883974396,-1.0965580242126456,1.1217709338138748,-0.9193864667510443,0.5819983794459416,-1.1597726072423613,1.28252511138444,-1.230434424998448,1.0234708658871101,-1.0218362173944109,1.0821026295708787,-0.24500701563940575,0.6571766997956916,-1.3855544456533055,1.0192130463724254,-0.6197732578510693,1.064126047942832,-1.337426111666047,1.0226972333786684,-0.8098921155438192,0.9139430565410026,-1.0125226062231762,1.098218591774637,-0.923167593089466,0.7629105309226815,-0.7580882830848209,0.9990181547768785,-1.4499530627938944,1.0467375423563507,-0.2646664719960909,0.8740269261311798,-1.1728501465041643,0.9478544237057487,-0.9391086188413853,0.9775892026547869,-1.147170561137159,1.0871956742381057,-0.9802181722308679,0.6500485541818112,-1.371779776357944,1.3179065579868292,-0.6631191197830859,0.5642921393155178,-1.1735050416055686,0.9453815130736114,-0.23192272458297877,0.9662217629241416,-1.1899793069690219,0.9701761292179946,-0.32784619374608337,0.7902708469505054,-1.4061905317220214,1.1897060128550008,-0.9324870514098227,1.0409803666367952,-1.0951924796347727,1.0812446763116788,-0.3209688484712481,0.8898910014452149,-1.3664534111522502,1.0601408830679326,-1.0570544493475025,0.9229163722541218,-1.0797232292695835,1.1167862417593262,-0.9668362224116889,1.0132540694709637,-1.1108303780048139,0.9086905672248546,-1.038903676735517,0.8766823370916094,-0.702021470747178,1.0073959905781602,-1.366632582097102,0.943856647651492,-0.831467398685735,0.9232657810665024,-1.1770914755213464,1.028295049174631,-0.7170058682205123
decoy_037,surrogate_decoy,,,-0.1827501295532891,1.3273497657260076,-2.2334851036173906,0.8858322859338565,-0.9301316834927988,1.1461122590136434,0.36808212674401064,-0.7096956934123847,0.3234587429358952,0.6571579137686396,-2.360568444885102,0.8301469052499602,-1.2914077824837271,0.5236043565691678,0.1914606323498453,0.2845213205977224,-0.3569638250363662,0.9546716054706674,-2.4053847052848463,1.4231228963316922,-1.4552298349175168,1.3368108979269329,-2.067373033072092,1.2939476594498631,-0.8557212420108697,0.4980918420480913,-0.22410233134632992,1.246213392439082,0.00027099160214026803,0.2906584873585106,0.10443859171555073,0.9224949760553232,-2.1997269493085296,0.44943842840573084,-2.1460713534658447,1.3377661021998726,-0.3536847962783987,0.3493441262506911,-1.819399419646829,1.4703749930092043,-0.9914858446563866,0.4000649374188342,-0.7924853756582906,1.4942896659046176,-1.8714708172277241,0.8204991478094126,0.11921508847530962,0.5292176296453237,0.27362011490331123,0.1042037326151868,0.15959220642070462,0.3297433247297675,0.21038425029320995,0.3415244503870782,0.029352250541251287,0.13311854740042184,0.08177035095757844,0.33919569558941026,-0.19511017281970086,0.38789946971542755,0.07882143948563544,0.5637870603184657,0.2275424227502564,0.37274507596012263,0.38211883663690716,0.4511437117769613,-1.5799483006923527,0.3863790457549602,0.06734072849963003,0.8996861320936498,0.22408852182471584,0.06691969201178498,0.35477174417462903,0.47711797267319794,-2.3051226529379485,0.5080902577781697,-0.9568142295223452,0.9393802306278656,0.029366542058579526,0.2857721449425438
chaotic_075,chaotic,3.65,0.25341777295506845,0.8148921081190683,-0.9695450362891728,1.2160690798804559,-1.6252336697768952,0.629480728739455,-0.2486437142480864,0.9820428562158283,-0.9338385993909217,0.9528260366722664,-1.0647424523288291,0.973209858350442,-1.2021205470041754,1.0098848594267078,-1.0005631615228439,1.1221433938443455,-1.5726028612157736,0.5650035905903369,-0.2236954729615281,1.0132147778575333,-1.527529967126053,1.0364929173988333,-0.8795740318820405,1.1457197100093266,-1.4636471604188477,0.4889055720322695,0.01143196249785519,0.6479847601463273,-0.6716213730914208,1.139106447720064,-1.538325383681642,0.5892188379275995,-0.13515995089473012,0.8867858570109994,-0.995901191492066,1.205505047116032,-1.5848956200186495,0.7002882827992752,-0.010360801451398657,0.7160741074886522,-0.6277442010721774,1.1440949385857688,-1.5905234773581816,0.4784538712722891,-0.03912414344995841,0.5521335273815419,-0.36444776837287335,1.227930690400548,-1.4118806452230659,0.8309969874925026,-0.42547183333335153,1.1768616755772712,-1.640533397773923,0.5858485537123448,0.004744957013420463,0.9459894955009323,-0.7939887833188715,1.1137458291769629,-1.594242544230679,0.544215332781144,-0.0830772223400348,0.9782486255761782,-1.0098754541051547,1.172588759425406,-1.6250597967738318,0.3695980520559603,0.10187386818934116,0.6766442541787611,-0.5158223994830039,1.3098814013851774,-1.4431881484808367,0.6637690287409459,-0.16012724167638417,0.9616609016080863,-0.887027234713111,1.1389509339163528,-1.3835962797396473,0.7418117421663007,-0.7372025323034282,1.1659890236670256,-1.7513791431043522
chaotic_052,chaotic,3.6,0.18451334230428498,-1.1776356724510362,0.956868475585954,-0.7841161930708427,1.212896722531838,-1.3805457735443714,0.8439213088216949,-0.28144939136110236,1.220814078865554,-1.1235182795707988,0.7487057085339783,-0.6252088034798883,1.0570434357483514,-1.2535010791246812,0.7321625760635698,-0.3319433184774044,1.0271966620428705,-1.2772093465546566,0.7670686699828558,-0.42240616771233336,1.1677673614857156,-1.3583882069856366,0.4697526648335979,-0.29596447212396026,1.0566444176819907,-1.121134511357545,1.0498505659989918,-1.0245571559889952,1.0610869749868133,-1.1356872769472972,0.6730147098995996,-0.7261519547528177,1.0980599069627834,-1.5263271205021758,0.6953225154230404,-0.17544780133442184,1.1125223050425044,-1.1508573344964537,1.0441605126540134,-0.918177041843448,1.0460469289636758,-1.2978802512055083,0.8284971937888441,-0.7202892454296432,1.121431600393994,-1.5297517496773376,0.5229456524474453,-0.23390311563406033,0.982483533258106,-1.1452371793809095,1.0490005551246255,-1.0426271973647712,1.0830640140782777,-1.342669679804685,0.8312969575170744,-0.4693506858146339,1.0102856964257347,-1.3988863535679905,0.7499589397430477,-0.2858732962848252,0.9949822690995856,-1.0711460341819399,1.0173306317292448,-0.9997133650811795,1.073628125336417,-1.2392641288317277,1.0457144342714924,-0.8682360730597439,1.082175088707807,-1.401748572408575,0.8467906372940394,-0.7077129171911468,1.0315145510102741,-1.4959805429042878,0.5129051654064701,-0.18016389122895154,0.9997627382321705,-1.1977651821030078,1.0568191112227199,-1.161386508133842,0.9983194737718729
decoy_067,surrogate_decoy,,,-0.06827930454281954,0.7331471637999225,-1.5561201218048464,1.1970889743023907,-1.336440179149038,0.5879128408148948,-0.4060153047130025,1.1606053956776945,-1.3728616062510002,0.5787940008263858,-0.3660615391600914,1.0870244661097859,-1.6364025660064356,0.8388649954574132,-0.6341106351611855,1.1115033486265027,-0.8131033593813866,0.8489132996263676,-1.3850754889500396,1.2416510537992067,-1.5152728896237744,0.8840303284588328,-0.5688734088124668,1.145951246018397,-0.7065873371136999,0.7480551659418633,-0.9289779856055576,1.107095352518113,-1.1951978519632243,0.7457048654779072,-0.8057029068246243,0.7486539015433161,-0.4171775956395931,0.8565793870935734,-1.653223064023897,1.0050510581817382,-0.07027648508946412,0.61914815966229,-1.2458945903323975,1.033281915747664,-1.1422103807088648,0.9528023273947763,-0.2738500813352484,0.946642839143986,-0.938156938285595,1.0161826550216777,-1.2676741324434533,1.035575307283672,-1.0947636488323846,1.0021722879651014,-0.05915645392294219,0.7662786133369031,-1.5810234070703153,1.085758320217944,-0.10584187281818021,1.0309390006117138,-1.4037446676275742,0.9313887087151044,-0.8173340067209204,0.9887913539028524,-1.3253446410749676,0.8533300921664405,-0.8457524088414373,0.9346353636114817,-1.3543589371044218,0.9151705336694012,-0.8540486305793815,1.0040364660744416,-0.39168743947954293,0.589563749814698,-1.1016159914969281,1.3021529962257046,-0.9299512741914422,0.9156968478195231,-1.0194931172115336,1.1235634456467327,-0.6301576872320679,0.5878039537002665,-1.5070236994664223,1.0633018545854651
decoy_068,surrogate_decoy,,,0.969492924277298,-0.9394240954495159,0.9690516799944221,-0.9770448216359858,0.9229164633421082,-0.9159052565327452,0.9959859136249318,-1.2387054177110686,0.8403279985257132,-0.42325196870401605,1.0889857923503408,-1.2255117267543834,0.9937957772476942,-0.6853321140436432,1.0767682675488046,-1.3077015269843253,1.019123123431231,-1.317150190101486,1.0505492691782465,-0.6896222681001966,0.8489846969376552,-0.4319831510299355,0.9737253869182688,-1.3783695578656197,0.9800280643674975,-0.5201241874104657,0.9383391902567906,-1.3359724574282774,1.1120240443210272,-1.0270955398271133,1.017067527070288,-1.440825081705016,0.9538589291368421,-0.3076428830379024,0.9013663250692491,-0.6173901726742496,0.9539340125577719,-1.3003642689142816,0.9916791712306422,-0.8319035845968484,0.8333863462399005,-0.9690589915474856,1.1933836587549485,-1.2584059053017076,0.9351382590074028,-0.9601475464035701,1.1966050111154332,-0.9465588785200866,0.684133546834838,-1.3887494370335658,1.2620520211016195,-0.3045507832731025,0.5477049754584592,-1.4198553728079097,1.143724325711997,-0.24844617417945433,0.608199978799211,-1.4832499991429893,1.2202114428958695,-0.19828098717396386,0.57594090474361,-1.549476460922606,1.217650445760746,-0.5629066972540945,0.6292752628834412,-1.1743040742730027,1.0900087331465385,-1.024253663832444,1.033386532480136,-1.1053178337878224,0.9723661294403274,-0.5458702070193946,0.7055127464959507,-1.0560925442041098,0.9700353228597455,-0.8169517441819069,0.7288786329489041,-1.481421117917573,1.0230877214185885,-0.7634678662006413
chaotic_082,chaotic,3.68,0.3501370034891803,0.46671863535817976,-0.3491577618625556,1.2339662886354381,-1.5401811980634132,1.150064202493518,-1.5156063250111145,0.919172932929475,-0.9640299903455636,1.3051909539582025,-2.122774521089542,0.4657919906098471,0.2464074621209574,0.18812228844706352,0.17803919266034862,0.24157573183167527,0.23870267851077223,0.06797781002762626,0.46337607206974596,-0.09747680278031369,0.9090630457211332,-1.1065341999226401,1.1187401632022702,-2.060335443715172,0.3071508078565378,-0.014124604979891844,0.9183079088498634,-0.36708114002072695,1.1575775826445895,-1.3746376953510322,0.8053643124258757,-0.870455854084512,1.154919131976757,-2.188160490941689,0.15023199078115407,0.311329808920875,0.30907047399315324,0.23730576189269617,0.4425362838236086,0.1717170064462263,0.4214996017542266,0.21260914713026488,0.3921988890232286,-0.2743713840865769,0.9503221433585616,-1.0317061259955231,1.4569408279299267,-2.1367412043443803,0.3407141287613349,0.05135867678137538,0.5566254188738458,-0.16409725746610326,0.84968865272705,-0.9442440024464707,1.3815042121678005,-2.229907259495891,0.19980150277474698,0.35081323074419485,-0.05732088098171997,0.2638332945450598,0.10246387831295928,0.5260043424367221,0.058317356853187424,0.5181957340202257,-0.2541004082324727,0.9343345090870283,-1.283421717227644,1.26966870487166,-2.0228068036136184,0.5350833314013939,-0.36322395644279426,0.8796020591188065,-1.2477352299386277,1.286193800111012,-2.1129996205571495,0.688459578145119,-0.22570294146089695,1.1564023757266457,-1.3506035479601433,1.2545582539973614,-1.526075800423111
chaotic_038,chaotic,3.65,0.26416202271631245,-1.6487825707318213,0.5198998850172522,0.10611638200214063,0.8596674772996912,-0.715393843645811,1.1207554091963252,-1.620376660245954,0.4209810478272686,-0.14368307296224261,0.7110418508021017,-0.5785752557816487,1.274671307425758,-1.4862907038105326,0.6183619526876273,-0.47485603605942917,0.9361037734273155,-1.5618131152612031,0.8469754099167464,-0.3207763284995611,1.2241130715188666,-1.6042570713211874,0.5400423866400639,-0.23631673445133256,1.118432656889722,-0.9759187016791139,1.3367462289707361,-1.4204887474779888,0.4817337839739051,-0.3411858301836502,0.9715362438327929,-1.2486638360661406,0.9657738557583273,-0.79568418172606,0.9883638420451114,-1.3735528542817375,0.8832771781423905,-0.7018302784858115,1.1962273312413139,-1.7791255962394177,0.4636655542707269,0.14575166095398942,0.6878095153878264,-0.2592755077232933,1.1855450391471825,-1.2150164357958848,0.925352751309379,-1.0425484381107681,1.0944675573717724,-1.5951152763449605,0.6319064937045937,-0.2515579916358057,0.8925097122357135,-1.2028050307793017,0.9235991542978881,-1.383044496670445,0.7252150153857637,-0.8798993123797725,1.146269531911871,-1.7958719799236724,0.5042855547906178,0.13821917944491563,0.6431832500717392,-0.4326440090933089,1.1512932085826793,-1.500020698117322,0.7108058203434564,-0.48715189983389456,1.2562640434590053,-1.5924989105249643,0.5908913932497116,-0.1818557059313599,0.9013099495255479,-0.5450608980047522,1.2645845444210573,-1.6022102259086288,0.524609112068883,-0.05326719225060096,0.8421391046801397,-0.6865565728933423,1.2634737796028033
decoy_039,surrogate_decoy,,,0.9651191110591741,-1.383735966732201,0.7202076967365737,-0.30052486028386105,0.7537430833016299,-0.7769735527581606,0.9321436744987502,-1.4405398652034347,1.3400876823177084,-1.3866110212246014,0.6039247581274216,-0.180918020231279,1.053551246349424,-1.5087127763047128,0.8324261371911926,-0.9132892607315928,0.9902744170728724,-0.770657877103587,0.7088793165444512,-0.9285653903841132,1.237716871094481,-1.3983826666735615,1.0353643492475746,-0.34521165418984257,0.716994110663444,-1.509201279849628,0.9676755895845659,-0.0449556320222223,0.7151857140971981,-0.8508416563464656,1.2346013317236264,-1.5519122293595284,0.5669410643495133,-0.025617864017225538,1.0561897000131621,-1.4246006314846493,0.8341601079822025,-1.2677923643820868,1.1081600681189183,-1.5473484321428876,0.7090789949538842,-0.06967350697856756,0.8290572132451465,-0.8031484946024006,1.234182005052754,-1.4639659429683347,0.6356902471250173,-0.5330266465033073,1.039487956485972,-1.306407419131406,0.7912434256668102,-0.25938068885957527,1.1845330651180581,-1.673928238862861,0.8104666565606322,-0.1358292244167364,0.8619499004050294,-0.5891385362735274,1.0749910826751803,-1.5612775457603574,0.9037341106760707,-0.2896405160339737,0.7292454803812153,-1.2248296225303075,0.9238693302866159,-0.3094056803841116,1.1631162082060038,-1.1969577449126159,0.7773224968247179,-1.1467439772438197,1.0161257919736795,-0.5910751926204157,0.8549233518221939,-1.5506833778056341,1.165958951097399,-0.9719632770260297,0.6284066064351533,-0.7656302498391875,1.100137379975737,-0.8077674008623422
decoy_098,surrogate_decoy,,,0.17407694803689286,0.4392171147710262,-1.8022290139397121,0.9176025513181483,0.13690205916573467,0.17651623172059752,-0.12590104724123144,0.5507857335877855,0.3306223374622761,0.5907383125578229,-1.9293938407071225,1.329128830547535,-0.7210091698709471,0.9757146216127508,-1.613154634174768,1.0864054501299438,-1.9222034516075266,1.1028546390242289,-1.7043600409994721,1.2610226627064929,-1.5721109969750693,1.0667262999760505,-1.8398848184234444,1.1853145002669974,-1.3792728411342028,1.2498781623183033,0.4091900376046734,0.1919472098010744,-0.09394528528304777,0.5283594202489936,-1.3521861988875028,0.8348001594148446,-0.5152898470774052,1.15232392916886,-1.8174555573973703,1.1372110545953085,-1.2264319392949128,0.9130050877700859,0.31405901659841684,0.3418643171371485,-0.2839241330113679,0.04240680328551571,-0.9232082649548029,1.1828939952926805,0.20678932659077962,0.32810365188059615,-0.11708190198108204,0.9630761514923827,-1.1755592842591522,0.4660284858472303,-1.3197385077755852,1.1065636840562822,-1.1641712584814177,0.41631276671337136,-0.23325710110050737,0.4621053838475616,0.38839592699005804,0.16241745464314106,0.1338165805613785,0.8673799565598306,-0.21444658514523823,0.8960278447159324,-1.1703720336920493,0.7581167288655187,-0.8472625369138321,0.9474189350234238,-0.8879655549316721,0.6902982180148666,-1.489433353800528,0.9285279558240066,-0.09925994110717469,0.8167828232941439,-0.7028206833697874,0.8236931871276759,0.1678036635987468,0.4301797632773561,-1.927406030964143,1.0046088570128642,-1.744284338952478,1.3290053613972521
chaotic_019,chaotic,3.6,0.18166250612679663,0.9661369153550672,-1.0365880048787,0.9579694849757502,-1.035598485845859,1.1907921088457285,-1.3584018245156402,0.9031803052473576,-0.4980706127151712,1.1384579444132588,-1.266992201404468,0.6275650372377682,-0.4217319014096251,1.0443973684942742,-1.1347809658086447,0.7605242270964456,-0.8799936628707765,1.2055841048537865,-1.4599981010983356,0.6309862313644763,-0.40934612493890327,0.9504591116737366,-1.0706948247474604,1.073210388242872,-1.0841703035441588,1.173293954208849,-1.1708257832049482,0.9006691572285302,-0.8030193519216291,1.0856838684423904,-1.2712733625064974,0.8524696062049101,-0.5798817423990597,1.2665221794227344,-1.4897827744239565,0.6487357178356709,-0.20784547876625223,0.9043411933118491,-1.0251022980308118,1.0234052433373646,-1.0007851288175333,1.0746736749866361,-0.9840079114521257,1.040485403787715,-1.1427875153465292,0.8328263325291206,-0.6936853799499222,1.122136887192431,-1.4860466128205916,0.5888157658822505,-0.13239628281928972,1.0077838094731062,-0.952970347905586,0.9239028066431293,-0.9351391277627692,1.2692807982689918,-1.2871099193381026,0.724015403374345,-0.6514647588477336,1.0526738823762127,-1.3910455156298138,0.6346776118271448,-0.26480765913498194,0.953380510010259,-1.1590659347702559,0.975518525909014,-0.9627517989847663,1.033182013455573,-1.332888266708967,0.6589717230519079,-0.5477362242150461,1.1353570841471012,-1.4204910395914983,0.6678395727532511,-0.30156333938230523,0.9858684706079982,-1.0985250209069883,1.0492903408250063,-0.8787237502178987,1.1509962429494485,-1.3579716682098195
chaotic_012,chaotic,3.65,0.2533263127965699,0.7404314123887443,-0.665735209840832,1.3363696467523518,-1.6578059693681244,0.489376087907753,-0.0345674535925136,0.6631291420676427,-0.5951107492022915,1.0485256386041943,-1.64578159289775,0.5259978853463599,0.24143401866040523,0.6799100810001185,-0.5761623872883296,1.3745186336682205,-1.5585737572374077,0.5118401901148625,-0.09401275014716626,0.9217509381399327,-0.8717627921701762,1.1437393581726396,-1.7069426215402235,0.3888988314803803,-0.029742581684909127,0.8903803740847124,-0.7356535587341777,1.0718893495297688,-1.6515688417482572,0.5059916039249376,0.023622230484823103,0.6599587760693708,-0.4872799745260505,1.00379757188535,-1.4346462773785267,1.039782100948309,-0.9612706876517084,1.2718244626817603,-1.749186670908654,0.5670189283763325,-0.05852176065242316,0.933375114760011,-0.7710610963045721,1.0762615930407688,-1.8797047272263412,0.4187058579160778,-0.024006761340286533,0.7229536796360614,-0.3810123272890651,1.3253364714324973,-1.5372738507936672,0.9533896338632779,-1.0383657379817102,1.1555176924710648,-1.6612835543005637,0.35276894332990794,-0.08693609830652765,1.098311817885778,-0.9278575471729217,1.2387409668376257,-1.6094372817917257,0.5128568550632233,-0.0719307580881234,0.6000606606055404,-0.5824830064532669,1.2083453136202909,-1.8208196813169175,0.5170960149253078,-0.026650381922668092,0.7151271840278994,-0.4626978482928908,1.0595506320732686,-1.5301193776844275,0.5026638347859801,-0.2990384186220762,1.210832271301316,-1.0661536842616275,1.0996900112087251,-1.4401811438552294,0.9023595246003527,-0.9727924160998468
chaotic_061,chaotic,3.68,0.33508225021850435,0.26864404172754375,0.3508522812815363,0.38702362594217987,0.15012113510249064,0.4056195186529865,0.14168079434297345,0.44909170553316996,0.05682637866939203,0.7651352810397379,-0.3612736772555089,1.0603253596592104,-1.3250925407097005,1.067667387206237,-1.7334330834778986,0.8429806414018061,-1.000977285261965,1.2573472829484422,-2.036201231609803,0.21129043913048903,0.35537068821813705,0.295001229304803,0.16871302145572062,0.2780911693231355,0.2298291253530253,0.17828873833196496,0.49582817309713617,-0.21509222439856046,0.8104756233247389,-1.1293201956702312,1.3730992560097586,-2.148894020848403,0.35939065488507665,0.07930286761906113,0.7127324489928285,-0.7130020544415963,1.3598077593655438,-1.623765164956503,0.9940694304128973,-1.0837996651514896,1.0940587068104326,-2.0445570018723496,0.2783318106623459,0.24418911926918127,0.4146133562413566,0.030148271750257333,0.6132821040018053,-0.4377591258845861,1.064952302195887,-1.5760811691879428,1.0062105889785768,-0.5210586878657643,1.400877986686433,-2.043389268364383,0.5923267651905358,-0.0630524685431546,0.602662921038533,-0.5361549763275728,1.3856731115874896,-2.0390111053212587,0.3354473675353998,-0.11147539111309905,0.5694994622435506,-0.5847485451512465,1.0908248639242246,-1.9940086824458607,0.39289998776126955,-0.23371973503493085,0.8281842614961545,-0.8139695453726952,1.3769578309060104,-2.2387310861574465,0.27871406961945566,-0.10521953759293406,0.26135434981835676,0.08771098586438181,1.0507354239625275,-0.8310542318562865,1.2105482703053905,-2.1684380491453425,0.3984697748369068
decoy_097,surrogate_decoy,,,-0.6904968251624058,0.4328338764545836,-0.2370036826802189,1.0187556365417516,-1.3936426599078604,1.1642577876762579,-1.6358582533738777,1.0564286326470906,0.045405815314666705,0.8222326764981627,-1.3223153202936087,0.753353431553901,-1.5537754515199462,1.0892949835213555,-0.3893182344945454,1.1265456552173596,-0.9328711242943181,0.8825449495903034,-0.7153986783816664,0.7886271556041905,-1.4439428438409483,0.836160596270656,-1.2714031420063194,1.1736330098707468,-1.2319157102668734,0.5111691037336312,-0.21389306359870275,1.0323145822573603,-1.629587568264231,1.27511848809584,-1.5432933699722033,0.8877825318181186,-0.4693598835721941,0.4210664048808543,-0.8907117986246812,0.9565833091520133,-0.9725728509964243,0.69971503220894,0.15457604230322394,1.2682714349920083,-1.379805573810922,-0.09418731723830465,0.12248748279426211,0.930040301856371,-1.6435319163686082,1.2897873666070558,-1.435367172654684,0.7317757706322567,0.08767429356997325,0.4140565461092046,-0.5462705871984467,0.6392681929043131,-0.41898878741826007,0.7233460167624883,-0.3344657987466517,1.2019562520386649,-1.5082737194479967,0.645328967968597,-1.0966377699302514,1.0772469717136945,-1.55919477026585,0.7179436013858713,0.0007093296644789295,0.9642522085651454,-1.5568337945306168,0.7827415883333739,-0.509342622535856,1.0414058973366775,-0.5851647041928157,1.2466326695561067,-1.6770682864266326,0.4499940386104532,0.40909711436102997,0.9873337430244442,-1.7759689304817572,0.8180764372800196,-0.7971811118245649,0.9605206034453813,-0.32783493119829515,1.145131724798684
decoy_014,surrogate_decoy,,,-1.3985070345805068,1.1468720199978708,-0.5640942952897868,0.6430099822019307,-0.3705140069106786,0.7587750031359423,-1.0941409036824334,1.1958308813679983,-1.58414633606404,1.0648520375238573,-1.1055174758608375,1.043376989632298,-1.2062255787807945,1.0677368007726247,-0.9824210549215903,1.0298388880451932,-1.1833778603772154,1.0073428787728187,-1.0834094884485068,0.9076699457310013,-0.5424025967263136,0.9607770957952119,-1.0754694897726496,1.0113847085104544,-1.5302079538551223,0.4244512000104248,0.03773158127172113,1.1229639382206555,-1.661010576392236,0.9243357791893834,-1.071191939297347,1.0126283677879604,-1.424753285413847,0.9463252603111587,-1.1568714381267806,0.9255474410265868,-0.5336561665402935,1.1584762878660417,-1.5038502178082596,0.4795481757354027,-0.17138784730740855,1.1101498525905338,-0.5927355671589967,0.8142021894397549,-1.3292395683809408,0.626942729286848,-0.9997218254850464,1.2834071029936536,-1.528709593122575,0.6969210978159952,0.0031362178884822988,0.7630779234261711,-1.3272308709866578,0.848555415156749,-0.20941480678869498,1.1815539164501045,-1.1456789178124218,0.9493724045340616,-1.0032397859586746,0.7724512262933928,-0.9358507199095288,1.1553175584291668,-1.1261480314247418,0.9666268683308618,-1.4222278595003812,0.5920009995442895,0.15984790832262255,1.0813839396571596,-1.5760257883357824,1.101487769067876,-1.196546189452965,0.8540801116920583,-0.4085385709667578,0.9049287345600127,-0.4774321093450748,0.8871819605239203,-0.3330065802857422,0.7955059905410853,-0.309247670000493,0.7465428216207685
decoy_009,surrogate_decoy,,,-1.2195579276576005,1.135970914377576,-1.1284784745883936,1.148597375542375,-1.191771147511009,1.0823583886876447,-0.6619944257030107,0.5551156621266293,-0.803380723306673,1.0503344469111497,-0.9454856199147105,0.9213455503245107,-1.2988520939164976,1.0007784134985631,-1.0036201641185298,1.1080340384811238,-1.265598968320018,0.9875977455387304,-0.8922229447975331,0.7492589901227438,-1.1037504451441296,0.5879084418741227,-0.32722341231846774,1.1721891180912067,-1.4038757534941344,1.1476416744745697,-0.3707789710182206,0.8268259081923547,-1.5229045659501457,0.8659193761218354,-0.17059676051649467,0.9468066307855825,-1.3509623501942045,0.9173491005561974,-0.2706084814905234,1.1131738847837438,-1.2906083466522915,1.1985023894160747,-0.822759669684035,0.9170305922548514,-1.184198515448294,0.7904349841277648,-0.8221120281755003,1.1149089503624987,-0.995437754154649,0.9910327405375592,-1.0218453072547893,0.7898841758503676,-0.9659957603195426,1.1958954158447932,-1.3717567929782861,0.762597308206371,-0.09087242450527408,0.7426848297561424,-1.1514170457283706,1.1240892232228052,-0.6999308451379094,1.166849492576684,-1.3142575988258576,0.8386255889832389,-0.594139729574316,1.0350575620333773,-1.3258927211525582,0.9607629325754493,-0.955110616971481,0.9480796515124765,-1.1531493442907061,0.692681418121231,-0.19236279180000662,1.1240425052269185,-1.3607827786635862,1.0180971075866476,-0.5271641541908929,0.7012930988016604,-1.4951876174220171,0.9674292651740128,-0.7010664585556775,1.090332630852043,-1.1758147898290623,0.6560087977617839
decoy_071,surrogate_decoy,,,-1.379844143185284,0.6730863227218713,-0.7411372250967401,1.0678324575811062,-1.446493415524066,0.9081445312091229,-0.4773591089475595,0.9752134381394973,-1.5359971541453872,1.0445640679119044,-0.8987686345424881,1.0780732633763022,-1.087125342345611,0.7052505103010784,-0.2548675826249253,0.9342642144282048,-1.0764788222921353,1.0440912146102126,-1.0279715839928036,1.171499438754613,-1.0067679094928002,1.0946129020141697,-1.478487416785236,0.7919592615691866,-0.2986720356215949,1.0651612766451437,-1.2222217956222479,0.9106948725986753,-1.010630640086545,0.9780342303516333,-1.2510640803355473,0.8511735707088969,-0.4814527303022426,1.1078933011583374,-1.0850190457593145,0.962816667817071,-1.2629459456657737,1.1010359982719211,-0.46999557273924586,1.041319190415314,-1.1981084111066285,0.8063302930293029,-0.5007203534764305,1.059232959299877,-1.2976470738136092,0.6992641022146883,-0.8258969404158485,1.170552141037742,-1.2977700715929927,0.7817619877454645,-1.0648551630760144,1.1646704368280354,-1.136979848849565,0.7529263156869718,-0.2755456652207792,0.8584388053309722,-1.187892821989484,1.033484671326459,-1.0606375843912197,0.4262137658577969,-0.22608131253439098,1.3240732024352724,-1.4453349501493464,0.6468359384401319,-0.6304453780135405,1.1022535376034561,-1.092430191977259,0.9143729021694732,-0.966295918454592,1.1689855875478377,-1.2830317084531953,0.6585445936034147,-0.3613202995262084,1.1496969215344586,-1.2208807437607068,1.0367393106964666,-1.1003213562458576,1.0046455476650507,-0.5238728551902646,0.9236250827083297
chaotic_043,chaotic,3.6,0.18445837865593495,1.151044140702475,-1.0127770134509464,0.9854614070667248,-1.3670253742641612,0.8458052772070309,-0.7133501011531143,1.0298316800866472,-1.477438777768144,0.43691133072615895,-0.16581973238068995,0.8841627717787041,-1.0533908173094402,0.8673350436099768,-1.2137705424466958,0.8934988203098512,-0.9612745976509585,1.0845521426363116,-1.162026725442628,0.8708469663105743,-0.5929387553834802,1.2334012137676165,-1.4166569289622688,0.6031129318371031,-0.14340491596509838,1.038124681203736,-0.9643229343384588,0.8808814241462907,-1.2804805230354244,0.8586617543019092,-0.8006647166930032,1.0736957388310926,-1.2841229374699534,0.8221987793298678,-0.33853661845433364,1.1669834048688779,-1.4323482885981238,0.7982506373385398,-0.6146096218691836,0.9451362989043668,-1.4591359705377869,0.7669213802612647,-0.2815345607346481,1.1805253311790767,-1.1610998403090123,1.125132899658981,-0.9137689753967373,1.056727586687094,-1.4410705781687065,0.8679027496464321,-0.6368077426516503,1.039996379767322,-1.3344678590379584,0.7331723582047873,-0.18137354343864487,0.9434066275890742,-1.1152784494629895,0.9505314771665702,-0.9880491047780076,1.1288874759897711,-1.1165195157921834,1.104276488414125,-0.9046139036284964,1.009272458904626,-1.18475468258572,0.9881388903263761,-0.5740190193758444,1.2062244941336522,-1.4536478642768096,0.6016196139813424,-0.2125300223327782,1.1130536031721527,-1.0395529480665868,1.0180581932660953,-1.1107326099276924,0.923399367655841,-1.063972955105079,1.007307238228151,-1.009628205252311,0.896062439907649,-0.9529952256085154
chaotic_057,chaotic,3.65,0.25628528260755246,0.5525382139789422,-0.28741928005236084,1.1442794065218913,-1.1842369674846018,1.1380097031692358,-1.224289070078611,0.9708905668374394,-0.9504493366476284,1.045233230253418,-1.2982504182089367,0.6297810023170461,-0.5583099783157025,0.9611260376921643,-1.617536819324647,0.5688336966566799,0.1492975181729726,0.5983285975699433,-0.4734251927186849,1.0516709485656865,-1.3745510076091276,0.5835400079162175,-0.486560254258358,1.1880979432625158,-1.5525056021188248,0.6404884331003602,-0.08569861214456949,0.8807554687942789,-1.0607917565071365,1.1619910881983586,-1.5830846438607258,0.5816886212853289,-0.1472247192506147,1.1287894945192698,-1.0794362750381359,1.1043621748488226,-1.35294887288793,0.9625964709109743,-0.9201715243216559,1.2501137290410065,-1.5147291605709645,0.6530183124999877,-0.1830043751117001,1.0549862086364683,-1.347461348557988,1.147702672539633,-0.9532217722514944,1.1540069169203382,-1.4951648454994033,0.618114902655205,-0.12467618788019322,0.9144866545556399,-0.9116161149694938,1.047988931900229,-1.2992384690933934,0.6196736161687326,-0.14868554681737214,0.9802238135624056,-1.1331582514727325,0.9963408896329197,-1.3149555825623431,0.9666921477804545,-1.0589940058568452,1.1929435378367657,-1.4236167285841268,0.7982214991599468,-0.7666969983816091,1.317540683714559,-1.6876393515719388,0.524069168167209,0.21513591698027582,0.6584847597692164,-0.3955999518963121,0.9359998504684275,-1.1578193230950684,0.8156235879243818,-0.8501019704943444,1.160600818159094,-1.4642094240538404,0.6749839354331603,-0.27177143852817787
decoy_086,surrogate_decoy,,,-0.9656149189726354,0.256963002978061,0.10837727178923896,0.8510831414103587,-1.6503354707314897,1.1340637821239254,-2.004184106657258,1.0161578613685263,-1.6083402197793608,0.4323359186162563,-0.805175764417406,1.2284067940090448,-1.7653190653091322,1.1759409392471691,-1.3706092424240655,0.739947042082543,-0.4232868360373502,0.2401600622150648,0.06484904532570558,1.0497093048481363,0.23570499799271294,0.6752881066700296,0.10472644048629834,1.022515834014929,-0.22902966462490998,0.34553780074000706,-0.8219030121198472,0.44526433237381985,-0.22073956439457737,0.6170944731979167,-0.5261742729689224,1.1660927094313145,0.03800943856069214,0.4899310017725476,-1.1895812349983372,0.6373914629089348,0.1701119583955252,0.4609210230154703,-1.8841789023844013,1.4029117791160515,-0.23109118971746206,0.6848856611705938,-1.2250769463613909,0.8871011649301265,-1.5348015133692603,0.4966879719129094,0.12225521737876573,1.159490645952394,-1.9215265358600306,1.1352676266441992,-2.012768689316897,1.0097773178503235,-1.6430825180542206,1.034047781713811,-1.7913243575119833,1.0908232532986775,-1.552392538372031,0.8085858936807578,0.32171318228650797,0.88127634970576,-0.3892346702002084,0.2138603281785694,0.08228867315945754,0.3299209276295484,0.33889799639418955,1.0011594823498997,-0.4224451535102713,1.146583513216372,0.2691535929998648,-1.1891891413533773,0.32237295733171417,0.42137454537726915,0.4280397483733847,0.4546374174489028,-1.9315733008079872,1.0523433509154732,-0.8158388061154763,0.8452222498520482,-1.5128864279687784,0.9904416898972674
decoy_002,surrogate_decoy,,,0.7047888224525375,-0.10297278197526243,1.153977304429593,-1.43829039294958,0.8628109043390646,-0.3778823214141042,1.034864041261201,-1.2868183678274878,0.7809730232518413,-1.0649660944737143,1.0801988205671431,-1.277067345008203,1.0549243450728483,-0.40468568372394875,1.0239883686093145,-1.2901525279626718,1.0840913764333806,-0.9511456744468165,1.0039557947177185,-1.1042515590353872,1.070930490312117,-0.9145257340311266,0.9950257156523532,-0.8524657644041277,1.008082616810085,-0.6966813601401747,0.7398883602443078,-0.8024289262110914,1.0935767370301157,-1.5715288108617813,0.8878524170464518,-0.3657911993866998,0.7515402746683653,-1.1216266297242536,0.8123054077703173,-0.4494572849017518,1.0546843164564867,-1.0977766005370464,0.8214792654770425,-1.0277190941324592,1.085552398108299,-0.8708953051873575,0.6790255261221708,-0.4506628069132876,1.1725699543268229,-1.1350135232649918,0.6475188919900051,-0.8501100913223804,1.2031294457857642,-1.4145649327761796,0.6359065080091215,-0.3537128593057982,1.0669093268665333,-1.2263407508827076,0.964903054119281,-0.4911806824297422,1.1356065938621298,-0.994980312889532,0.7141485145337036,-1.4053083124021677,1.1080295752965228,-0.9519216137091341,1.0563828264767974,-1.3454729716496499,0.8972052328896779,-0.9861143951089193,1.1480656165159406,-1.2861982127866998,0.8001638740791792,-0.6514026615638618,1.1443012507081056,-1.4100206630475873,0.6963273197460849,-0.6768875778453136,1.1603703507306982,-1.3100673624644854,0.6612751119143507,-0.8102559354560568,1.2665503630608446,-1.444535013590761
chaotic_063,chaotic,3.6,0.17891745634825926,1.0795550316338685,-1.3220534367245462,0.6704575975818325,-0.5544275415774946,1.143659799031214,-1.3728977050690188,0.6535684536964397,-0.4510831869427171,1.0052529069973857,-1.2478729833315685,0.6568650740952396,-0.6929059632277046,0.9871887336363023,-1.404545276763364,0.497545049029008,-0.21036323298750612,1.15298560537471,-0.8744003684834185,0.883206676670051,-1.1109598288384832,0.8804253333930341,-1.0432690039156571,1.083689489959554,-1.1565381278227544,0.9104773245049165,-0.7168279801619457,1.2216090194539524,-1.6513737138489266,0.58512452513572,-0.2723395413529475,1.0007327933225278,-1.015341997941442,1.0503195360563613,-1.1985801145114856,0.9357003437582706,-0.793918008221213,1.1423631953224562,-1.3913328297669916,0.7890111431315336,-0.33734611384717195,1.0616979403790958,-1.32348883166055,0.9099291371887311,-0.6305810544458763,1.309426949351033,-1.5359542354110192,0.6636446233669901,-0.37163336037572986,1.249001812598001,-1.195388795801182,0.915300346527408,-0.944924646938223,1.112938825086748,-1.3261947255251145,0.8153266637964313,-0.9028693532113231,1.1592477831389825,-1.4359827364313797,0.7607634692395746,-0.10755932682583756,0.996432967145748,-0.9752193297691933,0.9326829299438324,-1.030140912117646,0.9466249097215107,-1.1167376157806599,1.039315334775506,-1.0369403188185868,0.9658926149599244,-0.7475465304219139,1.0476169793347496,-1.232725440963926,0.7357021039055022,-0.4871369233887847,1.1608068158416656,-1.3408592876205252,0.7344882856133887,-0.38899222374177783,1.1508685794861666,-1.0481940985997447
decoy_058,surrogate_decoy,,,-0.5343030081075476,0.6554807719764064,-1.4661836253933267,1.2112656583351897,-0.5764992581263283,0.8346572379886809,-1.4215437006657532,1.1717167817928458,-0.3266535751124566,0.7465538707487415,-1.5888740727571673,1.2357836658304113,-0.40483344259835147,0.7473328435559984,-1.2985474314738001,1.329087687492355,-0.8462573245203379,0.6928152651146192,-1.0487521366144328,1.0024971340961892,-0.4090389517903473,0.5328108343517377,-1.4484006592615162,1.2170343218479205,-0.352974734636801,0.9130608866696523,-1.4109256976272,1.0049088499396357,-0.5241150053386202,0.8084200504682096,-1.5270540979894385,1.0633978605594379,-0.4668938683334529,0.8272456787771687,-1.4445117637995057,1.0035225962921852,-0.1409381526973938,0.895301495636162,-1.2069845571618363,0.98155655091334,-0.7082890009150111,0.5941448181443658,-1.0189076152114158,1.0588172950986217,-0.8629565639210692,0.8782573042562436,-1.171631964692386,0.7910590840039201,-0.45143045457092795,0.8837646429360468,-1.370752096688003,1.181887036467944,-0.7638395903802941,0.9115727729244855,-1.3789160473516857,1.0436832854930398,-0.39244659818921945,0.8877817357692238,-1.2459271706125017,0.8049699716457732,-0.9150937578666838,0.8194522804437415,-1.3853143374358874,1.0892902007180683,-0.9058170281363292,1.0280554517827232,-1.1081904603277426,0.8728503097868263,-0.6306992477276975,0.8208024364344648,-1.4155561018607359,1.0628232879022699,-0.413294297858812,0.9387231947442339,-1.3935757931862283,1.0090350821619494,-0.3060875039448346,0.8328846002464726,-1.393686874848712,1.292392736384467
decoy_036,surrogate_decoy,,,0.7905824844144654,-0.9101445429001419,0.8639819240676363,-1.1119722012098592,1.0723509335762829,-1.0321123128585359,1.0449072170303062,-1.2924525828367612,0.9122661053227151,-0.6370327326597995,1.0421742873976612,-1.2941028586771481,0.6772846858661994,-0.22622423473800377,1.1611808868921742,-1.3979538660526338,0.8738795031660773,-0.9204877129147705,1.1474140264838846,-1.280595799705646,0.6426962713612796,-0.16507460212507385,1.1429487092202535,-1.4512335005247798,0.7312219880703168,-1.1340984761023638,1.1930198630077298,-1.08319739148963,0.5143612805468933,-0.29161196994390853,1.1990231889430587,-1.3561329399151165,0.7297912373456733,-0.7066051761684906,1.118482533525058,-1.500772023355581,0.7423938688322061,-0.18701842555773465,1.00211941621242,-1.2626189807873793,0.8108466250390199,-0.42698175975108965,0.8216849163175426,-0.842433864506349,0.9723136776554872,-1.2212215874406598,0.909130942864882,-0.27789362685407226,1.0657666196154914,-1.53729706781084,0.9299937939698234,-1.1831810601595196,1.1467351535700423,-1.1617318863292811,0.6518738189485551,-0.20288471360589225,1.1269209040909285,-1.4876574402043863,0.9327712816806963,-0.41346592012076133,1.15768481269089,-1.4172179043260178,0.8716829586869194,-0.815848292236354,1.1857915919290913,-1.0087291196649102,0.681258776355586,-0.6329196427956091,0.9893021285103241,-1.1089382124379341,0.6777262171166524,-0.9539510933657611,1.2052044562054882,-1.4108995955729224,0.9274797401476518,-0.594406766401912,1.049385949267194,-1.477315758488556,0.9752484820300159,-0.2744656153783803
chaotic_070,chaotic,3.62,0.2062896560845715,-1.0132082542889589,1.0575710824180813,-1.1607476390175342,0.8922550729036034,-0.8385585589245164,1.2894102454319858,-1.5246581792734595,0.5489464949193195,-0.3794425785170867,0.9695738188975396,-0.8562526157156838,1.1258151424171337,-1.455841026786675,0.6389499468527886,-0.3715354760138913,1.1033923314913663,-1.2064932647739457,0.83991226455488,-0.6495793584498131,1.137958564467593,-1.546749071422872,0.6033395311347269,-0.23909475550020612,0.926028415811164,-0.9843699883194696,1.030594157392764,-1.617610759325304,0.6539967471274208,-0.14883061277372017,1.0257260142311704,-1.1350073234301914,1.1359956228890042,-0.860904578251079,1.03722495071469,-1.4442912846653733,0.7283283023094607,-0.47904872651709646,1.0506233039996862,-1.2849390391996802,0.8373016273868275,-0.60858256970943,1.0413405298308918,-1.4550647763283906,0.7518032084977233,-0.2526122773782562,1.3126950139998677,-1.3296301345585058,0.799632096457867,-0.6238188152479057,1.087554881601509,-1.5249416128901991,0.5337452700438728,-0.3228862804496746,0.889469833180719,-0.7951560499584873,1.2525540980069845,-1.4822471652219535,0.4981624043011345,-0.19161797072751902,0.7610598809197551,-1.0662224609120798,1.1372671258586167,-1.3376714741367988,0.8912605473906603,-0.7847383231636078,1.124337752558639,-1.5472031091470284,0.6671454090210469,-0.048666607489005365,0.9553549090682754,-0.6892464520864897,1.094871306291654,-1.3318644589056146,0.5573825038323579,-0.3499202411233726,1.0782218758297233,-1.2580412923332156,1.0316843039230532,-1.03244790695,1.1312564819185575
chaotic_049,chaotic,3.65,0.24340560543391437,-0.46470194295375167,1.0901076813062838,-1.6265575546774924,0.746515379149837,-0.4970510806591277,1.1234263901523556,-1.543853918294249,0.7329987277578017,-0.24408735269582815,1.116401818364996,-1.3300817499357627,0.8896900969545558,-1.0763149268384422,1.0988014040812106,-1.5630373721935693,0.5861117130413529,-0.2940740382613896,0.9696782069601506,-1.450717177724038,1.030687296715482,-1.051935068636697,1.0640866738877424,-1.6326562072224127,0.7436427261086374,-0.2715144116378768,1.0797617750645985,-1.4779216062913008,0.8905979114972691,-0.7683757086372687,1.37317388360459,-1.4380337100627134,0.26519159812161,-0.02230978923603358,0.7343195434143467,-0.6509076802462418,1.1546894973057364,-1.606051755142036,0.4860914702557705,-0.05579965441342227,0.7363851600687858,-0.4623752116841323,1.0538279920745595,-1.749665387501082,0.806108697249813,-0.2770111395282976,0.9840546132063825,-1.1590922388564475,1.1343253061987941,-1.1930118249449468,0.9486825776939533,-0.9962176850488409,1.0607561448939358,-1.7092073703719568,0.48669183400350646,-0.16101222453268343,0.8632190729229328,-0.6916769673343254,1.3269233152943176,-1.4908545919504712,0.5036810941337158,0.012045045932876768,0.7038354113171886,-0.6098758462352722,1.1526793483534297,-1.8004171256574841,0.4449711940280533,0.0323889756118046,0.6653442460944533,-0.2931151278317187,1.034303980229871,-1.267457136263489,0.6967884765381297,-0.5209964639645185,1.104488590032933,-1.699770650698324,0.42442943777126185,0.0470425932752885,0.7668528480540384,-0.23256957468241835,1.2145095241217367
chaotic_086,chaotic,3.68,0.343358010883081,1.1660927094313145,-1.7653190653091322,0.6752881066700296,-0.4224451535102713,1.0497093048481363,-1.5348015133692603,0.8510831414103587,-0.8158388061154763,1.1340637821239254,-2.004184106657258,0.10472644048629834,0.23570499799271294,0.2401600622150648,0.32171318228650797,0.4899310017725476,0.34553780074000706,0.4546374174489028,0.33889799639418955,0.44526433237381985,0.42137454537726915,0.32237295733171417,0.03800943856069214,0.6373914629089348,-0.22073956439457737,0.9904416898972674,-1.1895812349983372,1.1352676266441992,-1.6430825180542206,0.4966879719129094,-0.23109118971746206,1.0908232532986775,-1.5128864279687784,1.0011594823498997,-1.552392538372031,1.034047781713811,-1.2250769463613909,1.1759409392471691,-1.9215265358600306,0.8871011649301265,-0.3892346702002084,1.159490645952394,-1.6083402197793608,0.8452222498520482,-0.8219030121198472,1.0523433509154732,-1.9315733008079872,0.256963002978061,0.10837727178923896,0.4609210230154703,-0.22902966462490998,0.88127634970576,-1.1891891413533773,1.2284067940090448,-2.012768689316897,0.1701119583955252,0.4280397483733847,0.2691535929998648,0.2138603281785694,0.3299209276295484,0.12225521737876573,0.6848856611705938,0.06484904532570558,1.0097773178503235,-0.9656149189726354,1.4029117791160515,-1.8841789023844013,0.6170944731979167,0.08228867315945754,0.739947042082543,-0.5261742729689224,1.0161578613685263,-1.7913243575119833,0.4323359186162563,-0.4232868360373502,1.022515834014929,-1.3706092424240655,1.146583513216372,-1.6503354707314897,0.8085858936807578,-0.805175764417406
chaotic_048,chaotic,3.68,0.3399959769976481,0.7742646130728881,-0.4233200744380692,1.35089477753837,-1.520157225309891,0.7905730359260075,-0.11159124613881673,1.1614690754363102,-1.479650625069408,0.9195927812935596,-0.8421304942903584,1.2269116647909688,-1.9383002730741685,0.33385665931984476,0.25273074252111283,0.217519368857324,0.37573702651376667,0.2330366265858209,0.21231430013564054,0.0013606591486001853,0.44688790313625787,-0.2560682598180541,0.9661849429292299,-1.024319496762656,1.2657761927356677,-1.644981762706899,0.6479284765805113,-0.09237767905571911,0.9259078197662785,-0.8858598949493545,1.2715272787657697,-1.740339742055653,0.5785848647176469,-0.1984372722041043,0.6825358290828649,-0.5383119312025098,1.2678945592471285,-1.548300240994813,0.4341743334303998,-0.07109182711448919,0.846030576407667,-1.2365816730927295,1.103400960735871,-1.6322299820151271,0.5523688226859276,-0.4257629699660543,1.2132967398289138,-1.5691886729662436,0.5705355280869079,-0.2932759559515401,1.0243995851391121,-1.158076480240423,0.7261126737166146,-1.323913269895593,1.062166083145812,-1.5194176837403306,0.8842773241959462,-1.010409881243197,1.118710189475163,-1.762391818929163,0.528978122114122,-0.019880696334756177,0.6947607947024482,-0.5895971184340169,1.181609840859328,-1.9372152169578312,0.5088044921747558,-0.03203865507171421,0.8480232460402557,-0.4936685816362912,1.2856378534762507,-1.8428782375216286,0.4667906963614985,-0.18066025551780113,0.7464003988169055,-0.6368178992846841,1.3577943278946056,-1.984087803235516,0.2554582941873555,0.3022398638413532,0.3478709518008352
decoy_084,surrogate_decoy,,,-0.3693705653579715,0.8629713550593193,-1.3857595345510938,1.0797243542813513,-0.7897706792488627,0.5642908356407467,-1.4704404711224626,1.042664471169569,-0.10749895490624295,0.9245076872351327,-1.4725390379938268,1.1283096207485734,-0.9057308283220425,0.8137714798971877,-0.08714914517689348,1.1758456650802118,-1.4033587759092354,0.9212456642118974,-0.1720210790955364,0.6101066694425153,-1.0633419502968833,1.196115094309326,-1.1722788490468612,1.0493354192867639,-1.0718317923441814,0.9816612667063794,-0.9714294484932073,0.6748186272227439,-0.3205768390806346,1.0159478633336358,-1.4040145694596873,1.1540838899838162,-1.1889591696948454,0.5475525088999816,-0.25137900942154184,1.153002677510146,-1.5457252396784067,0.8447640704064365,-0.5938517872082714,0.7076127314868677,-0.7227942796298911,0.7528647801027959,-1.296537377226992,0.8123370406653648,-0.9489298914288228,1.2560541782261967,-0.8662931250496371,0.7069731799320623,-1.2897030624318144,0.943463389847109,-0.08892082342821189,0.7821389745911931,-1.526102974833007,1.0736820955829183,0.09582393017056007,0.6387823176506869,-1.270323672797827,1.0866584741953582,-1.1948745550701017,1.2592854476142017,-1.0435156475772531,0.812045221815089,-1.453197809641567,1.0091186264705758,-1.0660990555429237,1.0451434693826114,-1.355116112966602,1.0550054825928403,-0.3990698513617526,0.9731194757961777,-1.1197078553016884,0.7508247482469987,-0.3148085292180584,1.1362181283721657,-1.3870593619395297,0.807089196942497,-0.7345151720489517,0.951114443454618,-1.4689757206078629,0.8974980509465339
decoy_048,surrogate_decoy,,,1.2132967398289138,-1.9383002730741685,0.8480232460402557,-1.010409881243197,0.9259078197662785,-0.1984372722041043,0.7742646130728881,-1.762391818929163,0.846030576407667,-0.5895971184340169,-0.03203865507171421,0.2330366265858209,0.7905730359260075,-1.740339742055653,1.062166083145812,0.21231430013564054,0.33385665931984476,-0.4257629699660543,0.6825358290828649,0.0013606591486001853,0.7261126737166146,-1.2365816730927295,0.9195927812935596,-1.8428782375216286,1.2657761927356677,-0.2932759559515401,1.2678945592471285,-1.644981762706899,0.9661849429292299,-1.9372152169578312,1.2715272787657697,-1.024319496762656,1.103400960735871,0.3022398638413532,0.2554582941873555,-0.6368178992846841,0.5523688226859276,0.6479284765805113,0.217519368857324,1.1614690754363102,-1.5194176837403306,-0.019880696334756177,-0.11159124613881673,0.5785848647176469,-1.158076480240423,1.181609840859328,-0.8858598949493545,0.44688790313625787,-0.09237767905571911,0.528978122114122,0.25273074252111283,1.118710189475163,-0.4233200744380692,-0.8421304942903584,0.7464003988169055,0.8842773241959462,-1.520157225309891,0.37573702651376667,0.4667906963614985,-0.4936685816362912,0.6947607947024482,-0.07109182711448919,0.3478709518008352,-0.5383119312025098,-0.2560682598180541,0.4341743334303998,0.5705355280869079,-0.18066025551780113,0.5088044921747558,-1.6322299820151271,1.2269116647909688,-1.5691886729662436,1.3577943278946056,-1.479650625069408,1.0243995851391121,-1.984087803235516,1.35089477753837,-1.548300240994813,1.2856378534762507,-1.323913269895593
decoy_015,surrogate_decoy,,,-1.9507668447614925,1.193489803154724,-1.341011283925538,1.2173895469068738,-0.23124475356320634,0.5905219768554725,-1.6757893162849555,0.8905171447891739,-0.8165755706410387,1.2719625988371637,-1.8919811933688762,0.5245443294024326,-0.7676010227902365,1.0060684317318018,-1.66508056285317,0.8434701325830302,-0.24395410603061565,0.6268953300981964,-0.38378424527630284,0.33915603884960355,-0.8794769196088392,1.27736124525043,-0.430043853573713,0.182619490210685,-0.698178503825421,0.6140332562140358,-0.20951348713018836,0.41287823256174266,0.040966783297134934,-0.18283465681515537,0.4042668018517166,0.5144062259766843,0.4196221755311741,0.17051328815344113,0.1603881093214526,0.41078892497050845,0.3203606668274309,0.2362050426249492,-1.1890148363514685,1.5116000575382744,-1.8197849028235993,0.40832351510776926,0.13646701206050232,0.6019033463552889,0.2724500923317233,0.5151877805277479,-0.772203950677358,0.5639304632600047,-2.09384093869854,1.0816855902195406,0.09539099169888816,0.7704024387886229,-0.008167783689033323,0.61418837429155,0.32029586827205986,-0.7739707905538556,0.22188118697320733,1.0596541040684175,-1.2929470799342908,0.8497802690956414,-2.150689921693889,1.243197260441464,0.022772086856488793,1.1585805426332885,-1.9983791524456493,1.2785899989673484,-2.048899435569242,0.4122315933537749,0.08809999526866621,0.8732071460196107,-1.9769020841235416,1.1434461576109407,0.2961190145094677,0.05041853092709051,-0.005840453087661817,0.901367352597624,-0.219222483472573,0.4509233982296193,-2.20154545787881,1.308725847443804
chaotic_006,chaotic,3.65,0.25504743572763117,0.6708875122926865,-0.3360419228197529,0.9835539416217908,-1.02891490677728,0.9235362362362304,-1.363415775589346,0.8537225809875927,-1.151115331563068,1.0388128588929346,-1.1943529785457307,1.1255517530535342,-1.3689471082436602,1.093998325158961,-1.0995032427500002,0.8611397215468818,-1.027224823153583,1.0627294705171269,-1.5373780389477674,0.7162104590831803,-0.3219420865632624,1.3223773953828661,-1.5478300046176239,0.8443211772345319,-0.27775669060214564,1.2242610380106216,-1.2665293371066462,0.9641501453636435,-0.9247861971443577,1.439559860085754,-1.4200377636758656,0.6275862198586923,-0.24376734555774773,1.0617181015806902,-1.393796083252971,0.948591459969762,-0.7335526480040383,1.2251720168339646,-1.6532417456459538,0.5061737883251609,0.14836728228001972,0.505626661360706,-0.25235949345040115,0.9931869345777025,-1.4490655145812155,0.8921934747219643,-0.810394304967702,1.125412708997175,-1.5472004855322385,0.39763706013932293,-0.015498874779212125,0.7358016188812796,-0.5585420844214241,1.2099794084645894,-1.7016976984208732,0.6094145910971022,-0.014258214958990528,0.6620566086957661,-0.8461830250949821,1.1987429667063012,-1.6759256753665708,0.46406712033366837,0.10964548179166654,0.7008888589880231,-0.21812945400476808,0.9761564008234273,-1.4096572700309196,0.8109933736640509,-0.827296024956843,1.2960362528909426,-1.6400315462282171,0.32478499818687306,-0.20134838282013626,0.7853249853068548,-0.7804932332079944,1.1623315642458731,-1.6521831294452847,0.4446593438687838,0.20924878450468906,0.6173427153648888,-0.3835548150996919
decoy_017,surrogate_decoy,,,0.6581654654432885,-0.3652465635511987,0.7535148946720285,-1.9824969071177019,1.2509759503038775,-1.8747260714822112,0.4822247479377571,0.12631016385949909,0.5893037934985187,-1.2819895956015268,0.8021604414692127,-0.280681458726811,0.5093676082584826,-0.49017951213546884,0.44236286184016266,0.25595105948217645,1.1056271874591248,-1.4569017485984306,0.8692888977792153,-1.171326322375835,0.5651277749123472,-0.3290167385845667,0.14712999147480985,-1.116341652792544,1.0922132390616461,0.2769238112070542,0.6874778628414715,0.09902984696451249,1.0460990618456745,-1.1041240005585709,0.6471644583501437,0.3137693594821353,0.4707642213163919,-0.9144724235957747,1.2347558544178703,-1.762836068254998,1.236344566559927,-1.4026854011075582,1.1383822273690853,-1.6766507375568687,0.726363226909259,-1.0783793992488195,1.0837845041145808,-0.9147559217658235,1.1894906239303653,-1.6143737863725798,0.9712088267796826,-1.6154585688566605,0.8839761149300297,-0.18454330598491145,0.6076475631911967,-0.6880530770538208,0.7262572784718447,-0.1753562068810052,1.2332693322566424,-1.7921490134880709,1.2005627416383067,-1.3295705595218779,0.9229559145344117,-1.2753375418674333,0.42863673118421636,-0.8408755432430427,0.9198259434603198,0.27691636745528403,-0.12291808416462667,-0.20381363341523492,0.8911356458419187,0.2729715763598397,0.4265018947702534,0.4146478055133761,0.349818042855101,-1.8360009982183243,1.0846006741129512,0.10465031888983613,1.1148825868753074,-1.5101187647809275,1.1120670554483558,-1.182765386466586,1.18665732856253,-1.355118452522204
decoy_059,surrogate_decoy,,,-0.9865201589701323,1.198883468750263,-1.3151503793533852,1.08015243053859,-1.7653604843062731,1.3259978290319074,-1.735708881288138,0.9675624587679751,-0.3879313163876083,0.6392891345914463,0.26213384990347605,0.46831433009584994,-1.6768579235461738,0.8942412121546098,-0.7287452591987241,0.5409216648750881,0.12339258268533938,0.594125108563519,0.19161893181944428,0.4840060476838692,-1.424752455978992,1.1754346786279573,-1.262491096021998,1.1599377083921756,-1.4373309884945475,1.1658283259577606,-0.15987037658287323,0.8846228447628163,-0.8804961909461897,1.002165777044444,-1.189852156550546,0.6249960566748788,-0.3429191314496355,0.563313917828697,0.07665158461555811,0.5959790803883056,-1.386258093943935,0.7925592754229893,-1.16470028359057,1.1718353522142062,-1.815842339905234,0.9441495591687723,-0.40942441464796975,1.1420963644823783,0.4407504169721933,0.2822389414187454,-0.3510731474183531,1.1304593043815676,0.11819709433777899,0.28329635443988677,-1.3179801447706563,1.2627444418961113,-1.2414561570555354,0.5765063029298774,-1.339114687538011,1.140839335203898,-0.7935876176023949,0.25648033458078856,-0.5923669209708954,0.8539808093403168,-0.8122649720735691,0.8696097111869822,-1.2483438748922369,1.204250597263383,-1.495823781059344,1.0286547663942567,-0.28528927929639325,0.9568670103597002,-1.6468269509983287,1.2332059216302347,-1.8276695087099943,1.0221882839239318,-1.0262165575884965,1.0612233112457,0.19426208728439567,0.20683651274578113,-1.3771486985073416,0.7726668811085692,0.262574077705866,0.19733215825219183
chaotic_021,chaotic,3.65,0.259249046520814,0.6841238871166764,-0.05591690881241382,1.0170224554575908,-1.0434721988411628,0.9098382342330554,-1.3483034682660593,0.8319875161404617,-1.059911412463162,1.1894996114358771,-1.7780910680113045,0.4776275781121399,-0.16856453378180739,0.8681382592175013,-0.8842363422510487,1.1951489059511913,-1.4540664835233847,0.7161871781051168,-0.11232006581160395,1.0267690784487233,-1.111348458201391,1.0982097012029879,-1.1923822618649609,0.9644331806397776,-1.0999917832363086,1.0209953388661184,-1.2935805515418841,0.8769806527800179,-0.8311798470544544,1.1417974364569452,-1.755008860204374,0.5856689575608627,0.09314097006041468,0.6451902687385255,-0.3133899937069285,1.0810592267721062,-1.5663131252378315,0.8661831091070448,-0.5454000780973546,1.1382547880206968,-1.5593061437525304,0.7161797347362173,-0.1402622474144613,0.8548429524923102,-0.924521932297898,1.10066933423505,-1.2991885754898145,0.7277061981158729,-0.600948157880378,1.1689990253089544,-1.2667565684085034,0.9060938617012161,-0.3009663755082958,1.0731767114962467,-1.4531591010073124,0.579155696300375,-0.19463034315238856,0.9078557751926888,-1.1941909025579485,0.9918699049462507,-1.1314509829528374,1.0676814879706678,-1.0244090383842324,0.9830416872578055,-1.3930495400952894,0.7839022183173232,-0.6082590524311163,1.3159708740801213,-1.5592544621501694,0.4056021156201116,-0.12917093339048535,0.5141889170871858,-0.15164451551755742,1.0358616114685724,-1.335422922270888,1.1005731287604346,-0.81517681893785,1.1651660061255764,-1.5516299923445414,0.6503951927385637,-0.23031272152341986
decoy_094,surrogate_decoy,,,-0.9614300567609744,0.7399649892516503,-0.27855390936734903,0.9256638835553254,-1.3197237360245564,1.0258224838772796,-0.9444444593866856,0.9606565942071416,-1.1912923370936785,0.9713079615637036,-0.9210217959698744,0.8926218492310357,-1.3220451107407991,0.9860441298389478,-0.14029185475625267,0.8833783418784917,-1.543706956579684,1.1834453867316503,-0.6997130754399559,0.8165647376976237,-0.978985130039528,0.9564663298701859,-0.5537603764373293,1.0132545755454263,-1.431059572921054,1.1011264390429756,-0.11936984863719709,0.6741368107228527,-1.4153696630699772,0.9013553722028628,-0.41420416530513415,1.059035901760635,-1.1666239086787804,0.9967901587300483,-1.013960519588718,1.1367014289000559,-1.3399873935647792,0.8703114744745144,-0.017257217760359198,1.1265580386516099,-1.4880357319410535,0.6516175660766572,-0.9479853543607877,1.0969505184176416,-1.356075607365266,0.8171843189235328,-0.7742034189067502,0.9534798109594843,-1.2528057558084322,1.0224822606333297,-0.5180375850991664,1.0366512993794312,-1.1140847644721468,1.1675572263451548,-1.4241654253709615,0.7001507694609276,-0.8774605414157408,1.1347656709202882,-1.1357894067800776,0.48705636880915654,-0.34895215368849714,1.1640131537259237,-1.3378358376861552,0.5530687034257216,-0.6627606903095896,1.2187980565294672,-1.2968285247655362,0.7980844930649178,-0.7225723714682996,1.095715392950485,-1.1501440647117274,1.0606793352889279,-1.1706820237113331,1.0305810181295592,-0.8605744510106077,0.9570057029609397,-1.0414200111624503,0.9492682239984804,-0.792675007442937,0.9295730378661207
chaotic_045,chaotic,3.68,0.35225379448648964,-0.852173615132591,1.2085877273369448,-1.883949101843048,0.3151319923307295,0.11113155773842505,0.6905425318558746,-0.06951952059129442,0.8741961718017307,-0.8845416270827189,1.463477629546201,-1.7706746182102306,0.24153374403002312,0.2651939093960162,0.3037203710052615,0.28321227659506887,0.2936777856746064,0.2471517891468207,0.603242285404891,-0.1095050325372777,0.6137216986935456,-0.5799795049485094,1.1341838479236281,-1.5487782810876771,0.6488905249910185,-0.06883442310974305,0.8938095731490933,-1.0462891407794233,1.0528730773674875,-1.716871932110575,0.5249446585827112,0.11350916745907993,0.7366816637282341,-0.627525189316675,1.2204149211263173,-1.7393468624189792,0.2845016841666828,0.1575481080322152,0.6312235592761547,-0.43420475128744224,0.8627117345560794,-1.4266697428305883,1.0817688485216281,-0.916339775956976,1.2047958293588474,-1.5345368639149035,0.5732694192451088,-0.12051027088617915,0.9247803372503334,-1.198502912311071,1.0711079579367502,-1.8222355471421827,0.8362573995147513,-0.5703984288994666,1.0884261140615596,-1.8241976249415321,0.5770656145824175,-0.08318778388706628,1.2059078268018,-1.40517543857375,1.0441018509963989,-1.5540291228567553,0.9980714025363643,-0.9473156585372288,1.144793958144885,-1.825508186019324,0.3693903301214266,0.26285149548153225,0.658112498998331,-0.2069000815972685,0.7607825440201568,-1.2918758720201498,1.2506556391267314,-1.2439234315670478,0.8010308057328682,-1.209022316793317,1.0038212260703732,-1.408960289527106,0.7951902606072735,-0.7226393131146509,1.216126911808415
chaotic_068,chaotic,3.6,0.1765145528229983,-1.0270955398271133,0.8403279985257132,-0.9465588785200866,1.0505492691782465,-1.1743040742730027,0.9539340125577719,-0.9394240954495159,1.217650445760746,-0.9690589915474856,0.9700353228597455,-0.6896222681001966,1.2202114428958695,-1.3783695578656197,0.57594090474361,-0.3045507832731025,0.9937957772476942,-0.9159052565327452,0.9229164633421082,-1.2387054177110686,0.9916791712306422,-0.8319035845968484,1.2620520211016195,-1.4832499991429893,0.9723661294403274,-0.5458702070193946,0.9351382590074028,-1.317150190101486,0.7055127464959507,-0.5201241874104657,1.143724325711997,-1.4198553728079097,0.6292752628834412,-0.24844617417945433,1.033386532480136,-1.0560925442041098,0.9383391902567906,-0.9601475464035701,0.9690516799944221,-1.3359724574282774,0.684133546834838,-0.6173901726742496,1.1933836587549485,-1.549476460922606,0.8489846969376552,-0.3076428830379024,1.0767682675488046,-1.3003642689142816,0.9800280643674975,-0.7634678662006413,1.0900087331465385,-1.3887494370335658,0.5477049754584592,-0.42325196870401605,0.9538589291368421,-1.1053178337878224,0.969492924277298,-0.8169517441819069,1.0230877214185885,-1.2255117267543834,0.8333863462399005,-0.6853321140436432,1.1966050111154332,-1.440825081705016,0.608199978799211,-0.19828098717396386,0.9959859136249318,-1.024253663832444,1.019123123431231,-1.2584059053017076,0.9737253869182688,-0.9770448216359858,1.017067527070288,-1.3077015269843253,0.9013663250692491,-0.5629066972540945,1.1120240443210272,-1.481421117917573,0.7288786329489041,-0.4319831510299355,1.0889857923503408
decoy_025,surrogate_decoy,,,0.9284624839516851,-1.600814922293403,0.7918492071107625,-1.0256641997421019,1.3659424177557131,-1.3094458928949337,0.8484170346583462,-0.054426174335734157,1.0121961483161521,-1.3922019340764624,0.6717097426394649,-0.19854035935412082,1.1321707930443974,-1.4794001632358573,0.6997690675589971,-0.6776118609871178,1.0817958825399765,-1.1143269841378929,0.9728928462666678,-0.7270790601614517,1.1587213920120762,-1.3035404220099196,0.9568187640234798,-0.9935038003104874,0.9397947156494008,-1.1103331464107333,1.1472974120416262,-1.215411144096388,0.7250292789696895,-0.4411597640477317,1.1144701935275865,-1.3759286079094026,0.765892748886151,-0.5841508983880063,1.0684086470050453,-0.7781119250246058,1.041196908313664,-1.2615970024720773,0.5563149952234355,-1.1071697645206096,1.1547254773326698,-1.2253369168158024,0.7794506992619343,-0.2899031368528275,0.9856474008771952,-1.2879192016403294,1.101439121493288,-0.8096081284033044,0.4862207094858391,-0.5590349065121595,1.232559510599514,-1.4682821678675324,0.4555719123984722,-0.8043386812641186,1.192591518011229,-1.2717949232672254,0.9945241167574871,-1.057105311910069,0.8931951412625353,-0.9556767842861594,1.1571788621033219,-1.322722334015689,0.5644540907014503,-0.1570119920573132,1.1068775039314191,-1.5099436103174448,0.6360804650894829,-0.661307868053776,1.0982071488135117,-1.3923887339251484,1.138501905047817,-0.7958440690701314,0.8236748312655963,-0.2935695258495994,0.7981525467271077,-0.30722400047636494,1.015941527252641,-1.480226935332003,0.8385325104284735,-0.033020424009239616
decoy_063,surrogate_decoy,,,-1.030140912117646,0.497545049029008,-1.1985801145114856,1.309426949351033,-1.1565381278227544,0.7607634692395746,-1.0481940985997447,1.1508685794861666,-0.6305810544458763,0.6636446233669901,-1.404545276763364,1.112938825086748,-0.38899222374177783,0.996432967145748,-1.3728977050690188,1.15298560537471,-0.8744003684834185,0.8804253333930341,-1.015341997941442,0.7344882856133887,-1.195388795801182,1.1423631953224562,-0.7475465304219139,1.083689489959554,-0.9752193297691933,0.883206676670051,-1.3913328297669916,1.0795550316338685,-0.944924646938223,0.6704575975818325,-0.4510831869427171,1.249001812598001,-0.9028693532113231,0.58512452513572,-0.37163336037572986,1.143659799031214,-1.3408592876205252,0.6568650740952396,-0.793918008221213,1.2216090194539524,-1.32348883166055,0.8153266637964313,-0.33734611384717195,0.7357021039055022,-1.1167376157806599,0.9104773245049165,-1.0432690039156571,1.039315334775506,-0.7168279801619457,1.0007327933225278,-1.3220534367245462,1.0052529069973857,-0.5544275415774946,0.915300346527408,-1.3261947255251145,0.9357003437582706,-0.6929059632277046,0.7890111431315336,-1.4359827364313797,1.1592477831389825,-0.10755932682583756,0.6535684536964397,-1.5359542354110192,1.0616979403790958,-0.21036323298750612,0.9099291371887311,-1.1109598288384832,1.1608068158416656,-1.2478729833315685,0.9466249097215107,-1.0369403188185868,1.0503195360563613,-1.232725440963926,0.9326829299438324,-0.2723395413529475,0.9871887336363023,-1.6513737138489266,1.0476169793347496,-0.4871369233887847,0.9658926149599244
chaotic_081,chaotic,3.6,0.18466282906479603,-1.308646315171165,0.8113468043616522,-0.26652075206006987,1.0311913312954668,-1.0479760795260864,0.9456498987440991,-1.1153098331365672,1.0054810544606807,-0.9690585012701056,0.9606831923650478,-1.282923375935469,0.8201155232234428,-0.8505490033813584,1.1387812063766907,-1.4032637428398742,0.735496870805966,-0.3623234610942622,0.9452173092866852,-0.9858510496360181,0.9410486985348525,-1.0133079118632915,1.0095410093701083,-1.1001056525511177,1.0008864260811217,-0.7619798777149225,1.0930274611000201,-1.4619197495546854,0.8878886512711041,-0.3558159497685121,1.0306870408801256,-1.2024093174627426,0.7259131621450593,-0.43989117549701107,1.241862111168539,-1.5194711449133798,0.7046387668771706,-0.22550767246577413,1.2378123021129452,-1.2088107676256798,1.0717451965551157,-0.9818008269892653,0.930959385913056,-1.2592100649954079,0.8547232597849992,-0.853970121687388,1.1410265170928533,-1.3616591714756656,0.6606262765144962,-0.3162403591875574,0.9723275938907864,-1.095269693271434,0.9965338745813562,-0.9724760291812771,1.0164334778864075,-1.2377610132846828,0.9148415002120761,-1.0259846894621396,1.1119306056316944,-1.0469411133503992,1.086245231742403,-0.9298090504690734,1.130053553639633,-1.4324600615453082,0.841389933756361,-0.7307140277226357,1.1118033923573367,-1.1884368951318784,0.650738906003096,-0.31208266065417095,0.9997403139632497,-1.081724206981507,0.9281877958949751,-0.983449088151817,1.0158618843206464,-0.8928140728358617,1.0338047720870454,-1.3504053862983618,0.9201725418784414,-0.5573449421836829,0.835779974160815
decoy_020,surrogate_decoy,,,1.0136338320752207,-1.2929342794137686,0.9289307992157044,-0.71392558214187,0.9704010071413245,-1.0022936834774494,1.0088107495496808,-1.205159394258714,0.9985066111306098,-0.44395476539542367,1.1367928012095345,-1.2123884239221459,0.7206338540099871,-0.7207592609997224,1.0530150387503607,-0.5184436821026,0.5053632728607896,-1.0524904729734244,1.145597315125432,-1.3818651400395212,0.8179315319812961,-0.42187341515303,1.3072045136618222,-1.5389107287597203,0.7659463079477078,-0.14616774205536578,1.0292673367465668,-1.4651193215013432,0.8644332430370002,-0.2561606701566634,1.0221795190119083,-1.437107218658777,0.7720446364215167,-0.4790980648790809,1.151784607324466,-1.4086618758681568,0.8100630315066024,-0.31309895937879506,1.0238294590481256,-1.066011590619105,0.8754533713248431,-1.2016356985093053,0.981330784249973,-0.617050684373262,0.6992972130802085,-1.311633421619934,1.0930437582824772,-0.9876061189156988,0.96088384246472,-1.3516819684602805,1.0081796796657236,-0.9526456045141852,1.161336111874016,-0.5042748170378966,0.6705533691351011,-1.203824235246606,1.144475318850556,-1.085907930766759,0.671033881180473,-0.3651637488898236,1.081173005173821,-1.4055064290810353,0.775476266638395,-0.3353716512057585,1.2134821778841258,-1.5306658139784117,0.8715905232796594,-0.8958892213963175,1.167849273754069,-1.3688226250984394,0.6104683514693924,-0.3124574473828364,1.0021007872784826,-1.2223726755351128,0.8271116824692463,-0.9083106183362312,1.048100636602412,-1.07773792885857,0.9994258783411103,-1.1937524697933042
chaotic_059,chaotic,3.68,0.34324286796685594,0.5409216648750881,-0.28528927929639325,0.8696097111869822,-1.2483438748922369,0.8846228447628163,-1.3179801447706563,0.8942412121546098,-1.3151503793533852,1.198883468750263,-1.386258093943935,1.0221882839239318,-0.8122649720735691,1.140839335203898,-1.6768579235461738,0.2822389414187454,0.19161893181944428,0.563313917828697,-0.3429191314496355,1.08015243053859,-1.16470028359057,1.1599377083921756,-1.3771486985073416,0.9675624587679751,-1.0262165575884965,1.204250597263383,-1.6468269509983287,0.6249960566748788,-0.15987037658287323,0.8539808093403168,-1.2414561570555354,0.9568670103597002,-1.424752455978992,1.0612233112457,-0.9865201589701323,1.2332059216302347,-1.7653604843062731,0.19733215825219183,0.11819709433777899,0.5765063029298774,-0.3879313163876083,0.7925592754229893,-0.7935876176023949,1.3259978290319074,-1.8276695087099943,0.4407504169721933,0.262574077705866,0.4840060476838692,0.07665158461555811,0.6392891345914463,-0.3510731474183531,1.1718353522142062,-1.189852156550546,1.1420963644823783,-1.262491096021998,1.002165777044444,-1.339114687538011,0.9441495591687723,-0.8804961909461897,1.1658283259577606,-1.815842339905234,0.26213384990347605,0.28329635443988677,0.594125108563519,0.20683651274578113,0.7726668811085692,-0.5923669209708954,1.1754346786279573,-1.4373309884945475,0.5959790803883056,-0.40942441464796975,1.2627444418961113,-1.495823781059344,1.0286547663942567,-0.7287452591987241,1.1304593043815676,-1.735708881288138,0.25648033458078856,0.19426208728439567,0.46831433009584994,0.12339258268533938
decoy_056,surrogate_decoy,,,-0.5333728248077655,-0.325393369266665,0.06990789531305568,0.9336605687970284,0.6050498910609295,-0.01517349716711947,-0.6263154821983977,0.34853449361408456,-0.7884047446244622,0.352780712458138,1.2067834588909416,-1.0496136634032764,-1.0490340135728713,0.5732451439763375,-1.8346232392710926,0.9136229158588507,0.04842162286799267,0.19930513378362524,0.3940064005456321,-0.28531535049190637,0.8708051197984448,-0.14704434399248897,-0.6010834288493504,-0.008106830379035805,0.39745343199171074,0.9038832596809617,0.4636054994347286,0.49602963180086385,-1.8168757456296694,0.2500220166437812,0.31332023734673986,0.11804190917704745,0.5257615897973017,0.8243870326745815,-1.2089237943037272,0.6181921073732336,-0.2720591850090315,-0.5368333390225685,0.29962243451680004,1.1077319808975339,1.029369647660908,-1.5040841202414512,0.7514364596120064,0.3495762408760737,0.18785433293615747,-1.6995027632180921,1.130694612795478,-1.6345566994721434,1.441090827491646,-1.0707011298515494,1.2376350101222169,-1.9607732484580138,1.1887635843683875,-1.7664529692644133,1.3299927922186043,-1.7561430471961617,1.2950453753965123,-1.8356459016256872,1.2201632886500038,-1.886657937919688,1.116735565330303,-0.16561672561481608,1.180883748625072,-1.4385497110090213,1.2182770500642912,-1.8143257314278585,1.289987126068547,-1.7782253871607094,0.7153432016634166,-0.5275433229609963,0.5186570515510669,0.5810534056118923,0.5671381078811865,-0.06619378049615833,-0.146920048661637,0.6284380825948921,-0.15262220470697868,0.71968406038454,-1.1388829306371302,0.9095764517084209
chaotic_013,chaotic,3.65,0.2545246227754656,-1.2019234710681608,1.153174294132475,-1.5540844171905062,0.6742454094638225,-0.5966024550195007,1.0942520192496947,-1.5291506498253085,0.7867185704448832,-0.6988191022354018,1.1618017250542396,-1.7328821709621702,0.5428125290689333,-0.027452225359514488,0.7318639047939078,-0.5657310277845695,1.00402460637228,-1.6350199091029334,0.5699531109453121,-0.13196066789744285,1.0085578642893371,-1.1173798154962795,1.0036364793519785,-1.6684094004214305,0.5496623774003939,-0.0798632827259593,0.8333282747855175,-0.7682793029640008,1.300045139714426,-1.702142288474378,0.44650220802992646,-0.1451657647295828,0.7785145964039416,-0.3061291136326445,1.1892457009490864,-1.5879706302415202,0.8587767270928819,-0.5465801729907959,1.3505547674681442,-1.8040281086906966,0.49191420869207836,0.047822430540098715,0.8057149825194312,-0.7502381646193917,1.2436603727180136,-1.6727773322338095,0.510144016184718,0.020264931762556483,0.7491971182715763,-0.4396966836715771,1.10362516289974,-1.7425475293062682,0.5632202145041281,-0.035712405516203,0.7577961037437232,-1.0168756260763196,1.0064092460016885,-1.7180482464391853,0.4049176984718604,-0.05754677985455022,0.860138199070817,-0.6965118550685241,1.224583995528006,-1.7523421191985418,0.5727700918761763,0.03186739298571899,0.7224939574136725,-0.6322346430989564,1.2984872703614194,-1.6742675550193375,0.39167080342678756,0.015860754801082646,0.7219673507047588,-0.5694375807103174,1.3102100841484265,-1.7249561143706689,0.48017976292246206,0.04863348759172816,0.7548440966674628,-0.4253685855580986,1.1320711587352184
decoy_069,surrogate_decoy,,,0.79035228995278,-1.2006273907903835,0.5443833228957792,-0.3895024798486608,0.4413211636289617,0.3680519556995879,-0.2517024785107167,0.2582400167895543,0.6799152280856712,0.12087802729449024,0.9791313043853476,-2.2598285468086043,1.1915578926013006,-1.0329781309639512,0.2368457087803756,0.5252690767276695,0.010787563022702604,-0.9895227686685161,0.47792535631512917,0.2198240154319849,-0.2735908112699395,-0.3845667696518644,0.9032313164319035,0.2889925735071432,0.18625545884674655,-0.05454060024159369,0.329930534919533,-0.7012722602770454,0.8348921037333392,-2.3438407710964575,1.329932970524029,-2.1111891219720267,1.5098968513028603,-2.1804010191884915,1.4276503548133068,-2.0770812552945404,1.4229372702209617,-0.9935909152424558,0.6092521958539856,0.07203875367590344,0.9650605273209913,-1.7569514586971107,0.7242606187990369,-2.4086888039892367,1.1710112031843547,-0.181773788772123,1.1406940337792872,0.12891876256144272,0.35526904926336994,0.17306872165241952,0.5817145591893212,-2.210043653682925,1.2914873002194427,0.12635544202928717,0.2583877243093085,-0.74492005326015,0.08873034452150172,-1.1829973852222542,1.3064781384200994,0.15985958847754744,0.533459223298237,0.4448378707277606,0.28064690636616935,0.9325202784081312,-2.388170950824416,0.3506908802325943,0.1585463085305067,0.17565156678862226,-0.2917862084657578,0.24744188379032642,0.07930863984193723,0.634430009873239,0.03391660787719367,0.7409388749314735,0.3792268302817629,-1.4984543188121675,0.8375785630885353,0.12106859808186521,-0.18460175504339596,-0.08842866469203886
chaotic_050,chaotic,3.65,0.25016215098341626,-0.41409605588255144,1.267294687044856,-1.5714998596612404,0.7645577818807957,-0.24777046188509322,1.1210846168191817,-1.5013053232925393,0.5718049242077227,-0.24704438886106864,1.0044592567957469,-1.3582196785483183,0.7140679700059602,-0.5499952899495335,1.27695902692979,-1.640676831156284,0.3495701746552123,0.24818962027397123,0.6188533550331545,-0.38908140828788534,0.8806624022186718,-1.3119750512978485,0.7883538067727944,-0.9854110453553917,1.1952849255459541,-1.539310701364995,0.6737562790824538,-0.33201921717638905,1.0309165691836801,-1.037580509148721,0.9250234344255147,-0.990547866709451,0.9422587890694404,-1.240054166192249,0.75237672377878,-0.5224451239771505,1.156575947300348,-1.568276037235823,0.5361947899302725,0.028145552312736327,0.8014563354357775,-0.46985512625550696,1.1736464969473461,-1.4686193566096055,0.7632897335793926,-0.509036186274937,1.1354632429995326,-1.6114900616262207,0.6522653812130637,-0.2374490383064181,0.9583080997462994,-1.167212033561972,1.0077888864891116,-1.186474462858135,1.007025776663313,-1.284867253146674,1.1832473698239223,-0.9680068121846509,1.0868701719307108,-1.2094520046814254,0.6818089783712912,-1.0095159721841234,1.1306288795093613,-1.7454997919774946,0.45837070873147834,0.07954769017030443,0.7959230002257789,-0.5267622347803644,1.1496707720436623,-1.4618393970399952,0.7268051719929249,-0.43183557514425713,1.2204638818469227,-1.4196661128909331,0.9192276321935569,-0.6014739357935502,1.2179457496293244,-1.5781868973756954,0.5199592503899091,-0.018028755969188077,0.8364761814436328
decoy_055,surrogate_decoy,,,-1.339323791079707,0.9934750804379079,-0.9830056427612445,1.06634357652264,-1.145688804077372,0.6915916746637774,-0.3455473982377415,1.1377801510677068,-1.268388829357838,0.6526774425345778,-0.8080196846629203,1.0977067010946522,-1.4525795252168845,0.8616488137875631,-0.8604180739541725,0.979627104489258,-1.3495800577893902,0.7441470832943704,-0.4260730147829716,1.1693315497491759,-1.074611990173127,0.41270982918525645,-0.2804519467801935,1.2107925267318855,-1.521419260750936,0.8760646573689052,-1.0417342835503607,0.8158341348008886,-1.2215818257894941,1.1490953094632568,-0.8622738619273621,1.1112097279112543,-1.2356047255294749,0.6602480681602569,-0.4545766188508052,1.1229282681822552,-1.2868142735377965,0.7289623446310547,-0.8316628908804291,1.067689667804503,-1.2650725228659725,1.0464379553459033,-0.5117262538681047,1.0078577346821083,-1.3897572184966092,0.9311689958271657,-0.37994053424165053,1.0093105762058114,-1.0423290506504033,0.7562432326618018,-0.30173479762385547,1.302679558753444,-1.5175554783923901,0.6156400622289885,-0.5074927414927296,1.059952786709068,-1.2649362777131352,0.7603845924161752,-0.3514039872815356,1.0495317556007673,-1.3500355808468314,1.050628292227973,-0.6850422270773161,1.1636410175606617,-1.4051365886134148,0.6789482395873135,-0.4003557538997241,1.055595611901387,-0.9851826183692868,0.8307305082982299,-0.9125135568111733,1.2129990971394176,-1.2554332379464557,0.9263062224038712,-0.7333015186883919,0.8767760497845712,-1.5138571963281025,0.9284378342879122,-0.38453773706740757,1.1335675424609708
chaotic_001,chaotic,3.68,0.34792540364730656,0.820587672936936,-1.333715154788178,1.0758505092275523,-1.7322692343369357,0.816062230131774,-0.9461166337180675,1.4167928692081981,-2.0992445979684455,0.27129274516782176,0.19517551389204948,0.10031704859382562,0.2716470058542339,0.23950313344179788,0.5610546999474672,0.16798149509339727,0.6190479508835423,-0.16454456618569008,0.7362372320195728,-0.984710112233564,1.227838113778828,-1.8910234477284626,0.20209491325272905,0.39162724371913316,0.18356726026029652,0.4179811116226322,0.29114292490065313,0.3494638600768602,0.16550296952023621,0.42316352333275853,-0.019000303657391533,0.7606466911875996,-0.8842265497935456,1.1534882503792796,-2.047682631119246,0.5368662016101841,0.17877579877745176,0.4915262587846484,-0.05916211041159289,0.973299336339712,-0.797193338086493,1.2559514698176653,-1.9832847036911638,0.35981806305755853,0.42128880308211825,0.3709414671335473,0.06612455572178882,0.3092382298408207,0.1827307045440015,0.8984688353364915,-0.5595513219494824,1.169615589626872,-1.6761709308105772,0.595576428520008,-0.6247846330941663,1.272529243323653,-1.8561705254050436,0.7317152837959549,-0.5931949809381278,1.2629037788296262,-1.7332767958954667,0.6538441373591388,-0.3118975232542642,0.8930811515142816,-1.5441983061195297,0.9387360364669681,-1.442293207026779,1.0977965649007682,-1.8076122049393464,0.8809036153132347,-0.8370773162429026,1.2766818018905808,-2.0718028668563098,0.4073123599780066,0.1364000237290298,0.7449621583612139,-0.33544615834903274,1.1578238737056925,-1.7982780273375107,0.8164133291260449,-0.805463886978922
decoy_038,surrogate_decoy,,,1.1962273312413139,-0.23631673445133256,0.6183619526876273,-1.3735528542817375,0.9883638420451114,-1.6042570713211874,0.9657738557583273,-0.3411858301836502,0.8596674772996912,-1.2028050307793017,0.9013099495255479,-0.2515579916358057,0.4817337839739051,-0.48715189983389456,1.274671307425758,-1.4204887474779888,0.925352751309379,-0.9759187016791139,0.6319064937045937,-1.6022102259086288,1.2645845444210573,-0.3207763284995611,0.4209810478272686,-0.2592755077232933,1.1512932085826793,-1.5924989105249643,0.5042855547906178,-1.2150164357958848,1.2634737796028033,-0.05326719225060096,0.5908913932497116,-1.2486638360661406,0.7108058203434564,-0.1818557059313599,1.2562640434590053,-1.500020698117322,0.6431832500717392,-1.7791255962394177,0.9715362438327929,0.13821917944491563,0.5198998850172522,-1.7958719799236724,1.3367462289707361,0.14575166095398942,0.10611638200214063,-0.5785752557816487,1.2241130715188666,-1.6487825707318213,0.6878095153878264,0.4636655542707269,0.7252150153857637,-0.5450608980047522,1.1207554091963252,-1.4862907038105326,1.1855450391471825,-0.715393843645811,0.8832771781423905,-0.4326440090933089,0.5400423866400639,-1.0425484381107681,1.146269531911871,-0.79568418172606,0.8469754099167464,-0.6865565728933423,0.8925097122357135,-1.5951152763449605,0.9361037734273155,-1.383044496670445,0.7110418508021017,-0.14368307296224261,0.8421391046801397,-0.7018302784858115,0.9235991542978881,-1.5618131152612031,1.118432656889722,-0.8798993123797725,1.0944675573717724,-0.47485603605942917,0.524609112068883,-1.620376660245954
chaotic_023,chaotic,3.65,0.26898552110460644,0.06187858265969429,0.8794248954996398,-0.6082320683008756,1.1398085145224999,-1.5950807417193529,0.5097005326669671,-0.05396613683053224,0.9429431016105428,-0.8198276622876589,1.3407191450646194,-1.6439693642689819,0.5023704750208924,-0.037631597507155425,0.7552941888680745,-0.46493446241206715,1.0694184526332138,-1.586424115446371,0.9319803653655375,-0.4063555471756436,0.957124517372958,-1.4810061181427536,0.7960792662144275,-0.5991441300271222,1.2299069894033536,-1.6096056346980119,0.408826842231695,0.09478401667535581,0.6148302124250652,-0.4624993571286661,1.0189740238335658,-1.5609517303454585,0.8600219613935228,-0.4931780490764688,1.2514822462200923,-1.6164761238904275,0.6160712554733319,-0.24679850238496379,0.9412984862183675,-0.7824756935902141,1.2359449064988512,-1.6350708465360835,0.3801135619365759,-0.0803889266526953,0.6366858888101704,-0.3682104676210654,1.1747818979666682,-1.5988186081030198,0.6462570627546802,-0.5655653919125564,1.11055884710073,-1.693237505579243,0.48564030172702766,-0.30952525913013906,1.0025455217974302,-1.2546923700634125,1.0298224545270553,-1.1742682106552418,0.822982761502841,-1.0273382687829244,1.2123685428046533,-1.530550402621848,0.6605210389876236,-0.33794065439719184,1.0942044466804244,-1.403706582278109,0.7361910033881678,-0.4388911018561359,1.1489658317528462,-1.4244460626827906,0.8527799716525348,-0.599790045739519,1.1630877846613674,-1.619761546972847,0.617893719509607,-0.19596841586513186,0.9725430990609779,-0.7986510370255834,1.0497584167546865,-1.5385236024069755,0.7073172108669039
decoy_093,surrogate_decoy,,,-1.0244338173049443,1.0539612339078375,0.025911326888561778,0.56915205379876,-1.4241738421800272,1.1605188604393244,-1.0244552303613101,1.1320415998994846,-1.3379300114734127,1.033932809001954,-0.4460661892151175,0.8674965825369364,-1.032253442720882,1.1147055236839725,-1.0670051792492927,1.0712420999888843,-1.1655718699469624,0.5777303700055769,-0.1893184408813988,0.8604696898072665,-1.2496184971672724,1.0284247093970507,-1.407288223793024,1.1235810058802993,-0.1021500531060404,0.984116522476115,-1.3919912213746817,0.9943565658786392,-0.883235858816725,0.9316424655894754,-1.0438213795327766,0.9696487254794167,-1.0155804021866615,0.8363082227387179,-1.2043077401126288,0.8289354243542493,-0.696830622098344,1.0101215006781694,-1.4783782843247195,1.2185198441234917,-0.8821650288998658,0.5815774433377285,-0.3479172911458338,1.1623487238300634,-1.4428804216631035,1.0052379681233512,-0.27123168320284496,0.9147471297235128,-1.3489056174561465,0.9629223350520392,-0.21897689327584235,0.6601053637236862,-0.930955696184683,0.6573125572532389,-1.5239201559157287,1.0947824186443424,-0.11157800815514499,1.0803709369848635,-1.393828502730599,0.6533017429501087,-0.8290680196505689,1.1800275256302124,-0.9554885009587856,0.887177713468633,-1.0190974940543132,0.6251188026140448,-0.7866665347147886,0.9378909310909019,-1.2942146727765602,1.0556366399928931,-1.4296542662035043,0.9272853493065837,-0.8317457318683871,1.0134707403493868,-1.2875588123026773,1.2983175062302992,-1.2460318690858203,0.870479204041863,-0.2657779480501029,0.6411452852395658
decoy_095,surrogate_decoy,,,1.233850943081277,-0.7140171561580008,1.112922500396365,-1.1563717688751218,0.6519233282605393,-1.3717493143534663,0.7563564170903752,-0.8179142366144468,1.355757169393311,-1.505292966690509,0.6866075596032271,-0.6507309599529573,1.197785326231259,-0.4244510660617588,1.0203896450905048,-1.4758737102406145,0.6220934524933281,-0.01793641883216304,1.2478280169812028,-1.8466505439705612,1.2092906870222522,-0.013536236484821641,0.09335228925813106,0.00661301192369554,1.041014202228253,-1.700149730419212,0.7545273334329272,-0.1735060725798878,1.0755937616853473,-1.6289043214584882,1.0732309361273173,-0.4865566187545049,0.672517257694094,-0.5935324732261302,0.8174837885250608,-1.2961624443674398,1.0293173918495773,-0.9008575607809158,0.6938970614304468,0.03570031956055112,0.5796503844529013,-0.6632310335808526,0.6941411756891465,-1.6989645615805524,1.2088626110525837,-0.30203924114132014,0.9459041494562971,-1.6186928632948385,0.6004979946365696,-0.49141051519460877,0.9856842779320524,-0.5598525564778732,0.7179409622951058,-0.3510270977739746,0.14960394389625836,-0.3361710462034328,1.1056550444734743,-1.3813909383173721,0.8671261082900668,-1.5693026872906992,0.4949367783075369,-0.2118422476935586,1.3051151292961949,-1.1369567444778703,0.7544779716995896,-1.1576741122018974,0.6952394477980566,-0.533276743775615,1.231066703691324,-1.7085497124884088,0.7275059220344406,0.36618818616710436,0.6188743366344712,-1.7413564685338774,1.2880676269824827,-1.620093791171545,0.702029428409683,0.4142048268250732,0.45060477819337585,-1.4354042265535467
decoy_042,surrogate_decoy,,,-1.468997730109186,1.059763124536311,-0.30939284487156904,0.7859563550118355,-1.4891275027130746,1.06515804023771,-0.21530982944975038,0.9861870036273204,-1.1392347949238755,1.173330696081938,-0.5759704236385237,1.031517138316705,-1.2172932728670265,0.8280327966499355,-1.120628271073003,0.7985169908369183,-0.7575273132673858,1.0536309671154176,-1.3428212341857568,0.9499993809834429,-1.0738856860263728,1.1684231677918666,-1.439616258869636,0.7356047297727948,-0.1596709844411522,0.8242109887717257,-1.3337177837316174,0.9887993657632689,-0.8021857544696728,1.0642504873309835,-1.1730547170591374,1.0052029927625679,-0.9070173253421847,0.8765694445900944,-0.9812910330734872,0.9927371811992015,-1.4660198533182336,1.1012280266231151,-0.19699946789497438,1.0219050423812936,-1.3760790322001988,0.6359003501754786,-0.6037673146223909,0.8942559093972037,-0.9227402652939101,1.2466036116323278,-1.21920415438522,0.6008380309933384,-0.7194070523012646,1.202132650276517,-1.3340402217722929,0.65510967839807,-1.1281532105625816,1.063523438534849,-1.08247570994994,0.8567562634913696,-0.5498025754994468,0.5586531156981189,-0.2138154665098731,1.2398271814299024,-1.4606124702586403,1.054516567664955,-0.8532815298260937,0.9681991501077299,-1.1205684067900066,1.0498892252783436,-1.4585046032798803,1.2632823411173126,-1.3362501970372613,0.9129797603275738,-0.6427147301028449,0.5636273064032798,-0.6844102855423516,1.1228585014734498,-0.6328997540740824,0.6291539655635859,-0.9965843840212114,1.1158262876380685,-0.4559793425602062,0.8160955319294041
decoy_080,surrogate_decoy,,,-0.8700718846940219,0.7689400331035036,-0.33661206742507704,0.7030661564154664,-0.18367971628593283,0.8873099052707689,-1.8600292523182667,1.2626332758097398,-0.022301997524177972,0.5544406133313861,-1.7627832177972103,1.3000046372172018,-1.0102996746640753,0.6352035811657656,-0.6550971726709812,0.818729765791263,-1.4993067846929518,1.2169004101484362,-0.7465087469881078,0.5054827551271089,-1.3515612728526878,1.161736660676349,-0.08251422516506929,1.075518566672863,-1.553096535400027,0.9521143614310004,-1.2081809612172718,0.7685199488467976,-0.5891483378077303,0.5865029808029711,-1.47116206463183,0.6684988919675924,-0.10521388149802142,0.9289577046718029,-1.2612494684119921,1.0414757224311961,-1.628680307072991,1.1274947456239384,0.3620267261687107,0.6168422783741044,-1.1661688093997464,0.9446053472868918,-0.18409409477961636,0.4528897404281963,-0.32666694697678306,0.9225289324761902,-1.728407412931032,1.1928232293008068,-1.0083187518679235,0.42276603708479893,-0.5972668857455568,1.0248069419673953,-0.06249185552302981,0.7872147144089673,-1.589764240731119,0.13216319346508418,0.07549113973872011,0.8844425153115318,0.10490442728932864,0.997163024690036,-1.7084154865254964,1.3247671992743035,-1.3091102824961387,0.4213515739995608,0.03435402111621137,0.8355896161370981,-1.4379887373790572,1.3991739679491009,-1.5085703163383117,0.8521487032792322,-0.8660060926546036,0.585029476255883,-0.4669476391746128,0.9899738133574922,-0.6543857888723514,1.0139243317466187,-1.633236299154414,1.2961322034432174,-0.8621740794998912,0.6708674181134844
chaotic_018,chaotic,3.62,0.21086234544304233,0.8011348112009054,-1.197746095392377,0.9088434106501725,-1.2962135869546774,0.8962190440983766,-0.9916359765060668,1.0270336172385142,-1.4420783136114692,0.6755509765875137,-0.29858947196686875,1.1407077148944098,-1.3520439495077232,0.6969170309612462,-0.5065019703061783,1.1299409407485552,-1.3556926485057712,0.5938678836790873,-0.322854154456891,0.8600532244404346,-1.2153250940924605,0.9289721697148609,-0.7889146776986306,1.2829537106372215,-1.547147683498745,0.6146367899925492,-0.16231793403084493,0.9167968563540104,-0.9373249621087226,1.0822207291079966,-1.2517060943518978,0.8893497566305373,-0.5372445623164256,1.1908310565066769,-1.5209029704569426,0.6768014098862567,-0.25474779860092334,1.044619165850844,-0.7904122410537376,1.033440378708378,-1.4404648431241729,0.8012366842507218,-0.6258036669199246,1.1754837662687703,-1.45971605242516,0.6678921452041996,-0.08212881506993258,1.0044107474070507,-0.7713501017460844,1.2353876344864398,-1.375143559402942,0.7548249168857076,-0.35454510236847686,0.9872698493011138,-1.0850441568680533,0.8788261932487688,-0.6883298479564964,1.1339804560608848,-1.523317180187368,0.5934031388317439,-0.026024948780070358,0.9697525037912312,-1.0655641263710975,1.0592682359764736,-1.1848591761061522,0.7311189381373915,-0.6557896799509911,1.276654594507626,-1.3708424995654829,0.6383383129879091,-0.2949531744203121,1.0971686051026932,-1.1765090134170644,1.0531153909285156,-0.9469640387773389,1.0610373791895704,-1.2201421678165658,0.8470514331142078,-0.6740742291813223,1.045302062323533,-1.6114471000207375
chaotic_095,chaotic,3.65,0.26136426691829956,0.7179409622951058,-0.30203924114132014,1.1056550444734743,-1.3813909383173721,0.6220934524933281,-0.6507309599529573,1.355757169393311,-1.700149730419212,0.45060477819337585,0.00661301192369554,0.4949367783075369,-0.5598525564778732,1.3051151292961949,-1.620093791171545,0.6519233282605393,-0.49141051519460877,0.9459041494562971,-1.1563717688751218,1.0732309361273173,-1.1576741122018974,1.112922500396365,-1.4758737102406145,0.6952394477980566,-0.7140171561580008,1.2092906870222522,-1.5693026872906992,0.672517257694094,-0.01793641883216304,0.8174837885250608,-0.9008575607809158,1.197785326231259,-1.6289043214584882,0.6004979946365696,-0.1735060725798878,0.6866075596032271,-0.8179142366144468,1.2478280169812028,-1.7413564685338774,0.6941411756891465,-0.2118422476935586,0.9856842779320524,-1.1369567444778703,1.2088626110525837,-1.505292966690509,0.7544779716995896,-0.533276743775615,1.231066703691324,-1.7085497124884088,0.5796503844529013,0.03570031956055112,0.702029428409683,-0.3510270977739746,1.0203896450905048,-1.4354042265535467,0.7563564170903752,-0.4865566187545049,1.2880676269824827,-1.6186928632948385,0.4142048268250732,-0.013536236484821641,0.7545273334329272,-0.6632310335808526,1.0293173918495773,-1.8466505439705612,0.6188743366344712,0.14960394389625836,0.6938970614304468,-0.4244510660617588,1.041014202228253,-1.3717493143534663,0.8671261082900668,-0.5935324732261302,1.233850943081277,-1.6989645615805524,0.36618818616710436,0.09335228925813106,0.7275059220344406,-0.3361710462034328,1.0755937616853473,-1.2961624443674398
decoy_030,surrogate_decoy,,,-1.339242965396946,1.215611193290406,-0.29417879722646645,0.47724987795293017,-1.0700709853372259,0.7514423144818635,-0.23977617298470144,1.1662003811616002,-1.503723974118711,0.8632829104349814,-0.33244865589572803,0.813852302250231,-1.256301518403236,0.7605875315569399,-1.4888041442997315,0.4849440502120374,-0.20192870432083668,1.0925179421048963,-1.327745868650774,1.1055486901967837,-0.4594872393028778,0.6509155027529887,-1.497483194347912,1.0580936078706504,-0.230227342849759,0.531464246006066,-0.85312061489015,0.7349636802776676,-1.1754940951170787,1.208236328586824,-0.43109614465632584,0.6987411517396304,-1.3536282054963609,0.7304084333328169,-0.6319711649409576,1.2980528484586946,-1.5923150175734737,1.0812299104030685,0.05573332942631332,1.060948176508629,-1.7873401027409563,1.2247005778451179,-0.45947268945642017,0.908638939085215,-1.1971768961525548,0.8728293634462158,-0.26593582775933233,1.1656100906537938,-1.4100308221837496,0.813034961283374,-1.3965345027359395,1.1211342510209539,-1.213860731763369,0.9952643197640646,-0.7225028152848127,0.37219127435169935,-0.008752464620829533,1.099318699192663,-1.4843187245568037,1.1219430589944697,-1.433367271017102,1.0487327648356204,-1.0976957890171446,0.7879869600677141,0.14282001390875818,0.46377992008198643,-1.0828518483752878,0.38522823905594916,0.0758741753048268,1.0931607278138358,-1.3279335250399558,1.0481104561643835,-0.42931427741392475,0.6519892786935638,-1.6305767674020613,1.1597005273253955,-1.376593178017078,0.9842514988999651,-0.6517810527422077,0.8787595852932272
chaotic_011,chaotic,3.6,0.18504090098574644,-1.0863991499238774,1.0479101654056586,-1.042906959517844,0.9773880850781521,-1.2774426384491377,0.7520102319139055,-0.3781571373521675,1.1304408909729071,-1.5553880439622643,0.6059669182245265,-0.529119315070597,1.0553787205840413,-1.1681683831598209,0.9163079984732508,-0.7335389945563727,1.2481330123061847,-1.3434676890272372,0.5894387981769954,-0.361568921087761,1.1870982520981375,-1.2914840980988893,0.8798656088930871,-0.5441347325186717,1.3250744878571312,-1.4257528214429933,0.836560774186412,-0.5407795782185649,1.0430475773906849,-1.1539569120011588,0.7991120826260051,-0.4350598527854515,1.1830489040084151,-1.3988184482312238,0.8330772074347956,-0.2813890909025385,0.903841083189952,-1.1903321102670592,1.0310572336248032,-0.8636760321909748,0.9731122492163241,-1.3206122510219707,0.8064445579725774,-0.6287397463809606,1.0480279143485673,-1.47539953757692,0.6081114058139073,-0.11353381237289116,1.0869758556595561,-0.9974220918716847,1.0364007658175647,-1.125655119829137,0.8916670969584765,-0.9611323365602815,1.0461419809584076,-1.3589341850656782,0.7058475225275209,-0.46846638187514383,1.221609314848652,-1.5156767803784805,0.73251332588976,-0.3230522432685533,1.1189449439422468,-1.1844157528024963,0.7960140130945196,-0.8751846121481232,1.161365762201432,-1.2881479217782914,0.5211343800995163,-0.25115292203069,1.1840885913723829,-1.166261573441523,1.0030299574967765,-0.8913395456983729,1.1302951194515987,-1.4765757490868363,0.5678048536431455,-0.32605669308816315,1.046228938321665,-1.3543876182457106,0.6731712012068631
decoy_070,surrogate_decoy,,,-1.1350073234301914,0.6033395311347269,-1.03244790695,0.83991226455488,-0.860904578251079,1.0316843039230532,-0.3715354760138913,0.9553549090682754,-1.4442912846653733,1.1359956228890042,-1.2580412923332156,0.889469833180719,-0.6495793584498131,1.0782218758297233,-1.4822471652219535,1.087554881601509,-0.2526122773782562,0.4981624043011345,-1.455841026786675,1.1312564819185575,-0.048666607489005365,0.6539967471274208,-1.5472031091470284,0.8912605473906603,-0.14883061277372017,1.0413405298308918,-1.4550647763283906,0.7610598809197551,-1.0132082542889589,1.124337752558639,-0.7951560499584873,1.0506233039996862,-1.3376714741367988,0.926028415811164,-0.8385585589245164,0.6671454090210469,-0.3499202411233726,1.1033923314913663,-1.617610759325304,1.094871306291654,-0.19161797072751902,0.5573825038323579,-1.2064932647739457,1.2525540980069845,-1.5249416128901991,1.137958564467593,-0.6238188152479057,0.5337452700438728,-1.0662224609120798,1.03722495071469,-0.23909475550020612,1.030594157392764,-1.546749071422872,0.9695738188975396,-0.47904872651709646,0.5489464949193195,-0.3228862804496746,1.1258151424171337,-1.5246581792734595,0.8922550729036034,-0.8562526157156838,0.8373016273868275,-0.9843699883194696,1.0575710824180813,-0.3794425785170867,0.799632096457867,-1.2849390391996802,0.7283283023094607,-1.3318644589056146,1.1372671258586167,-0.60858256970943,0.6389499468527886,-1.3296301345585058,1.3126950139998677,-1.1607476390175342,0.7518032084977233,-0.7847383231636078,1.0257260142311704,-0.6892464520864897,1.2894102454319858
decoy_050,surrogate_decoy,,,1.27695902692979,-1.2094520046814254,0.5199592503899091,-0.24704438886106864,0.9192276321935569,-0.46985512625550696,0.9583080997462994,-1.4196661128909331,1.1354632429995326,-1.6114900616262207,1.1952849255459541,-0.43183557514425713,0.5361947899302725,-0.509036186274937,1.1306288795093613,-1.186474462858135,0.8014563354357775,-0.33201921717638905,1.1210846168191817,-1.5714998596612404,0.9422587890694404,-0.38908140828788534,1.1496707720436623,-1.5781868973756954,0.6737562790824538,-0.41409605588255144,1.007025776663313,-1.539310701364995,0.7268051719929249,-0.5499952899495335,1.0077888864891116,-0.24777046188509322,0.7883538067727944,-1.3582196785483183,0.5718049242077227,-0.018028755969188077,0.7959230002257789,-0.5224451239771505,0.6522653812130637,-1.4618393970399952,1.1832473698239223,-1.7454997919774946,0.6188533550331545,0.3495701746552123,0.7140679700059602,-1.037580509148721,1.0868701719307108,-0.2374490383064181,0.7632897335793926,-1.568276037235823,1.1736464969473461,-1.4686193566096055,0.9250234344255147,0.24818962027397123,0.7645577818807957,-1.640676831156284,0.8806624022186718,0.07954769017030443,0.75237672377878,-1.3119750512978485,1.0309165691836801,-0.6014739357935502,1.0044592567957469,-0.990547866709451,0.45837070873147834,-0.5267622347803644,1.2179457496293244,-1.240054166192249,0.6818089783712912,-1.0095159721841234,1.267294687044856,-1.284867253146674,1.156575947300348,-1.5013053232925393,0.8364761814436328,-0.9854110453553917,1.2204638818469227,-1.167212033561972,0.028145552312736327,-0.9680068121846509
decoy_016,surrogate_decoy,,,0.5994978427459451,-1.300380520075918,1.1380173387593977,-0.6444609377696224,0.9900730158783323,-1.2452519070478256,0.8298365844609144,-0.2323002274553914,1.0276574061114396,-1.167251639346647,1.0634009848461032,-0.9868985601774717,1.1361133079026602,-0.9668486767376824,0.561786221104429,-1.3679116141262078,1.1837645731095283,-0.8414266362863454,0.7174779787955048,-1.0534352540265777,0.9034665953891413,-0.3066777794158006,0.8148619410129513,-1.2474603160221691,1.2673253354654828,-1.1085693575613604,0.5449541901145283,-0.5818328470877788,1.0945221032886157,-1.167864828164133,0.8821147502842472,-0.1805569787291151,0.9484682071774205,-1.4826547826187555,1.0134527447832136,-0.4731661740523392,1.0958302989731956,-1.372832463466438,1.1165088405243073,-0.626832465407657,0.7046402665794527,-1.4261371957472853,1.122456477487638,-0.6107247266032796,0.9440295804934589,-1.1958344423270089,1.0526976047830987,-0.9103582860306296,1.1823972494764867,-1.323823235051626,0.8423386332081332,-0.6692696960967436,1.0171061699770643,-1.0032374351737081,1.12337406152353,-1.2305964135129612,1.2238457790567026,-1.148360668716748,0.7145232835980313,-1.2428575591609605,0.9729517242534154,-0.11970030674286071,0.7082062441478808,-1.3904321713529693,1.0720595841436666,-1.1170857384827428,0.81535639955016,-0.8672533629291741,1.157544784224495,-1.3854873479330425,0.974177203195898,-0.6315301278509521,0.7452427772209715,-0.938081626626051,1.0278048846451942,-0.2915695449535992,0.6666406655951281,-1.4489102877580726,1.1150240573528032,-0.8056835526149185
decoy_005,surrogate_decoy,,,-1.58361998294382,0.6769076303371463,-1.423953330401656,0.9381482848110719,-0.4929396550415722,0.9078185325299538,-1.479459131929373,0.9235328999906625,-0.4217266756046718,0.9604898561144006,-1.4742715700658136,0.8694519097549606,-0.18063006917233942,0.6569293909159901,-0.5426327603218761,0.5766226348157283,-0.19682018296752773,1.0946177812275704,-0.9864039951267181,0.5157565326172805,-1.5595426095951692,1.206132281640068,-0.49447170929530493,0.6872610628928182,-1.392989222273439,0.9314958856380744,-1.2657175493548403,1.013141758233255,-1.0727528487249696,1.0075641861192153,-1.5282521018475064,0.7230500027811246,0.01087376953633368,0.7070768254796467,-1.0385495916318161,1.2285422056919917,-1.5098172238892176,0.6808045162790418,-0.8832996208099725,1.1594000836594862,-1.091257365627789,0.6252695321892058,-0.23995065621897113,1.1293786003994943,-1.6164593699725371,1.0393709305551273,-0.6790363636857264,0.8393197601868605,-1.4953419132793937,1.084166078143544,-0.7261177684550403,0.6076549726774285,0.19435065885931127,1.118843952370632,-1.7207979905631074,0.47181497190822447,-0.3783408179629859,1.0931850504614493,-0.8617248722250911,0.4551767644695434,-0.471240772039551,1.2744391251782587,-1.6975956709234739,0.6669475076137718,0.11029524868161178,0.9824556547281419,-1.7434869482443984,1.1933769627626345,-0.26457507794564833,0.7037637338760552,0.04353404130437836,0.8415119743325334,-1.4274966915767893,1.1201614837033476,-1.3789376049882602,1.0445446003033916,-0.43178647527394426,0.5585758879452919,-0.268069960572242,1.3463106268365002
chaotic_097,chaotic,3.65,0.2493335580896445,1.1736330098707468,-1.2714031420063194,0.8825449495903034,-0.9328711242943181,1.2019562520386649,-1.5568337945306168,0.7317757706322567,-0.3893182344945454,1.145131724798684,-1.2319157102668734,0.9605206034453813,-1.0966377699302514,0.9873337430244442,-1.55919477026585,0.7233460167624883,-0.5462705871984467,1.0892949835213555,-1.7759689304817572,0.4140565461092046,0.0007093296644789295,0.7179436013858713,-0.509342622535856,1.2466326695561067,-1.4439428438409483,0.7886271556041905,-0.32783493119829515,0.8877825318181186,-0.9725728509964243,1.0564286326470906,-1.3223153202936087,0.8180764372800196,-0.4693598835721941,1.27511848809584,-1.5432933699722033,0.4499940386104532,0.045405815314666705,0.69971503220894,-0.5851647041928157,1.2682714349920083,-1.435367172654684,0.645328967968597,-0.21389306359870275,1.0187556365417516,-1.5082737194479967,0.9565833091520133,-0.8907117986246812,1.1642577876762579,-1.629587568264231,0.5111691037336312,0.15457604230322394,0.753353431553901,-0.3344657987466517,1.0323145822573603,-1.3936426599078604,0.6392681929043131,-0.41898878741826007,1.0414058973366775,-1.6435319163686082,0.40909711436102997,-0.09418731723830465,0.8222326764981627,-0.7153986783816664,1.2897873666070558,-1.6358582533738777,0.4210664048808543,0.08767429356997325,0.7827415883333739,-0.2370036826802189,0.9642522085651454,-1.379805573810922,0.930040301856371,-0.7971811118245649,1.0772469717136945,-1.5537754515199462,0.4328338764545836,0.12248748279426211,0.836160596270656,-0.6904968251624058,1.1265456552173596,-1.6770682864266326
decoy_079,surrogate_decoy,,,1.147921670412778,0.23034491388132156,-0.4760372123993516,0.3171171778073533,0.5781554273801629,-1.8294740277341026,0.5382827688213444,-1.9934469956634737,0.4901095048580833,-0.711700191835262,1.3567650705459797,-2.224991067293694,1.4122180355809755,-2.1471016375299294,1.268958960498346,0.2383770724782775,1.1365028643424258,-1.9839361008929117,0.7154065823055459,0.031718004147995034,0.3784562385503082,0.1574259022892545,0.4345407855343705,-1.2630180596132197,0.33681286548649414,-0.5563599720946837,0.6059425622131129,-0.6567054360522114,0.6683461575443325,-0.8854689232809743,1.006305676760917,-0.17483526196954224,0.9656820977450469,-2.0485909316589237,1.1222674634554493,-0.6306818770370002,0.921376106396624,-0.01138106188789423,0.5312979554287048,-0.5404426901967476,0.34794359634658095,0.41155424487498876,0.6556057801678268,-0.12522740966748136,0.06338570955694937,-0.008584979872810834,0.2614746350298895,0.0990984535867843,0.6324559235864816,-0.25708043885271126,0.4290956081904169,-1.309045122192781,0.4612911342078431,0.3182238367749561,0.6589726876859712,0.19308371137459043,1.066388728793491,-2.0237305427704695,1.0723392370284386,-0.042221583293082836,0.8987244251238792,-0.7098739185979448,0.8356913025706093,-1.9560340557357354,0.30370488857994216,0.3168287365542944,0.12979186985428567,0.1576872629023723,1.003202381753756,-2.105494775310918,0.7242542403135609,-1.6436922678538164,1.1625717147160304,-0.7610250030435385,1.177817107910744,-1.0233001813840896,0.8690239387192537,0.18605429691498285,1.0325898281623156,-1.9597054200311848
chaotic_003,chaotic,3.62,0.2074966617680501,-0.1468403162787807,0.9489265281980196,-1.0307887255140733,1.1476214450672257,-1.128023422308269,0.8954154627591553,-0.7363552880746388,1.1374946110428212,-1.5525580873284648,0.6026107229133552,-0.42114912781186487,0.9439797971902161,-1.2153699157187152,1.0301425880527386,-0.8457847601647452,0.9481566462476444,-1.2829360101653382,0.7406731034729103,-0.6514152803709787,1.1407245076448402,-1.7113399400724412,0.6511055457273789,-0.15554541242197473,0.8297673368085156,-0.8977034701094359,1.0830349475966303,-1.4764145234628108,0.5894002236417843,-0.15159954313596463,0.9816043849596906,-0.8601730521174976,1.0532388552122287,-1.4827645878846525,0.9013824095258066,-0.6506468717411497,1.2503932732149292,-1.4998055078806716,0.5688601958312339,-0.09706140378111303,1.0812923927432152,-0.6764702079062316,1.1337979843132953,-1.4571927891757963,0.7603312954669379,-0.37614705978836915,1.0629248251368364,-1.2069974133353207,0.9680492852724971,-1.0320090367670525,0.9506391790031392,-1.5672180770937911,0.6702333079264544,-0.5854688560987725,1.1095983925546673,-1.3210729550902065,0.7308294642447285,-0.31827431871713646,1.0181861228465598,-1.1170565387333156,1.0039998816438624,-1.1800854850166957,1.0021047677869126,-1.0035175750617764,1.184508229174533,-1.462080333621357,0.7946338914265431,-0.3599647797001491,1.1662908782986665,-1.395367856729943,0.6012323799110963,-0.10062958616732454,0.9203062569493581,-0.9354761687843854,1.038749452554412,-1.3810974149547184,0.6474688560176383,-0.3759594641393505,1.2011082685358803,-1.3666277810202208,0.7221712473311409
decoy_013,surrogate_decoy,,,0.44650220802992646,-0.027452225359514488,1.0064092460016885,-1.7328821709621702,0.7491971182715763,-0.4253685855580986,0.510144016184718,-0.035712405516203,1.300045139714426,-1.702142288474378,0.7548440966674628,-1.5540844171905062,0.7867185704448832,0.4049176984718604,1.2436603727180136,-1.6727773322338095,0.04863348759172816,-1.5879706302415202,0.7224939574136725,0.39167080342678756,1.0036364793519785,-1.8040281086906966,0.7318639047939078,-0.4396966836715771,0.7785145964039416,-0.5465801729907959,0.8333282747855175,-0.7502381646193917,0.8057149825194312,-1.5291506498253085,1.1618017250542396,-0.3061291136326445,0.48017976292246206,-0.05754677985455022,0.49191420869207836,-0.6965118550685241,1.10362516289974,-1.6742675550193375,0.7577961037437232,-0.13196066789744285,0.5632202145041281,0.047822430540098715,1.0942520192496947,-1.7425475293062682,1.1892457009490864,-1.0168756260763196,0.5727700918761763,0.020264931762556483,1.0085578642893371,-1.7523421191985418,0.8587767270928819,-0.6322346430989564,0.5496623774003939,-0.5966024550195007,1.153174294132475,-1.7180482464391853,0.860138199070817,-0.5657310277845695,0.6742454094638225,-0.1451657647295828,1.224583995528006,-1.6350199091029334,0.5428125290689333,-0.0798632827259593,0.7219673507047588,-1.2019234710681608,1.1320711587352184,-0.7682793029640008,0.03186739298571899,-0.5694375807103174,1.00402460637228,-1.1173798154962795,1.3505547674681442,-1.6684094004214305,0.5699531109453121,0.015860754801082646,1.2984872703614194,-1.7249561143706689,1.3102100841484265,-0.6988191022354018
chaotic_060,chaotic,3.65,0.2657522815756049,-0.7857233506757366,1.2466495697746534,-1.6030807196807642,0.49834932320913616,-0.049615602017662803,0.8836915616224703,-0.5222453288275608,1.0862342372652347,-1.6347021346340267,0.38626646449228336,-0.04242326771750811,0.8341953796645626,-0.7770718363834358,1.3454163272129702,-1.778978994007297,0.5311138929167926,0.31321273178054404,0.7688810255468912,-0.3017467977954761,0.9618735044679378,-1.4139664269031507,0.895689109818255,-0.9927909850570974,1.0939750689384689,-1.58789458909319,0.6200026540299741,-0.16865117242001068,0.8913937704931221,-1.1833986378315444,1.0502783516034695,-1.30131284609852,1.107924392203003,-0.919075074768285,1.007256187417784,-1.507136909352376,0.6957791141251002,-0.25878731554495793,0.9190715338818974,-1.027034195938718,0.9172273396873531,-1.0871743019758464,1.0647289556062947,-1.1752775094916283,1.1413394162397423,-1.0082375934453671,1.0496444353593308,-1.2835198645279668,0.7783294200868046,-0.6699643921906232,1.0790690461358725,-1.7669260089728396,0.4715909769599298,0.143086372285471,0.5143428357053419,-0.2583170577239935,0.9944851172732053,-1.179526216988533,0.8920983347494392,-1.0096400086120718,1.1752987898661829,-1.665427719389937,0.715570993807103,-0.14827673342493625,0.9375559472259398,-0.9210164641177071,1.049657218428304,-1.6243027211756493,0.7356198336255179,-0.46336378499346115,1.0025251056756335,-1.3168309619917362,0.8761920801634446,-0.7790171420230494,1.1402050896560976,-1.7513694945709817,0.636534389155926,0.18273882273350492,0.6457984549944933,-0.279351456765327,0.9622824412435171
chaotic_002,chaotic,3.6,0.1781305135699457,0.8878524170464518,-0.9145257340311266,1.070930490312117,-1.1350135232649918,0.7809730232518413,-0.8102559354560568,1.1480656165159406,-1.444535013590761,0.7398883602443078,-0.4911806824297422,1.1356065938621298,-1.43829039294958,0.6963273197460849,-0.3657911993866998,1.0801988205671431,-1.0977766005370464,0.6612751119143507,-0.8024289262110914,1.153977304429593,-1.4053083124021677,0.6475188919900051,-0.4494572849017518,1.0669093268665333,-0.994980312889532,0.8214792654770425,-0.8708953051873575,1.0546843164564867,-1.2868183678274878,0.7515402746683653,-0.6966813601401747,1.2665503630608446,-1.4100206630475873,0.8001638740791792,-0.10297278197526243,1.0239883686093145,-0.8524657644041277,1.0935767370301157,-1.1216266297242536,0.8972052328896779,-0.8501100913223804,1.0563828264767974,-1.2901525279626718,0.6359065080091215,-0.3537128593057982,1.085552398108299,-1.2263407508827076,0.8628109043390646,-0.3778823214141042,1.2031294457857642,-1.5715288108617813,0.6790255261221708,-0.40468568372394875,0.9950257156523532,-1.0277190941324592,1.008082616810085,-0.9861143951089193,1.0039557947177185,-1.3100673624644854,0.7047888224525375,-0.6514026615638618,1.1725699543268229,-1.3454729716496499,0.7141485145337036,-0.4506628069132876,1.034864041261201,-1.0649660944737143,1.0549243450728483,-0.9519216137091341,0.8123054077703173,-1.1042515590353872,1.0840913764333806,-1.277067345008203,1.1080295752965228,-0.9511456744468165,1.1443012507081056,-1.2861982127866998,0.964903054119281,-0.6768875778453136,1.1603703507306982,-1.4145649327761796
chaotic_016,chaotic,3.6,0.17770545525107906,1.2673253354654828,-1.2474603160221691,0.8423386332081332,-0.5818328470877788,1.0276574061114396,-1.3679116141262078,0.7082062441478808,-0.4731661740523392,1.0278048846451942,-1.167864828164133,0.8821147502842472,-0.8672533629291741,1.0634009848461032,-1.372832463466438,0.7174779787955048,-0.2915695449535992,1.157544784224495,-1.2452519070478256,0.81535639955016,-0.6444609377696224,1.1837645731095283,-1.4489102877580726,0.7145232835980313,-0.11970030674286071,1.0945221032886157,-0.8414266362863454,0.9484682071774205,-1.1170857384827428,0.9440295804934589,-0.9103582860306296,1.0171061699770643,-1.3854873479330425,0.8298365844609144,-0.6692696960967436,1.1380173387593977,-1.4826547826187555,0.5449541901145283,-0.1805569787291151,0.9900730158783323,-0.938081626626051,1.2238457790567026,-1.1085693575613604,0.974177203195898,-0.9668486767376824,0.9729517242534154,-1.148360668716748,0.7046402665794527,-0.6107247266032796,1.1165088405243073,-1.3904321713529693,0.5994978427459451,-0.3066777794158006,1.1361133079026602,-1.1958344423270089,0.8148619410129513,-0.8056835526149185,1.12337406152353,-1.323823235051626,0.6666406655951281,-0.6315301278509521,1.122456477487638,-1.300380520075918,0.561786221104429,-0.2323002274553914,1.0526976047830987,-1.2428575591609605,1.0958302989731956,-1.167251639346647,1.0134527447832136,-0.9868985601774717,1.1150240573528032,-1.0534352540265777,0.7452427772209715,-1.0032374351737081,1.0720595841436666,-1.2305964135129612,0.9034665953891413,-0.626832465407657,1.1823972494764867,-1.4261371957472853
chaotic_071,chaotic,3.6,0.18328538077012846,-1.446493415524066,0.7052505103010784,-0.22608131253439098,0.9081445312091229,-1.2510640803355473,1.0046455476650507,-1.0279715839928036,1.1078933011583374,-1.136979848849565,0.9342642144282048,-0.5238728551902646,1.171499438754613,-1.2208807437607068,0.4262137658577969,-0.2755456652207792,1.0445640679119044,-1.0648551630760144,1.1022535376034561,-1.1003213562458576,0.962816667817071,-1.010630640086545,0.9752134381394973,-1.2222217956222479,0.9143729021694732,-0.8987686345424881,1.170552141037742,-1.2976470738136092,0.8063302930293029,-0.5007203534764305,0.9106948725986753,-1.2830317084531953,1.0440912146102126,-0.46999557273924586,1.059232959299877,-1.379844143185284,0.6992641022146883,-0.3613202995262084,1.0946129020141697,-1.0606375843912197,0.9780342303516333,-1.0764788222921353,1.0651612766451437,-1.087125342345611,0.8511735707088969,-1.092430191977259,0.7529263156869718,-0.966295918454592,1.1496969215344586,-1.187892821989484,0.9236250827083297,-0.6304453780135405,1.3240732024352724,-1.478487416785236,0.6585445936034147,-0.2548675826249253,1.041319190415314,-1.0067679094928002,1.1646704368280354,-1.1981084111066285,1.033484671326459,-0.8258969404158485,1.0678324575811062,-1.2629459456657737,0.7817619877454645,-0.4814527303022426,1.0780732633763022,-1.4453349501493464,0.6468359384401319,-0.4773591089475595,1.1010359982719211,-1.2977700715929927,0.8584388053309722,-0.7411372250967401,1.1689855875478377,-1.5359971541453872,0.6730863227218713,-0.2986720356215949,1.0367393106964666,-1.0850190457593145,0.7919592615691866
decoy_072,surrogate_decoy,,,0.9460623044545678,-0.5141760993320573,1.0055691553884658,-1.5343394621487745,0.7804174147347821,0.0022413726709707674,0.9782987424423045,-1.6613579545792387,0.9161980582780177,-0.1165287310132342,0.9410466080773925,-1.256943900698507,1.175878451164432,-0.60579737804528,0.5842895877066215,-0.910297298219685,1.0062229709514205,-0.4780192224637578,1.0018169732204996,-1.1535111791876986,0.5862172391380418,-1.2503772123933259,1.1096664855739082,-0.5388661277715013,1.1479659522963863,-1.3772929464099832,0.6681177430017866,-0.12856564647530658,0.9668018302922711,-1.4461063713216118,0.825322778855434,-1.2898027019993419,1.1123314548556145,-0.682571668321818,1.1761918635796529,-1.399342539385379,0.7454727900919165,-0.3840436418304353,1.0460688852145,-1.4146337185218016,0.8115812393738057,-0.3620118062171314,0.8044354135660011,-1.54639709188243,1.1806549696947282,-0.6722835759389053,0.7249325191155719,-0.5994513542028663,1.1352253963280108,-1.0389237956671666,1.0065011835286644,-1.3178178135263436,0.588474414179558,-0.9635046370688812,1.1917750369744693,-0.8458361076229349,0.7446330613432502,-1.4467295712427612,1.0459737712471986,-0.904782309648504,1.2424216634910488,-1.351548963696869,0.6919317081714048,-0.10600618325328243,0.6422105651624683,-1.1653136165329216,1.16318448325906,-0.7831927034842964,0.807609066059202,-1.4256342393757926,1.1548346209794065,-0.9682527218194196,0.938342006231417,-0.4542107549447308,0.9721329176861577,-1.4835262317778009,1.201908847081811,-0.2796213416886846,0.44946084071283354,-1.3628037664646118
decoy_054,surrogate_decoy,,,0.186464719006814,0.1436242075882005,0.27484477602749585,0.16678155063289224,0.12008391043556789,0.962890018749158,-1.100866230873814,1.172817883519623,-1.2537728050798422,0.5019679478444922,-0.9867590572542291,1.4298068540124067,-1.8374440942695527,1.2504940926695827,-0.23022594695088572,0.2930584327061853,-0.21656179008179546,0.3066305814926859,-0.10543563929817536,0.49782944817998837,-2.078989310409804,1.0239129848710273,-2.0942123192602615,1.447159588020335,-1.1760596754840718,1.0090396768393826,-0.1086994442439159,0.7228918145759102,-1.0961942259057456,0.4459232059993581,0.2741604682666573,0.36200830796036465,-1.7683395351462343,0.8517223499188573,-2.131797282002224,0.8583066965963969,0.09784320844287861,0.35942803488198827,0.7869606698535975,0.5313323277232912,-1.0680643354945456,0.535491411007859,-0.8199316403572341,0.8221721073650046,-0.4523111487312941,0.5235414205232356,-0.04502097142882227,0.6829080306880092,-0.6223659179263547,0.9445860496284721,-0.5161740309736151,0.8301809609715126,-2.06379672252102,1.2455153847504,0.1877320516700276,0.3893368222316694,-1.984596105012647,0.32047782721422624,0.12037404867918772,1.3678891018416581,-2.204412285082899,1.2737038818312134,-2.106988127546523,0.3329811452863317,0.19833290328168687,0.8252480166395832,0.22920534808814355,0.3646572350076569,0.2453039960037268,-0.9486308093037875,0.018290959404887286,0.4893746525392131,-2.098060779447375,1.3738057632699892,-0.06391091531116103,0.21691536787372154,0.15733812206602216,0.4285259902324588,-0.34107748294885737,1.3188262734356566
chaotic_072,chaotic,3.62,0.2066874489516606,1.1761918635796529,-1.4835262317778009,0.6422105651624683,-0.5388661277715013,1.1479659522963863,-1.4461063713216118,0.5862172391380418,0.0022413726709707674,1.0062229709514205,-0.9635046370688812,1.1096664855739082,-1.1653136165329216,0.9410466080773925,-0.682571668321818,1.2424216634910488,-1.6613579545792387,0.44946084071283354,-0.10600618325328243,0.9161980582780177,-0.7831927034842964,1.1548346209794065,-1.3772929464099832,0.5842895877066215,-0.2796213416886846,0.9460623044545678,-1.1535111791876986,0.7804174147347821,-0.8458361076229349,1.0065011835286644,-1.4256342393757926,0.825322778855434,-0.3620118062171314,0.9721329176861577,-1.399342539385379,0.6681177430017866,-0.6722835759389053,1.175878451164432,-1.4146337185218016,0.6919317081714048,-0.12856564647530658,1.0018169732204996,-1.0389237956671666,0.9782987424423045,-1.2503772123933259,0.8115812393738057,-0.904782309648504,1.16318448325906,-1.4467295712427612,0.9668018302922711,-0.3840436418304353,1.0460688852145,-1.2898027019993419,0.938342006231417,-0.9682527218194196,1.1917750369744693,-1.3628037664646118,0.8044354135660011,-0.5994513542028663,1.0459737712471986,-1.54639709188243,0.588474414179558,-0.1165287310132342,1.0055691553884658,-0.910297298219685,1.1123314548556145,-1.5343394621487745,0.807609066059202,-0.4780192224637578,1.201908847081811,-1.256943900698507,0.7446330613432502,-0.5141760993320573,1.1352253963280108,-1.351548963696869,0.7249325191155719,-0.4542107549447308,1.1806549696947282,-1.3178178135263436,0.7454727900919165,-0.60579737804528
chaotic_005,chaotic,3.68,0.33610924318561775,-0.4217266756046718,1.084166078143544,-1.423953330401656,0.8415119743325334,-0.43178647527394426,1.0931850504614493,-1.479459131929373,0.6669475076137718,-0.268069960572242,0.9078185325299538,-1.5282521018475064,0.6872610628928182,-0.7261177684550403,1.0946177812275704,-1.7434869482443984,0.4551767644695434,0.19435065885931127,0.6769076303371463,-0.471240772039551,1.1201614837033476,-1.392989222273439,0.6252695321892058,-0.49447170929530493,1.1933769627626345,-1.5595426095951692,0.7070768254796467,-0.26457507794564833,1.118843952370632,-1.3789376049882602,0.9381482848110719,-0.9864039951267181,1.0445446003033916,-1.7207979905631074,0.6569293909159901,-0.18063006917233942,0.8694519097549606,-1.0385495916318161,1.2285422056919917,-1.6975956709234739,0.5766226348157283,-0.4929396550415722,1.2744391251782587,-1.5098172238892176,0.7230500027811246,-0.3783408179629859,0.9604898561144006,-1.2657175493548403,0.9235328999906625,-0.8617248722250911,1.1594000836594862,-1.6164593699725371,0.5157565326172805,0.11029524868161178,0.8393197601868605,-0.6790363636857264,0.9824556547281419,-1.58361998294382,0.5585758879452919,0.04353404130437836,0.47181497190822447,-0.23995065621897113,1.1293786003994943,-1.091257365627789,1.013141758233255,-1.0727528487249696,1.0393709305551273,-1.4742715700658136,0.7037637338760552,-0.5426327603218761,1.3463106268365002,-1.4274966915767893,0.6808045162790418,-0.19682018296752773,1.0075641861192153,-0.8832996208099725,1.206132281640068,-1.4953419132793937,0.6076549726774285,0.01087376953633368,0.9314958856380744
chaotic_031,chaotic,3.6,0.18255162669917763,-1.2913319580451113,0.8321166189043216,-0.553114484505401,1.1133227869395554,-1.451174168460141,0.7626226287116997,-0.12473074251471099,1.0231035017298158,-0.8870585144883677,0.9773687326207694,-0.9798076536961745,1.0033368735737254,-0.6811358355985049,0.9426501784384164,-1.2884720789884414,0.9079043701312831,-0.7244884378592854,1.294561309378245,-1.4855271375444565,0.7383988361634513,-0.16743031281858894,1.0687701060328696,-1.1942829506865482,1.092966011242975,-0.895706339129472,1.086074017195571,-1.1622583826243578,0.9310739603898525,-0.8680012038133499,1.1531657018029073,-1.3538468772985277,0.6627532371146042,-0.5429054694471668,1.0245189244646213,-1.325318101120409,0.74895309244821,-0.4585982920872737,1.1457443267127927,-1.4271946723443922,0.8534310370513041,-0.43644723695221904,1.0394483379866974,-1.263888044874506,0.6279132394224489,-0.6427722657661817,1.209354845963895,-1.5854118217454372,0.7521742454492928,-0.1251224737411852,0.9656115551357353,-1.0632719362198062,1.0804873397595915,-1.0825527187032413,1.0895953344581624,-1.185108733232832,0.9120229011301586,-1.0451023473566865,1.0800530055285977,-1.12342899093675,0.8537789410516272,-0.8732722427639374,1.0233300696407706,-1.3906526614960035,0.8221511521393609,-0.23563705132335236,0.970772444389205,-1.0388306364671782,0.9462890170722891,-1.0412993622670246,0.9457064449799414,-1.0518427645913946,0.6859528031734614,-0.7952894984196689,1.0524976712468923,-1.3880782871859922,0.8959145239477249,-0.5262359205898973,1.0353380179485914,-1.36923181763616,0.7746322838687137
chaotic_056,chaotic,3.68,0.34318735485857427,-1.6345566994721434,0.5671381078811865,-0.15262220470697868,0.9038832596809617,-1.0496136634032764,1.2376350101222169,-1.9607732484580138,0.34853449361408456,0.29962243451680004,0.5257615897973017,-0.14704434399248897,0.8708051197984448,-0.6263154821983977,1.180883748625072,-1.7664529692644133,0.39745343199171074,0.04842162286799267,0.7514364596120064,-0.146920048661637,0.9336605687970284,-1.0490340135728713,1.3299927922186043,-1.8346232392710926,0.3495762408760737,-0.06619378049615833,0.9136229158588507,-0.5368333390225685,1.2067834588909416,-1.6995027632180921,0.49602963180086385,0.11804190917704745,0.5810534056118923,-0.16561672561481608,0.9095764517084209,-1.1388829306371302,1.1887635843683875,-1.7782253871607094,0.7153432016634166,-0.5275433229609963,1.289987126068547,-1.886657937919688,0.5732451439763375,-0.2720591850090315,1.1077319808975339,-1.2089237943037272,1.2950453753965123,-1.4385497110090213,0.8243870326745815,-0.7884047446244622,1.2182770500642912,-1.8143257314278585,0.18785433293615747,0.2500220166437812,0.352780712458138,0.4636054994347286,0.06990789531305568,0.5186570515510669,0.19930513378362524,0.31332023734673986,-0.28531535049190637,0.6284380825948921,-0.6010834288493504,1.2201632886500038,-1.7561430471961617,0.3940064005456321,-0.008106830379035805,0.6181921073732336,-0.325393369266665,1.116735565330303,-1.5040841202414512,1.029369647660908,-1.0707011298515494,1.130694612795478,-1.8356459016256872,0.6050498910609295,-0.01517349716711947,0.71968406038454,-0.5333728248077655,1.441090827491646,-1.8168757456296694
chaotic_073,chaotic,3.62,0.20087496420246934,0.569664199073048,-0.39027176556448506,1.0664829975541907,-1.2269455624060381,0.9969812611479321,-0.45012758880171755,1.090371529104864,-1.5314721785871623,0.6788371342775633,-0.0747522187831457,0.9002965267427767,-0.7948526714805457,1.1520428809377266,-1.495983546137817,0.5519888969135831,-0.2932428684457644,1.0582814174183999,-1.2682273336295051,0.9290887827218149,-0.8309603686815136,1.1649723553082105,-1.4842912795554386,0.6141515228491891,-0.3551595696031261,1.0468227537478,-1.1461081530662423,0.9609736899737004,-1.4141127541450476,0.927506489928141,-0.8416999338201974,0.9724207509355212,-1.6025971685054194,0.7309697148720888,-0.23755646425776036,0.9595597820528712,-0.9241536119103798,1.184426295190036,-1.2922036031898412,0.5724733232698628,-0.5023343679255555,1.2408292951897815,-1.3622690540986286,0.5130372583402057,-0.2890067360224026,0.9144681656277365,-0.8906108827177183,1.2267811485625075,-1.4464742212258783,0.6386075799799837,-0.2706712607994058,1.0642536814199812,-1.1521307426263436,1.0187868935854256,-1.1264225708733062,1.1005326974218383,-0.9397865152750238,1.0845816278571474,-1.5615405809236758,0.8457656559030158,-0.8018730446058402,1.170718514365673,-1.6606412772135435,0.5777368050630434,-0.20782225695390696,0.7814967161744925,-0.7194141501080585,1.0811422627301421,-1.5659182550960398,0.7117796441224954,-0.11152774460349248,1.0510630254067106,-0.9974947407357773,1.1758141375882194,-1.2538922811968716,0.8776471500517088,-0.8502701534883534,1.1325712524500708,-1.530229085578799,0.5240594419541813,0.0350633048261135
chaotic_083,chaotic,3.6,0.17865877842246877,-1.0011853994667623,1.061277082200711,-0.9457973842730428,0.9698295074493999,-1.1555698193313308,0.9661598717455374,-0.8340315265359787,1.2176704481366476,-1.1302493711759103,0.9278300044779625,-0.6433582797962981,1.1136371569969499,-1.4345289817042268,0.6775152893390218,-0.36756450122328976,1.0258220177630433,-1.234854150845652,1.0461384842133048,-0.8559463582627908,1.2213794414856072,-1.4231961012490004,0.9959464062949717,-0.7281673809285536,1.0380371753312931,-1.4804738481584536,0.774929333746456,-0.19338989863823375,0.9773502000080367,-1.092592834162285,0.9100315838767183,-1.0111170606251279,1.0429433703219455,-0.8276110481656631,1.1087946294160858,-1.4582480322250972,0.768267168746237,-0.676008373697367,1.1104654941421535,-1.4697299202965186,0.5654249456547278,-0.14232541941563817,1.0493367867916443,-1.00123083400618,0.9611470949130988,-1.0554977616249392,0.8812846642404932,-1.0383415934896323,0.803687812025964,-1.2446349972705553,0.9488209348773362,-0.7523893437836469,0.9036589836995836,-1.3102277298011475,0.9198774866715754,-0.610134308326286,1.1535611143036282,-1.3334229453293784,0.662677127466832,-0.3338854179398429,1.053640402951611,-1.2066775875933613,1.0088374304662178,-1.0220436781135824,1.1835898898120625,-1.3032558048233003,0.7755491708002671,-0.6625369448170362,1.046913144535415,-1.2867816925313602,0.6768416158273725,-0.26880283625667045,0.9706595000902517,-1.1589511873904002,0.8139539249731986,-0.8512022673198079,1.143573831239649,-1.2963825486201248,0.6940334113825424,-0.500516462161608,1.1717676929605176
chaotic_000,chaotic,3.6,0.1767458316066567,1.1426615762408097,-1.1910852253076736,0.6698353595052656,-0.8014709609346089,1.152414686340466,-1.4915008051294958,0.6360462757719424,-0.29240513466333856,1.0576455801971918,-0.9450166438006964,1.050779863873733,-1.0917241142232201,0.9630553542573957,-0.9454210501182804,1.14254393157069,-1.459252599501887,0.8249343413556998,-0.4533483909991955,1.0862178010222157,-1.4164365506249863,0.8756462052092598,-0.507202607568283,1.0780990759425149,-1.4260415981774783,0.7689457875160353,-0.3607244332571473,1.1186637158400703,-1.2553745794251652,1.0220724501013703,-0.6775956788917281,1.094160874225788,-1.5354374439624379,0.694610940239912,-0.11594352970911655,0.9698105846612759,-1.096578628453522,0.96732191968487,-1.1268645092279228,0.9946137681861644,-0.8353712879053122,1.0434399171523105,-1.3358056877310638,0.7735057993768963,-0.46859126629282816,1.19427520005153,-1.3700884614292357,0.7866883335018028,-0.397592070514006,1.1117366408700309,-1.2491009404743882,0.6846696363073028,-0.6414163476017726,1.096098397539926,-1.5142998936507213,0.620727670552406,-0.09683398679435025,0.9116712701062873,-0.9589731918215953,0.8745782144793531,-1.1750253941443711,0.9745681409893582,-0.9147372094514457,1.133679995462635,-1.1893451414885539,0.8291465934586126,-0.7604109479854818,1.2165841815813578,-1.474845973264591,0.5289571989499695,-0.3318330760587002,0.9049525756579168,-0.9966476517729801,1.0426059516602657,-1.090276797889188,0.9150965686834869,-0.9376007063509673,1.1332930129224745,-1.309461087355139,0.882391784366398,-0.7310655714601202
chaotic_099,chaotic,3.68,0.3355721160329567,0.2714468124011124,-0.10191884293686204,0.6741597901503006,-0.6549525705179402,1.261530604537871,-2.212592545969844,0.6715801350312911,-0.10898548888995396,1.077579637318397,-1.1031206844638124,1.2931826503797632,-2.161549195913413,0.22983572647046824,0.19162726880023492,0.35075784243906205,-0.12078867866025007,0.5884827350729541,-0.4121369979120944,1.0036947790700945,-1.4256313110413803,1.30686395092878,-1.9423512832500565,0.7968637172832945,-1.0410843828603606,1.2138934239608719,-2.3300728034451597,0.22948263421039686,0.3142220587913684,0.2874466321247488,0.1315076544832467,0.3975760281760217,0.34729258128375634,0.16360681847183883,0.36465346558590805,0.32131047822035214,0.17424113933601745,0.38699698144660427,0.07858098676447041,0.5757294226209158,-0.22103778435880378,0.8785581150634106,-1.3856281930386445,1.3490776213412459,-2.2613896394210036,0.41001814702399136,0.1762095518231072,0.4155418714338962,-0.005778241697981248,0.8022503181226225,-0.8072273958913254,1.2697601617740062,-2.016284220554701,0.27527052836736915,0.03436795793200424,0.39592989044152305,-0.19559354136267065,0.8855811018849399,-1.3022571057356747,1.2105701938140077,-2.1417002955436377,0.2990450078765407,-0.332786623469633,0.7902992758492285,-0.9642042769774568,1.350378000309871,-1.9426543676011496,0.47015558433759075,-0.04322648057648521,0.8545418534705203,-0.8381016745076202,1.2567648997914804,-2.5302938493394813,0.2336905271653309,0.4523407576907181,0.28666758956116717,0.23186263629056308,0.22190202473018675,0.4638601815979921,0.05509067444346964,0.8294680484404753
decoy_076,surrogate_decoy,,,-0.16103536402171129,1.1916401477812675,-1.401184741498909,1.075027191209199,-0.7466107485970851,0.519612230295368,-0.9928043237474323,1.2724818051173472,-1.4211303813806588,0.8706386828490507,-0.10418352688495934,1.0624836662029482,-1.572960731599509,0.7047369702982154,-0.24449723217215838,1.2961712574403832,-0.9123630821430277,0.6556323518191522,-1.2793915795520228,0.8012653374584593,-0.25219475369130273,1.1184433455844458,-1.4425819441685388,1.0312058361210303,-0.9961741005151616,0.9534025212012078,-1.515328490096674,1.1671806928808988,-0.6009223809551919,0.8652151021651348,-0.4837659970251262,0.5020920303051937,-1.375930041110736,1.0295358358584341,-0.9733791101247413,0.8251880461548641,-0.2552839592973957,0.7850814300287237,-1.037321723259337,1.0324298169250032,-1.2298366006216397,0.7692653715803461,-0.9751818665869632,0.9249617638797727,-1.0029060875881028,1.1148179679257484,-1.277240913951344,1.085155485039594,-0.8662896217333659,0.9202583791800054,-0.7146108711725313,0.8075705983262925,-1.2227258098718212,1.1347654606250543,-1.2906264521077446,1.028712923278903,-1.065995032245128,0.9736079432935217,-0.6188703924469741,1.237054798095533,-1.3010924368508128,0.799099602729631,-0.2131429933773068,0.890187321234976,-1.2625637215776178,0.6888175701209545,-0.5329841725946153,0.9303759314345363,-1.1014879946646945,0.9987696788911085,-1.192282106130706,0.7828159345934397,-0.7808529646832216,1.2230210722956567,-1.5189794485387311,0.8224438941362704,-0.12440670061831258,1.0489740793328857,-1.5251263267166821,0.64610665222942
chaotic_035,chaotic,3.6,0.19130954566817565,-0.9453626966495171,1.0474858944878405,-1.1981192977014499,0.9348738682061608,-0.9018583716436277,1.1040938585979294,-1.354835399993095,0.8128445328411891,-0.44784151343278017,1.0256234004297482,-1.5068510876841152,0.5477287078814649,-0.25067468623387473,1.0893622738602513,-1.1682177357744956,0.7810742321336201,-0.6440114339851594,1.0818167260204155,-1.3957486487201958,0.78449536879087,-0.42017014773031736,1.0177966598481578,-1.1997465240356473,1.1682922674933465,-0.774364250096382,1.2837574217554795,-1.304391803640565,0.7370697458786407,-0.4132161564764013,1.1597168188343967,-1.3415349219793418,1.06335372662339,-0.8061873697693431,0.8921086506653397,-1.4290545081319408,0.7814796752253199,-0.38524199420616384,1.1487036156343753,-1.3385209093587094,0.748913317480014,-0.705755701481015,1.1554858098016405,-1.487230563045293,0.7636114211866255,-0.2913624339460386,1.024044613946636,-1.0171833875414358,0.9081807073159213,-1.2866918440246637,0.9514001825095054,-0.7261113184667293,1.1586479633512918,-1.4799858092269247,0.5230056057948443,-0.4849868582307074,1.1356175812202398,-1.3283203333595612,0.6019026795039726,-0.24470210451034186,1.113433455729412,-1.1731536782357963,0.9384222783357101,-0.972551330812644,1.1247013174186176,-1.2395893527907147,0.9773772854776348,-0.7939816431204192,1.026657302315429,-1.2606089726834289,0.6169741637587547,-0.30686789687634053,1.0174256513403754,-1.0908524156667998,0.9676634831380877,-1.043667661637641,1.0347395417728935,-1.1212296078086648,0.7597883414100789,-0.7953473424262918,1.0664595651189326
decoy_061,surrogate_decoy,,,-0.23371973503493085,0.35939065488507665,-2.148894020848403,1.0507354239625275,-0.7130020544415963,0.5694994622435506,0.15012113510249064,0.27871406961945566,0.2298291253530253,0.5923267651905358,0.24418911926918127,0.21129043913048903,0.38702362594217987,0.8104756233247389,-1.5760811691879428,0.8429806414018061,0.3508522812815363,-1.0837996651514896,0.8281842614961545,0.26135434981835676,-2.036201231609803,0.39289998776126955,-0.5361549763275728,1.0062105889785768,-2.043389268364383,0.9940694304128973,-1.000977285261965,1.0940587068104326,-0.5210586878657643,0.6132821040018053,-2.0390111053212587,1.400877986686433,-1.3250925407097005,1.3856731115874896,-2.2387310861574465,1.3769578309060104,-1.623765164956503,1.2573472829484422,-0.10521953759293406,1.3730992560097586,-1.1293201956702312,1.0908248639242246,-1.7334330834778986,0.26864404172754375,-0.3612736772555089,1.067667387206237,-0.8310542318562865,0.602662921038533,-1.9940086824458607,0.44909170553316996,0.16871302145572062,0.49582817309713617,-0.4377591258845861,0.7127324489928285,-0.0630524685431546,0.14168079434297345,0.7651352810397379,0.3354473675353998,1.3598077593655438,-2.1684380491453425,0.35537068821813705,-0.5847485451512465,0.3984697748369068,0.2783318106623459,0.2780911693231355,0.030148271750257333,1.0603253596592104,-2.0445570018723496,1.2105482703053905,0.07930286761906113,0.295001229304803,0.08771098586438181,0.17828873833196496,-0.8139695453726952,0.05682637866939203,0.4056195186529865,-0.11147539111309905,1.064952302195887,-0.21509222439856046,0.4146133562413566
chaotic_032,chaotic,3.62,0.20661095229250845,0.8594822804793789,-0.8518410301400068,1.1770027819110698,-1.5370956719515154,0.44414309500542143,-0.1731213673424024,1.0464159110282816,-1.0703687205009396,0.9327385333553021,-1.1418681263316834,0.8346465325450985,-1.055926480959837,1.0185710604842484,-1.2129674329830167,0.8078546046067454,-0.6874097618962384,1.3369936547692038,-1.4735869702423126,0.6128893147917021,-0.11106019982345475,0.8370064139951146,-0.9667136117591625,1.2382777657592492,-1.435312912974346,0.6061617122711715,-0.1710481307829546,1.027015422834446,-1.089400560130824,1.0397235497611286,-1.4097410070739773,0.9800692263060335,-0.5217375790638319,0.9609744423478369,-1.6337601835941222,0.5807146920976953,-0.1406950874470087,0.7903413928649171,-0.6426344829560189,1.1690038822464377,-1.4029108453042711,0.5989464674518223,-0.1752129926438972,0.9868138125668235,-1.134902563814668,1.0518421267736622,-1.1912200360483969,1.1840826894285448,-1.146485138380718,1.070818796204019,-1.0329633692629445,1.0159402469733168,-1.4294403885806597,0.8249394282403012,-0.5507154399016635,1.1115495090901564,-1.5725615794645142,0.5006953083914001,-0.14707495472258914,0.9059868716490541,-0.9773563126426307,1.2467582164606243,-1.3577468622813496,0.8888250928412059,-0.5399257156331804,1.161374152719584,-1.446078862916803,0.514270721867447,-0.12384348958187948,1.0168457374960547,-1.064088245124931,0.9132204743473782,-1.0167579227450743,0.9880607607724129,-1.1216486457714825,0.922940063633596,-0.7482894043512137,1.2711750756807139,-1.3656260067982802,0.6989992461288163,-0.3029729742526076
chaotic_022,chaotic,3.65,0.25457508410739427,0.444445754084869,0.1625094252620243,0.7817595618277778,-0.26923880839639724,0.9893183121205441,-1.5637283548263161,0.6775941852563554,-0.6525581639790026,1.2407872081076332,-1.5778939682401052,0.7745111833098649,-0.20459934121643075,1.0893443166291747,-1.540792306689834,0.7773917542053832,-0.4756348958036504,1.1237397962554219,-1.7206295392116946,0.6608152650107381,-0.08556535622766412,0.704938117039315,-1.0076539363551493,1.3286941811283248,-1.6506095339445717,0.44909822366298435,-0.058725253130416204,0.8185505651367676,-0.621007316438605,1.0712147176798203,-1.8073717219436536,0.48906396051803264,0.05899735669539675,0.74083595468985,-0.5045095750448014,1.135671159928161,-1.337680298010746,0.8790473128729015,-0.7155679118687384,1.1929692185133853,-1.8137630784909444,0.4458645768639141,0.20730087737935377,0.6503536694854863,-0.4172120420041404,1.0222462336712042,-1.3283671826900332,0.890814041625968,-0.9169538074438218,1.216553695444272,-1.5463639509457823,0.7376213293676298,-0.11371772649954803,0.8880543743334001,-1.1803169715945774,1.102941269353456,-1.5072011364311406,0.6997090653337175,-0.7085845997680469,1.1522437184637646,-1.7836007711131243,0.4450515815935986,0.15796489628328367,0.732930662543252,-0.21548639841890102,1.1491919437843203,-1.5582032090353508,0.7312782781225233,-0.46325120913271567,1.1907668486717748,-1.3824814263487928,0.5909632926574897,-0.2721167037844768,1.1012327674580968,-1.531929440060007,0.9649214008948047,-0.7555537181407966,1.1089246485752517,-1.6995548603663604,0.3432884374630648,-0.13309062570806943
decoy_081,surrogate_decoy,,,-1.3504053862983618,0.841389933756361,-0.7307140277226357,1.1118033923573367,-1.2592100649954079,0.9456498987440991,-1.0133079118632915,1.0158618843206464,-1.0469411133503992,0.9965338745813562,-0.983449088151817,1.130053553639633,-1.2088107676256798,0.9410486985348525,-0.3558159497685121,1.0717451965551157,-1.308646315171165,0.7046387668771706,-0.22550767246577413,0.8878886512711041,-1.4619197495546854,0.9201725418784414,-0.3162403591875574,1.0008864260811217,-1.2024093174627426,0.9606831923650478,-1.081724206981507,1.0311913312954668,-0.9724760291812771,1.0338047720870454,-1.095269693271434,0.8113468043616522,-0.7619798777149225,1.1410265170928533,-1.2377610132846828,0.650738906003096,-0.31208266065417095,1.0306870408801256,-1.0259846894621396,0.735496870805966,-1.4032637428398742,1.2378123021129452,-1.0479760795260864,0.930959385913056,-1.1001056525511177,1.0095410093701083,-0.853970121687388,0.9723275938907864,-0.8505490033813584,0.9281877958949751,-0.43989117549701107,0.835779974160815,-1.1884368951318784,1.0930274611000201,-1.1153098331365672,0.8547232597849992,-0.9858510496360181,1.1119306056316944,-0.5573449421836829,1.0054810544606807,-1.4324600615453082,0.9997403139632497,-0.3623234610942622,0.9148415002120761,-1.282923375935469,0.9452173092866852,-0.9298090504690734,1.0164334778864075,-0.9818008269892653,0.6606262765144962,-0.8928140728358617,1.241862111168539,-1.5194711449133798,0.7259131621450593,-0.9690585012701056,1.086245231742403,-1.3616591714756656,0.8201155232234428,-0.26652075206006987,1.1387812063766907
chaotic_014,chaotic,3.65,0.24853113411153419,1.0648520375238573,-1.5760257883357824,0.4244512000104248,0.15984790832262255,0.8142021894397549,-0.5640942952897868,1.101487769067876,-1.5038502178082596,0.7630779234261711,-0.309247670000493,1.1553175584291668,-1.0834094884485068,0.9076699457310013,-1.1261480314247418,0.9493724045340616,-1.2062255787807945,1.0073428787728187,-1.1456789178124218,0.848555415156749,-1.1833778603772154,0.7955059905410853,-0.9824210549215903,1.0298388880451932,-1.424753285413847,0.9255474410265868,-0.4085385709667578,1.1584762878660417,-1.58414633606404,0.5920009995442895,-0.17138784730740855,0.9243357791893834,-0.9997218254850464,0.9049287345600127,-1.0941409036824334,0.9666268683308618,-1.0754694897726496,0.9463252603111587,-1.071191939297347,1.0126283677879604,-1.196546189452965,1.0113847085104544,-0.9358507199095288,1.0813839396571596,-1.3272308709866578,0.8871819605239203,-0.5927355671589967,1.1468720199978708,-1.528709593122575,0.6430099822019307,0.0031362178884822988,0.7724512262933928,-0.4774321093450748,1.1101498525905338,-1.1568714381267806,0.8540801116920583,-0.5424025967263136,1.1229639382206555,-1.5302079538551223,0.4795481757354027,0.03773158127172113,0.6969210978159952,-0.3330065802857422,1.043376989632298,-1.4222278595003812,0.626942729286848,-0.3705140069106786,1.1815539164501045,-1.3985070345805068,0.7465428216207685,-0.20941480678869498,1.0677368007726247,-1.1055174758608375,0.9607770957952119,-1.0032397859586746,1.2834071029936536,-1.3292395683809408,0.7587750031359423,-0.5336561665402935,1.1958308813679983,-1.661010576392236
chaotic_020,chaotic,3.6,0.18434418012859968,-1.0524904729734244,1.0238294590481256,-1.2123884239221459,0.8271116824692463,-0.8958892213963175,1.3072045136618222,-1.2223726755351128,0.671033881180473,-0.42187341515303,1.0221795190119083,-1.5306658139784117,0.8100630315066024,-0.3124574473828364,1.167849273754069,-1.3516819684602805,0.7720446364215167,-0.5042748170378966,1.151784607324466,-1.4651193215013432,0.5053632728607896,-0.2561606701566634,1.0930437582824772,-1.203824235246606,1.0292673367465668,-1.0022936834774494,1.081173005173821,-1.066011590619105,0.8754533713248431,-1.085907930766759,1.0136338320752207,-1.1937524697933042,0.775476266638395,-0.7207592609997224,0.96088384246472,-1.2929342794137686,0.6992972130802085,-0.14616774205536578,1.048100636602412,-0.9526456045141852,1.0081796796657236,-1.2016356985093053,0.8644332430370002,-0.617050684373262,1.144475318850556,-1.4086618758681568,0.7659463079477078,-0.5184436821026,1.2134821778841258,-1.3818651400395212,0.8179315319812961,-0.44395476539542367,1.145597315125432,-1.4055064290810353,0.6705533691351011,-0.31309895937879506,0.9704010071413245,-1.205159394258714,1.0530150387503607,-0.9083106183362312,1.0088107495496808,-1.3688226250984394,0.8715905232796594,-0.4790980648790809,1.161336111874016,-1.437107218658777,0.7206338540099871,-0.3651637488898236,0.9985066111306098,-1.07773792885857,0.9994258783411103,-0.9876061189156988,1.0021007872784826,-1.311633421619934,0.9289307992157044,-0.71392558214187,1.1367928012095345,-1.5389107287597203,0.6104683514693924,-0.3353716512057585,0.981330784249973
chaotic_054,chaotic,3.68,0.34436177218702196,0.09784320844287861,0.5313323277232912,0.19833290328168687,0.6829080306880092,-0.06391091531116103,1.0090396768393826,-1.1760596754840718,1.172817883519623,-1.984596105012647,0.3893368222316694,0.36200830796036465,0.5235414205232356,-0.04502097142882227,0.962890018749158,-1.0961942259057456,1.4298068540124067,-2.106988127546523,0.49782944817998837,-0.34107748294885737,0.8221721073650046,-1.100866230873814,1.2504940926695827,-2.06379672252102,0.5019679478444922,-0.21656179008179546,0.8517223499188573,-0.6223659179263547,1.2737038818312134,-1.8374440942695527,0.8252480166395832,-0.5161740309736151,0.9445860496284721,-1.7683395351462343,0.8583066965963969,-0.9867590572542291,1.3188262734356566,-2.204412285082899,0.1436242075882005,0.3329811452863317,0.2453039960037268,0.186464719006814,0.3066305814926859,0.2741604682666573,0.4893746525392131,-0.1086994442439159,0.7869606698535975,-0.8199316403572341,1.447159588020335,-2.0942123192602615,0.3646572350076569,0.32047782721422624,0.16678155063289224,0.12037404867918772,0.35942803488198827,0.018290959404887286,0.4459232059993581,-0.4523111487312941,0.8301809609715126,-1.2537728050798422,1.2455153847504,-2.098060779447375,0.535491411007859,-0.23022594695088572,1.0239129848710273,-1.0680643354945456,1.3738057632699892,-2.131797282002224,0.15733812206602216,0.21691536787372154,0.22920534808814355,0.12008391043556789,0.4285259902324588,-0.10543563929817536,0.7228918145759102,-0.9486308093037875,1.3678891018416581,-2.078989310409804,0.1877320516700276,0.2930584327061853,0.27484477602749585
decoy_077,surrogate_decoy,,,0.5771725699158081,-0.5514754498769799,1.1971142420605116,-0.7884039922614982,0.7305844162509392,-1.1931011214946032,0.9263324248204652,-0.27405143103788254,1.079403220588539,-1.4619620968723972,0.6213575582138718,-0.3971831158012773,1.0757226564414624,-1.4533751394186958,1.0774793922904888,-0.7708169810969542,0.6989261261361301,-0.760018114154635,0.9171521087103145,-1.2425773898341137,1.0643504617002857,-1.0781380112260783,0.8933118434433157,-1.4187424702462956,1.2006013932215256,-0.737311070921127,0.9558946477747848,-1.245619478434728,0.6500549391014029,-0.3060597150106741,1.2389698926169588,-1.085091825610297,0.8487292596979957,-0.7721040382629686,0.6025043381355129,0.012244255309861106,1.0949296751229618,-1.631313541937717,0.9865994960297375,-1.2773353495017348,0.6535817920388258,-0.15660863823008053,1.2337142001580277,-1.5000857883285537,0.5958895527827108,-0.17898771913545497,1.0627291387820321,-1.4495248562819756,1.1535423646199279,-0.6873268870313824,0.454911559080754,-0.010773369516115149,1.137836390507351,-1.5591229929446142,1.1125990232085399,-1.3779658676755806,0.8078756823519362,-0.6310014015673469,1.0795404134093882,-1.4745118481898662,0.9478764094992452,-1.416545996814349,0.8938269926292137,-0.3142828897610059,0.9671934428703937,-1.0436961596524783,0.8822659385498216,-0.732564989824658,0.6703378605307727,-1.4768240527718144,1.3635029215841779,-0.20995337722986632,0.7533752997944912,-1.3530747902285445,0.9445245031307014,-0.9452645627575598,0.9602630232379071,-1.432666580297409,0.9066149769437565,-0.6359733020535484
chaotic_078,chaotic,3.68,0.343236643370923,0.4953515068886999,-0.1720228870370039,0.7208499143144861,-0.9840248730952765,1.3395722230964318,-1.8642932330756308,0.32528506571514987,0.006006624386950187,0.6121866781796141,-0.3069692761149714,1.0450491637763488,-1.251222319885818,1.1894818637381375,-1.6476894450557729,0.914474276523255,-1.0580482232107724,1.204567058162599,-1.8445492558604848,0.47525878715956954,0.25009505119026687,0.588207123376774,-0.2260875955926237,0.9077281324279062,-1.3002753417114217,1.3131924124191345,-1.8579020238487427,0.5873331152033797,-0.12927584271752068,0.7914223483973543,-1.1733436105458472,1.3509166541602147,-1.848650751775461,0.402981606250673,-0.05676481393681848,0.8576945580533536,-0.574956786266761,1.0635487841957807,-1.7527939793994172,0.49851906689528175,0.05166546133985544,0.488841311998924,-0.2405848118766639,1.0909698010247506,-1.5744109412076024,0.9674911558227803,-0.9716182553341204,1.101085923818139,-1.6623915750198532,0.7360621315405907,-0.7031247806901911,1.3190249262163762,-1.8529236622320944,0.3008890307875549,0.41445423273135784,0.18258300022618368,0.32118727643454326,0.2694324477908254,0.4853908323660883,0.19778205018813774,0.40267761352098413,-0.04593631496161563,0.5924918156520453,-0.9219016781719969,1.2981062451422491,-1.9709257359389922,0.347509993582349,0.20256848726619325,0.6720381689518771,-0.1355129234668564,1.0992066695174598,-1.0106368927297522,1.2337311037590404,-1.8739144424469858,0.30183486051071684,0.1105461131869171,0.4322048476585712,-0.5545175141456385,1.1425202015622742,-1.7862929297421895,0.6515449999867701
decoy_012,surrogate_decoy,,,1.2387409668376257,-0.7710610963045721,1.3363696467523518,-1.5301193776844275,0.5026638347859801,-1.0383657379817102,0.5059916039249376,-0.0345674535925136,1.3745186336682205,-1.6578059693681244,0.6000606606055404,-0.09401275014716626,0.5259978853463599,-0.8717627921701762,1.0762615930407688,-1.5372738507936672,0.6799100810001185,-0.08693609830652765,1.098311817885778,-1.5585737572374077,0.9533896338632779,-0.3810123272890651,0.24143401866040523,-0.0719307580881234,1.2083453136202909,-1.8208196813169175,1.3253364714324973,-0.5761623872883296,0.3888988314803803,-0.024006761340286533,0.933375114760011,-1.8797047272263412,1.2718244626817603,-0.5824830064532669,0.6631291420676427,0.489376087907753,0.4187058579160778,-1.6515688417482572,1.1437393581726396,-1.0661536842616275,0.7151271840278994,-0.4872799745260505,0.9023595246003527,-1.4346462773785267,1.1555176924710648,-0.05852176065242316,0.8903803740847124,-1.64578159289775,0.5118401901148625,-1.4401811438552294,1.039782100948309,0.023622230484823103,0.7229536796360614,-0.7356535587341777,0.6599587760693708,-1.749186670908654,1.210832271301316,-0.2990384186220762,1.0595506320732686,-0.4626978482928908,0.9217509381399327,-1.6612835543005637,1.0718893495297688,-0.9278575471729217,1.0996900112087251,-0.9727924160998468,1.0485256386041943,-1.7069426215402235,0.7404314123887443,-0.5951107492022915,0.5670189283763325,-0.026650381922668092,0.5170960149253078,-1.6094372817917257,1.00379757188535,-0.029742581684909127,0.5128568550632233,-0.665735209840832,0.35276894332990794,-0.9612706876517084
decoy_011,surrogate_decoy,,,-1.2881479217782914,0.73251332588976,-1.042906959517844,1.0310572336248032,-1.125655119829137,0.6059669182245265,-0.529119315070597,1.0461419809584076,-1.1539569120011588,0.7991120826260051,-1.3434676890272372,1.1302951194515987,-1.0863991499238774,1.0553787205840413,-0.46846638187514383,0.5678048536431455,-0.8913395456983729,1.1830489040084151,-1.2774426384491377,0.903841083189952,-0.8636760321909748,0.7520102319139055,-1.47539953757692,1.161365762201432,-0.3781571373521675,0.8916670969584765,-1.3543876182457106,1.1840885913723829,-0.3230522432685533,0.8064445579725774,-1.3589341850656782,0.8330772074347956,-0.2813890909025385,1.1870982520981375,-1.5553880439622643,0.6081114058139073,-0.11353381237289116,1.0030299574967765,-1.4765757490868363,1.046228938321665,-0.361568921087761,1.0869758556595561,-1.3988184482312238,0.9163079984732508,-0.7335389945563727,0.5894387981769954,-1.1844157528024963,1.1304408909729071,-0.8751846121481232,0.9731122492163241,-1.2914840980988893,1.0364007658175647,-0.5407795782185649,0.7960140130945196,-0.5441347325186717,1.0479101654056586,-1.3206122510219707,1.1189449439422468,-0.6287397463809606,0.8798656088930871,-1.4257528214429933,0.836560774186412,-0.4350598527854515,1.3250744878571312,-1.1903321102670592,0.5211343800995163,-0.25115292203069,1.2481330123061847,-1.5156767803784805,0.7058475225275209,-0.32605669308816315,1.221609314848652,-1.166261573441523,0.6731712012068631,-0.9611323365602815,1.0480279143485673,-1.1681683831598209,0.9773880850781521,-0.9974220918716847,1.0430475773906849
chaotic_092,chaotic,3.68,0.34385102112999916,0.15909145497080027,0.5177864158212916,-0.20281160201961612,0.7729223607692047,-1.0453196043603352,1.2527078400280478,-1.7042060478219858,0.6571704137976494,-0.09859703297721426,0.9113341537272115,-1.0654423075133612,1.134799831965081,-1.8922986827789685,0.46538680730314075,-0.014320313786973387,0.946599496224009,-0.6181032769122373,1.128198229272866,-1.979311455062457,0.32980767507838893,0.31130366995958064,0.40431420542928276,0.1487444976151196,0.6081033493771125,-0.23813451187481105,0.8945378712239306,-1.2059524200701048,0.8559241903602043,-1.0493298692628057,1.1026820536144177,-1.6062093551383925,0.6845616694670277,-0.46579012770947814,1.1987697383596743,-1.5732414096376561,0.7375467581262989,-0.22751998778578153,1.1736045443829577,-1.2482555073240416,1.1474306726336159,-1.312480380609142,0.9144481950150749,-1.120781576287263,1.1694501390550982,-1.5773295964401357,0.772851949107237,-0.4679568899636988,1.1771773559639411,-2.027450860989413,0.6585471328228907,-0.07198861893622549,0.7224488813034866,-0.8185912789801094,1.184561511402435,-1.914338573818175,0.24858060893545847,0.22182273981538123,0.39081751262145614,0.4432961058288267,0.47840991752857587,0.2503401152816858,0.525001215691241,-0.15979704106599485,0.9728193854693052,-1.108445053822154,1.1254207882397698,-1.625054272062605,0.6617453457511812,-0.15695049600453773,0.8122530310406504,-1.0577448456285716,1.0350263509562476,-1.7184812054038172,0.5544840243714195,-0.1324440560347556,0.8925856575346831,-0.8431935176750169,1.236654286932072,-1.961531883642227,0.31733350922506315
decoy_073,surrogate_decoy,,,-0.5023343679255555,0.7814967161744925,-1.4141127541450476,0.9724207509355212,-0.23755646425776036,1.1005326974218383,-1.5659182550960398,0.5724733232698628,-0.0747522187831457,1.0468227537478,-1.1521307426263436,0.9290887827218149,-0.8906108827177183,0.927506489928141,-0.45012758880171755,0.9144681656277365,-1.2922036031898412,0.569664199073048,-0.11152774460349248,1.0845816278571474,-1.495983546137817,0.5777368050630434,-0.9974947407357773,0.6386075799799837,-0.8416999338201974,1.2408292951897815,-1.5615405809236758,0.5130372583402057,-0.3551595696031261,0.9609736899737004,-1.6025971685054194,1.1758141375882194,-0.9397865152750238,0.5240594419541813,0.0350633048261135,1.0510630254067106,-1.6606412772135435,1.0811422627301421,-1.1264225708733062,1.0187868935854256,-0.8018730446058402,0.9595597820528712,-1.2682273336295051,0.6141515228491891,-0.20782225695390696,1.1649723553082105,-1.1461081530662423,0.6788371342775633,-0.2706712607994058,0.5519888969135831,-0.39027176556448506,1.184426295190036,-1.2538922811968716,1.1520428809377266,-1.3622690540986286,0.7309697148720888,-1.4464742212258783,1.170718514365673,-0.2890067360224026,0.7117796441224954,-0.8502701534883534,1.0582814174183999,-1.5314721785871623,1.1325712524500708,-0.7948526714805457,0.9002965267427767,-1.2269455624060381,0.9969812611479321,-0.2932428684457644,0.8776471500517088,-0.9241536119103798,1.090371529104864,-1.530229085578799,1.0664829975541907,-0.7194141501080585,0.8457656559030158,-1.4842912795554386,1.2267811485625075,-0.8309603686815136,1.0642536814199812
decoy_040,surrogate_decoy,,,-0.7569578158138186,0.9509112888923102,-1.264713966256565,1.0198809966029598,-0.2748026913644696,0.6225761335666387,-1.1611362433317876,1.0351673088932305,-0.7869771298933045,1.002144896721468,-0.6169333662754947,0.43733600541777007,-1.2614560258701402,1.114427276936004,-0.6546988561326619,1.0106201736217346,-1.325926825577145,0.8123602001803101,-0.08974995680371468,0.8926728045685304,-1.650016050630806,1.0014522270611503,-0.37656450746532005,1.0627496250677566,-1.240627677622958,0.6580194421132454,-1.0894514257895418,1.137536807738669,-1.1956793598434772,1.114241731293336,-0.9158204688128647,0.6935800468493148,-1.3350857162967769,1.3631718122969265,-1.3681529482826262,0.7708592869489411,-0.2886948315939585,0.7820556579993518,-1.03594718012042,1.0094278486890365,-0.862551940497772,1.0701862442131198,-1.4464661907152587,1.076055612135836,-0.25756979638523986,0.5559701438084537,-1.4989522781647966,1.2261028670141587,-0.9482929703677156,1.0275518660165208,-0.22035895324178026,0.5829467635601651,-1.5365977552429297,1.2385041757921897,-0.4248399873193082,0.8804766105123566,-1.4945270842741107,0.9127209406821658,-0.42262611386647575,1.0153117086541459,-1.493645357045258,0.992685268663223,-0.296397430755847,0.8382592641077995,-1.0329648935227342,0.6804140609678886,-0.8944998519529875,1.1039216277607642,-0.9730102414991185,1.043247479867745,-0.7226492516966819,0.6831749593444397,-1.5304397774342549,1.2864256004083547,-1.1498232034468732,0.840208004649656,0.06696207391633002,0.7715382904843416,-1.4492502021031481,0.9610011892918217
decoy_019,surrogate_decoy,,,-0.8799936628707765,0.9661369153550672,-1.3584018245156402,1.122136887192431,-0.13239628281928972,0.5888157658822505,-1.0007851288175333,1.1353570841471012,-0.9840079114521257,1.1907921088457285,-1.1590659347702559,1.073210388242872,-1.0841703035441588,1.1384579444132588,-1.3910455156298138,0.9579694849757502,-0.6936853799499222,1.0077838094731062,-1.035598485845859,0.9043411933118491,-0.8030193519216291,0.9504591116737366,-0.952970347905586,1.040485403787715,-1.4204910395914983,0.8524696062049101,-0.5477362242150461,1.033182013455573,-1.3579716682098195,0.724015403374345,-0.26480765913498194,1.173293954208849,-1.4897827744239565,0.953380510010259,-0.20784547876625223,1.0234052433373646,-1.2712733625064974,0.7605242270964456,-1.0365880048787,1.2055841048537865,-1.1708257832049482,0.8328263325291206,-0.40934612493890327,0.6346776118271448,-1.0706948247474604,1.0492903408250063,-0.5798817423990597,0.6487357178356709,-1.266992201404468,1.0856838684423904,-1.0985250209069883,1.2665221794227344,-1.1347809658086447,0.6589717230519079,-0.6514647588477336,0.9031803052473576,-1.0251022980308118,0.9239028066431293,-0.9351391277627692,0.975518525909014,-0.8787237502178987,0.6275650372377682,-1.1427875153465292,1.0526738823762127,-0.9627517989847663,1.2692807982689918,-1.332888266708967,0.6309862313644763,-0.4980706127151712,1.0746736749866361,-1.4860466128205916,1.0443973684942742,-0.4217319014096251,1.1509962429494485,-1.4599981010983356,0.9006691572285302,-0.30156333938230523,0.9858684706079982,-1.2871099193381026,0.6678395727532511
chaotic_084,chaotic,3.62,0.20052938622069502,-0.3693705653579715,0.951114443454618,-1.4040145694596873,0.9245076872351327,-0.5938517872082714,1.0159478633336358,-1.4689757206078629,0.5475525088999816,-0.1720210790955364,0.812045221815089,-0.7227942796298911,0.9731194757961777,-1.526102974833007,0.6748186272227439,-0.08714914517689348,1.0736820955829183,-1.1722788490468612,1.153002677510146,-1.1948745550701017,1.0550054825928403,-1.0718317923441814,0.9212456642118974,-0.9714294484932073,1.0091186264705758,-1.1197078553016884,0.7821389745911931,-0.8662931250496371,1.0866584741953582,-1.270323672797827,0.7528647801027959,-0.3205768390806346,1.1758456650802118,-1.4033587759092354,0.807089196942497,-0.3148085292180584,1.1540838899838162,-1.5457252396784067,0.7076127314868677,-0.3990698513617526,1.042664471169569,-1.3870593619395297,0.7069731799320623,-0.25137900942154184,0.8123370406653648,-1.0633419502968833,1.2560541782261967,-1.296537377226992,0.8447640704064365,-0.9057308283220425,1.2592854476142017,-1.4704404711224626,0.6101066694425153,-0.10749895490624295,1.0797243542813513,-1.1889591696948454,0.8974980509465339,-0.9489298914288228,1.0451434693826114,-1.2897030624318144,0.8137714798971877,-1.0660990555429237,0.9816612667063794,-1.4725390379938268,0.7508247482469987,-0.7345151720489517,1.1283096207485734,-1.355116112966602,0.5642908356407467,-0.08892082342821189,0.943463389847109,-0.7897706792488627,1.196115094309326,-1.453197809641567,0.6387823176506869,0.09582393017056007,1.0493354192867639,-1.0435156475772531,1.1362181283721657,-1.3857595345510938,0.8629713550593193
decoy_023,surrogate_decoy,,,-1.5385236024069755,1.0497584167546865,-0.4063555471756436,0.9319803653655375,-1.530550402621848,0.9429431016105428,-0.7986510370255834,1.0025455217974302,-0.4388911018561359,0.6160712554733319,-0.4624993571286661,0.8794248954996398,-1.2546923700634125,1.1630877846613674,-1.586424115446371,0.6366858888101704,-0.7824756935902141,1.2514822462200923,-1.0273382687829244,0.617893719509607,-1.6350708465360835,0.9412984862183675,-0.19596841586513186,1.11055884710073,-1.6164761238904275,0.957124517372958,-1.4244460626827906,0.6605210389876236,0.06187858265969429,1.0189740238335658,-1.693237505579243,0.8600219613935228,-0.30952525913013906,0.408826842231695,-0.8198276622876589,1.1747818979666682,-1.1742682106552418,0.7552941888680745,-0.599790045739519,1.0694184526332138,-0.5655653919125564,0.5097005326669671,-1.5609517303454585,0.8527799716525348,-0.24679850238496379,1.2123685428046533,-1.619761546972847,0.6462570627546802,0.09478401667535581,0.5023704750208924,-1.5950807417193529,1.1489658317528462,-0.6082320683008756,1.0298224545270553,-0.5991441300271222,0.48564030172702766,-1.6096056346980119,1.1398085145224999,-0.0803889266526953,0.9725430990609779,-1.4810061181427536,0.7960792662144275,-0.46493446241206715,0.6148302124250652,-0.3682104676210654,1.0942044466804244,-1.5988186081030198,1.2299069894033536,-1.403706582278109,0.822982761502841,-0.33794065439719184,0.7073172108669039,-0.037631597507155425,0.7361910033881678,-1.6439693642689819,1.2359449064988512,-0.05396613683053224,0.3801135619365759,-0.4931780490764688,1.3407191450646194
chaotic_047,chaotic,3.6,0.18746389634618504,0.9449533794021918,-0.9646989203304672,1.0589679472382743,-1.1607755417452585,0.7131506500215277,-0.6641344826596923,1.2806551259172354,-1.3863061039097655,0.8502624715809043,-0.29677897249244806,1.019187497123878,-1.1495793763294249,1.010027474664369,-1.2216808998178712,1.0775688276655517,-1.0819171982439357,0.9771591794153309,-1.0578582552731577,0.9582902015935605,-1.1084887260523706,0.8285565796375938,-0.8520050566668532,1.2850147470055961,-1.2020320675612046,0.6459414157460321,-0.5764364618604015,1.164165137287243,-1.4230501120047578,0.5641273040300371,-0.2890421902228308,1.047383294465669,-1.0264016784574272,0.8905850181778454,-0.7399149112724188,1.000696955325325,-1.4782424497593085,0.7923948956548772,-0.30644366639957354,1.0004445293845603,-1.3037704400574859,0.6887289532909252,-0.6181082203354973,1.213460698019863,-1.4897302557138314,0.6266427707766068,-0.3378134206605438,0.9356632961593999,-0.8951003780451184,1.027070337263481,-1.2144372558288121,0.9446949220033437,-1.142661575006945,0.9608405671392873,-1.0877335742564689,0.8908507530608395,-0.6502239538715415,1.1130595843130777,-1.4072936210210119,0.7634174074708462,-0.5978814509123833,1.0837322190787861,-1.2501964765835802,1.0062972878245553,-0.6555672799887434,1.033882080784831,-1.3336058796704107,0.6312873025439534,-0.3297374982947055,1.0202893967872944,-1.0941317019588768,1.1454083496189762,-1.0556882891833699,1.0180016091147674,-0.9863609696084337,1.1104442968687465,-1.0297652005788702,1.1179896427780789,-0.9872647779638435,1.0427295618776946,-1.0311643775133505
chaotic_077,chaotic,3.62,0.21437713683526693,-1.3779658676755806,0.8933118434433157,-0.6359733020535484,1.2337142001580277,-1.4187424702462956,0.6025043381355129,-0.15660863823008053,0.9671934428703937,-0.7721040382629686,1.3635029215841779,-1.4768240527718144,0.6703378605307727,-0.17898771913545497,0.9445245031307014,-1.0436961596524783,1.079403220588539,-1.2425773898341137,0.9558946477747848,-0.732564989824658,1.0949296751229618,-1.5591229929446142,0.454911559080754,0.012244255309861106,0.8487292596979957,-0.7884039922614982,1.137836390507351,-1.432666580297409,0.6535817920388258,-0.3971831158012773,0.9478764094992452,-1.085091825610297,0.9066149769437565,-0.7708169810969542,1.2389698926169588,-1.5000857883285537,0.6989261261361301,-0.3142828897610059,0.9263324248204652,-1.245619478434728,0.9602630232379071,-0.9452645627575598,1.0757226564414624,-1.4533751394186958,0.8822659385498216,-0.5514754498769799,1.1125990232085399,-1.3530747902285445,0.7533752997944912,-0.6873268870313824,1.2006013932215256,-1.4745118481898662,0.5771725699158081,-0.010773369516115149,0.9865994960297375,-0.737311070921127,1.0795404134093882,-1.4619620968723972,0.6500549391014029,-0.27405143103788254,0.8078756823519362,-1.1931011214946032,1.0643504617002857,-1.2773353495017348,0.7305844162509392,-0.6310014015673469,1.1535423646199279,-1.416545996814349,0.5958895527827108,-0.20995337722986632,0.9171521087103145,-0.760018114154635,1.0774793922904888,-1.631313541937717,0.6213575582138718,-0.3060597150106741,1.0627291387820321,-1.0781380112260783,1.1971142420605116,-1.4495248562819756,0.8938269926292137
decoy_021,surrogate_decoy,,,0.7839022183173232,-1.1314509829528374,0.579155696300375,-0.600948157880378,1.3159708740801213,-1.2935805515418841,0.8769806527800179,-1.0244090383842324,0.9098382342330554,-1.2991885754898145,1.0982097012029879,-1.059911412463162,0.4056021156201116,-0.15164451551755742,0.9078557751926888,-1.755008860204374,1.1951489059511913,-0.16856453378180739,1.1005731287604346,-1.7780910680113045,1.1417974364569452,-0.19463034315238856,0.5141889170871858,-0.05591690881241382,0.6841238871166764,-1.5663131252378315,0.8548429524923102,0.09314097006041468,1.1382547880206968,-1.4540664835233847,0.9918699049462507,-1.1941909025579485,1.10066933423505,-0.8842363422510487,0.7161871781051168,-0.8311798470544544,0.4776275781121399,-0.1402622474144613,0.6451902687385255,-1.5516299923445414,1.1894996114358771,-1.3930495400952894,1.1689990253089544,-0.3133899937069285,0.8661831091070448,-0.11232006581160395,1.0170224554575908,-1.4531591010073124,0.9830416872578055,-1.1923822618649609,0.6503951927385637,-1.335422922270888,1.0731767114962467,-1.0999917832363086,1.0810592267721062,-1.2667565684085034,1.0676814879706678,-1.0434721988411628,0.9060938617012161,-0.23031272152341986,1.0209953388661184,-1.5592544621501694,0.5856689575608627,-0.12917093339048535,0.8319875161404617,-0.924521932297898,0.8681382592175013,-1.3483034682660593,1.1651660061255764,-0.81517681893785,1.0267690784487233,-1.5593061437525304,0.9644331806397776,-0.5454000780973546,0.7161797347362173,-0.3009663755082958,0.7277061981158729,-0.6082590524311163,1.0358616114685724,-1.111348458201391
chaotic_069,chaotic,3.68,0.3460573691200239,0.6799152280856712,-0.74492005326015,1.5098968513028603,-2.1111891219720267,0.634430009873239,-0.18460175504339596,0.9791313043853476,-1.1829973852222542,1.4276503548133068,-2.1804010191884915,0.3792268302817629,0.03391660787719367,0.5443833228957792,-0.181773788772123,0.8375785630885353,-0.7012722602770454,1.1710112031843547,-2.210043653682925,0.1585463085305067,0.2889925735071432,0.533459223298237,0.18625545884674655,0.12635544202928717,0.3506908802325943,0.010787563022702604,0.6092521958539856,-0.2517024785107167,0.9650605273209913,-1.2006273907903835,1.1406940337792872,-2.3438407710964575,0.07930863984193723,0.4448378707277606,0.07203875367590344,0.17565156678862226,0.2583877243093085,0.28064690636616935,-0.05454060024159369,0.7242606187990369,-0.2735908112699395,0.8348921037333392,-0.9895227686685161,1.4229372702209617,-2.2598285468086043,0.17306872165241952,0.2198240154319849,0.24744188379032642,0.329930534919533,0.15985958847754744,0.4413211636289617,0.2582400167895543,0.12106859808186521,0.35526904926336994,-0.2917862084657578,0.7409388749314735,-1.0329781309639512,1.2914873002194427,-2.4086888039892367,0.3680519556995879,0.12891876256144272,0.2368457087803756,0.08873034452150172,0.5817145591893212,-0.08842866469203886,0.79035228995278,-0.9935909152424558,1.1915578926013006,-2.388170950824416,0.5252690767276695,0.12087802729449024,0.47792535631512917,-0.3895024798486608,0.9325202784081312,-1.4984543188121675,1.3064781384200994,-2.0770812552945404,0.9032313164319035,-0.3845667696518644,1.329932970524029,-1.7569514586971107
decoy_001,surrogate_decoy,,,0.18356726026029652,0.1827307045440015,1.1578238737056925,-0.8370773162429026,0.3494638600768602,0.4179811116226322,0.19517551389204948,0.16798149509339727,0.17877579877745176,0.39162724371913316,0.35981806305755853,0.23950313344179788,0.595576428520008,-0.797193338086493,0.20209491325272905,0.29114292490065313,-0.05916211041159289,0.1364000237290298,0.7606466911875996,-1.5441983061195297,1.272529243323653,-0.6247846330941663,0.8984688353364915,-0.33544615834903274,0.7362372320195728,-0.5931949809381278,0.3709414671335473,-1.8561705254050436,1.169615589626872,-1.7322692343369357,0.816062230131774,-0.984710112233564,1.2766818018905808,0.16550296952023621,0.6538441373591388,-1.442293207026779,1.2629037788296262,-1.333715154788178,1.1534882503792796,-2.047682631119246,1.0977965649007682,-0.5595513219494824,0.9387360364669681,-2.0718028668563098,1.227838113778828,-1.8076122049393464,1.4167928692081981,-2.0992445979684455,0.8164133291260449,-1.6761709308105772,1.2559514698176653,-1.7982780273375107,0.5368662016101841,-0.019000303657391533,1.0758505092275523,0.27129274516782176,0.8930811515142816,-1.9832847036911638,0.4915262587846484,0.6190479508835423,-0.16454456618569008,0.06612455572178882,-0.3118975232542642,0.42316352333275853,-1.8910234477284626,0.5610546999474672,0.7317152837959549,0.42128880308211825,-0.805463886978922,0.820587672936936,0.4073123599780066,0.10031704859382562,0.7449621583612139,-0.9461166337180675,0.973299336339712,-1.7332767958954667,0.8809036153132347,-0.8842265497935456,0.2716470058542339,0.3092382298408207
decoy_052,surrogate_decoy,,,1.0570434357483514,-1.161386508133842,0.7499589397430477,-0.42240616771233336,0.982483533258106,-1.3805457735443714,1.0566444176819907,-0.17544780133442184,0.9949822690995856,-1.5263271205021758,1.0980599069627834,-1.0245571559889952,1.212896722531838,-1.121134511357545,1.0271966620428705,-0.7202892454296432,1.0830640140782777,-1.2978802512055083,1.0102856964257347,-0.28144939136110236,0.7487057085339783,-1.2392641288317277,1.0315145510102741,-0.29596447212396026,0.9997627382321705,-1.2535010791246812,0.9983194737718729,-1.0426271973647712,1.1125223050425044,-1.2772093465546566,0.6953225154230404,-0.7841161930708427,0.7321625760635698,-1.1452371793809095,1.073628125336417,-0.6252088034798883,1.0610869749868133,-1.3583882069856366,1.0173306317292448,-0.8682360730597439,1.0441605126540134,-1.342669679804685,0.8284971937888441,-0.7261519547528177,1.0568191112227199,-1.401748572408575,1.0498505659989918,-0.2858732962848252,0.8439213088216949,-1.1776356724510362,0.8467906372940394,-1.0711460341819399,1.0457144342714924,-1.1235182795707988,0.7670686699828558,-0.9997133650811795,1.220814078865554,-1.5297517496773376,1.0490005551246255,-0.18016389122895154,0.4697526648335979,-1.1356872769472972,0.956868475585954,-0.4693506858146339,1.0460469289636758,-1.1977651821030078,0.6730147098995996,-0.3319433184774044,1.082175088707807,-1.4959805429042878,1.1677673614857156,-0.7077129171911468,0.5129051654064701,-1.1508573344964537,0.8312969575170744,-0.23390311563406033,1.121431600393994,-1.3988863535679905,0.5229456524474453,-0.918177041843448
decoy_026,surrogate_decoy,,,-1.3931419542446044,0.5480529484170432,-1.1088954024811835,1.0903759695389412,-1.0918754115768818,1.0055836675497078,-0.8161866157198544,0.7338545904905552,-0.25120988415928397,0.985183264137172,-1.32776902885728,0.7858287496365629,-0.8861045037228885,0.9360104457700931,-0.18967210373622342,0.5259004671831071,-1.401770364224329,1.1159088686146386,-1.4819109518056288,0.7926586793971004,-0.05480476724800058,0.48442287597171013,-0.7242251789854939,1.1355294962031648,-1.4648193312927948,1.190730558125809,-1.1621429318279957,1.0135165896716678,-1.3890021356346263,0.8875795773300759,-0.9123968261722137,1.0017801718274921,-0.8630517780825844,1.2686191244348954,-1.4530949770878558,0.7969045825328321,-0.15014979024443395,0.7755985310661351,-1.5252946646991428,0.8993470462370391,-0.11527004384271525,1.153225248678115,-1.2347017737757533,0.9817811721818893,-1.324063075321768,1.0294742408828976,-0.9344670688322216,0.7221430854453308,-1.1345690855117114,1.126408011800557,-0.6940843098603448,0.6439458394740853,-1.201944413172171,1.127386877211669,-0.20958977308578966,0.7034954661143504,-1.325780295425549,0.9722427362420334,-1.394039518383827,1.0836299724841782,-0.08313250722245247,0.8568567776477384,-1.6809793893260938,1.0733218635792061,-0.04438812198056644,0.5935701428084167,-0.8558431614836909,1.183271992517238,-1.4152682397463983,1.0726674688041473,-0.8433191696921378,1.1584718134112222,-0.845890152327467,0.4961920869270182,-0.8133850314819693,1.15968549117029,-0.9786058185353309,0.7207536312144361,-0.3124017575768551,1.2573311856575395
decoy_066,surrogate_decoy,,,1.1149536925801111,-1.6672237511017998,0.7840591032261683,0.3652098238921773,0.9771292936732644,-1.5865980068446726,1.1662733340502207,-1.6218594151904742,0.8856518102785154,-0.9904983097705552,0.9010598271779153,-1.2450789239114253,0.9130014320115128,0.18472567960302053,0.9803460255030555,-1.272966927141453,1.0020167467446706,-1.517380582613899,0.62090288682539,-0.10185720842833332,1.1343559143154094,-1.5860564161770057,0.8743573319696826,0.23212984500465522,0.9027173179926912,-1.123401008382767,0.6667100813409306,-0.98782649006177,0.5191023796591169,-0.7504516147111564,1.1831493400417343,-1.7459687403285613,1.158374707857213,0.2020383907369788,0.7844257477821247,-1.1310186201479346,0.3245187266237883,-0.31229500915044833,0.7746823733589545,-0.6202047528056762,1.0520355180826402,-1.1528657197869918,0.9982236582055023,-1.0132585190140424,0.45901475281084925,-0.19034556428474295,0.4564184633709108,0.11277355106212548,0.8700269963745416,-1.585273666109148,1.2113735701101502,-1.4693465488064708,1.0474834129010244,-1.4335937093614837,0.8733819637926652,-0.34336383377813806,0.8810443786103002,-1.466680734059362,0.9889991113837929,-0.4497844563735806,1.123196197487335,-1.2806938552257023,0.6894333670300203,-0.5582304116617147,0.5083278920863509,-0.28905735601118154,1.156170688553245,-1.460951834717122,0.9635710114336707,-0.3450824117297121,0.8472106639635606,-0.9229448422941888,0.4987164248948509,-0.7929504541806602,1.1703042901373122,-1.1097742517895224,1.1804426592573078,-1.6752147663572048,0.685787112491149,-0.6257287839796948
chaotic_090,chaotic,3.68,0.3411121246058349,1.0598774774571964,-1.680191977028534,0.7560976609345569,-0.8728687088585357,1.24245699904523,-2.077252812315815,0.25003632066770376,0.1700281327746719,0.3305024351013616,0.3631580046883542,0.3812703296083094,0.10770771119891247,0.481588407810538,-0.2788284361657274,0.796120220513493,-0.7981320112857091,1.1828903963018134,-2.1211192203566758,0.31077787459477585,0.2999675143044482,0.5689248305851193,-0.08665167875807174,0.6645592014564945,-0.5916924560573779,1.2899952343573786,-1.8038333972915768,0.6927928678757365,-0.4051988880916419,1.0998788189786992,-1.548148665335697,0.8406477172107921,-0.9189235106014446,1.2662320169441812,-1.9460936684436236,0.2575220913906232,0.3846944393202358,0.24738595686121406,0.18822341745286797,0.4109470882063634,0.12531259516607807,0.5107236823003325,0.10328607215108573,0.5527926453868934,-0.38145385639749835,1.0465686993660432,-1.4867729608989713,1.2062094363313336,-1.3031963140626937,1.2493894744780396,-1.7811127442150207,0.7311508173474559,-0.5810025532543862,1.1278568762256749,-1.817444626408836,0.6085463989633063,-0.4571325392929804,1.2009728888607396,-1.4898922669952692,1.006287647878934,-1.1796701510638758,0.9721076888639545,-1.560916393966091,0.7455649840145688,-0.7987710964168303,1.2281117718712964,-2.1675486915354814,0.4427430599808742,0.4715479745351156,0.30173833798066685,0.2816128249231664,0.38260033013211225,0.3353959028969666,0.2980425749830484,-0.0726226861352121,0.7875193203190336,-1.1299243159971353,1.2552299722836755,-1.8900851612666498,0.21996755123540815,0.39091909438046707
chaotic_089,chaotic,3.68,0.34479939791059766,0.8701680722744138,-0.4766402737780617,1.1019716063554579,-1.6645423779425432,0.5866963362066306,-0.473879790327099,1.136753725491649,-1.5348853676604377,0.6940389165064031,-0.6056931028751117,1.0308195715622348,-1.6642990185923696,0.6343384006797156,-0.30537588168576035,0.9959661661291828,-1.2301602333144706,1.2045067577743551,-1.4237737608849796,1.0136531464520562,-1.0760281806823644,1.0612918246224103,-1.5397469288171357,0.8091860372659139,-0.801819874961637,1.260426045488216,-1.8582086351121243,0.41350148898729044,0.1513897532951511,0.42273803124167997,0.28951556544527146,0.7887368144742678,-0.04470733844541737,0.8553049098911906,-1.0285151179128795,1.1398906982818608,-1.6592262138518739,0.5497218250537678,-0.41122272885964534,1.002819411328956,-1.1839247104686972,1.1081166224090375,-1.3382216556124908,1.000312867796412,-1.060400414804408,1.2249989816970182,-1.6750320843583177,0.6841261477096288,-0.18942927442097393,1.1314752062182765,-1.480166408811205,0.882996803406585,-0.8446405736859104,1.208619884450996,-1.8613908851557277,0.2771292045500924,0.3097740964231771,0.25107499059521027,0.3317904063971281,0.38819811300367996,0.29378748959131296,0.1492890363062349,0.35133611407384746,0.38813496466144465,0.1409888786905963,0.5422183454046959,-0.06434959323595049,0.804359788944612,-0.42424359164930675,0.9343821649051767,-1.5720512427152344,0.7125397113686956,-0.5838388607527113,1.1339587032292784,-1.7551402992933938,0.4974314877762411,-0.2590168716035957,1.0034537707151239,-0.8658366532988535,1.1783954434489867,-1.9859163830108781
decoy_092,surrogate_decoy,,,-0.15695049600453773,1.134799831965081,-0.15979704106599485,0.6081033493771125,0.22182273981538123,0.8122530310406504,-1.7042060478219858,0.24858060893545847,-0.20281160201961612,0.9144481950150749,-0.8431935176750169,1.0350263509562476,-1.8922986827789685,0.40431420542928276,0.5544840243714195,0.31130366995958064,0.15909145497080027,1.1026820536144177,-1.0654423075133612,0.2503401152816858,-0.6181032769122373,1.1694501390550982,-1.6062093551383925,1.1987697383596743,-1.625054272062605,0.47840991752857587,-0.1324440560347556,0.6617453457511812,-0.8185912789801094,1.1254207882397698,-1.5732414096376561,0.525001215691241,-0.07198861893622549,0.7729223607692047,-1.7184812054038172,0.946599496224009,-1.108445053822154,1.128198229272866,-0.23813451187481105,0.6845616694670277,-0.014320313786973387,0.5177864158212916,-1.120781576287263,1.1474306726336159,-1.914338573818175,0.8925856575346831,0.1487444976151196,0.4432961058288267,-1.312480380609142,1.1736045443829577,-0.4679568899636988,0.46538680730314075,-0.46579012770947814,0.8559241903602043,-0.09859703297721426,0.32980767507838893,-0.22751998778578153,0.9113341537272115,-1.0577448456285716,0.7224488813034866,-1.0453196043603352,0.8945378712239306,-1.2059524200701048,1.1771773559639411,-1.2482555073240416,1.2527078400280478,-2.027450860989413,0.9728193854693052,-1.0493298692628057,1.236654286932072,-1.5773295964401357,1.184561511402435,-1.979311455062457,0.6585471328228907,0.31733350922506315,0.6571704137976494,0.39081751262145614,0.7375467581262989,-1.961531883642227,0.772851949107237
decoy_024,surrogate_decoy,,,1.0688589752911615,-0.29359863113884976,0.6945429668787176,-0.7519191461161437,0.604712644468906,-0.12500508721462614,1.1456784511070155,-1.3859497517953836,0.6667627982887567,-1.3978852414698824,1.1120086442154353,-0.8160628931990074,0.8962102835136632,-0.6919812132393351,0.6160875414574951,-0.645395291083425,0.8730212649256709,-1.6739365404830195,0.8711201692798473,-0.7263756553192027,0.8035127291903337,-0.2911739822155519,0.8437335337983857,-1.5913480455650055,1.1968735825971561,-0.9902264519747653,1.1081003057641308,-0.4668976745740879,0.5340057319891126,-1.786485373382163,1.1827805782435905,0.27555992604261054,0.5199367341770217,-0.04739515036454831,0.518218224151874,-1.5623697721869596,1.3644695070656794,-0.5427869506020574,0.42963282391981217,-0.6264281758129854,0.7525288443297454,-0.1068395343544384,1.2132310705407658,-1.5023859286920642,1.0644214016271294,-1.5806407116152879,1.0556172298619901,-0.029086576821147885,0.5496410485246327,-0.15806576034490102,1.1782594359075886,-1.5905210258939597,0.9899378391336527,-1.2240523315677432,0.8102517562149973,-1.742152472954898,1.2196461497627205,-0.9417027717383651,0.059870470738094136,0.003015190384444487,0.9583119587598976,-1.5998417725057523,1.125467885578561,0.37477962210142707,0.2930573812598246,-1.6108550137110786,1.1870179708029034,-0.273987245286647,1.05555134593816,-1.4309982754324668,0.7983444936494065,-1.5649876092338182,1.0370903626748404,0.07394850070323403,0.6711561191383191,-1.1349853849905711,0.868333407468589,-1.0343595107831458,0.7150808329622892,-1.4417047807662873
chaotic_040,chaotic,3.62,0.2000082791657958,0.8123602001803101,-0.7869771298933045,1.0198809966029598,-1.4492502021031481,0.6935800468493148,-0.2748026913644696,1.0153117086541459,-1.3350857162967769,0.8804766105123566,-0.6546988561326619,1.3631718122969265,-1.650016050630806,0.6225761335666387,-0.22035895324178026,1.0106201736217346,-0.9482929703677156,1.0701862442131198,-1.4945270842741107,0.6804140609678886,-0.2886948315939585,1.1039216277607642,-1.240627677622958,0.7820556579993518,-0.7569578158138186,1.137536807738669,-1.3681529482826262,0.5829467635601651,-0.37656450746532005,1.002144896721468,-0.9730102414991185,1.0351673088932305,-1.1498232034468732,0.9127209406821658,-0.8944998519529875,0.9509112888923102,-1.2614560258701402,0.992685268663223,-1.0894514257895418,1.2261028670141587,-1.325926825577145,0.8382592641077995,-0.42262611386647575,1.114241731293336,-1.5304397774342549,0.6831749593444397,-0.4248399873193082,1.114427276936004,-1.1956793598434772,1.0094278486890365,-0.7226492516966819,1.2385041757921897,-1.5365977552429297,0.5559701438084537,-0.08974995680371468,0.8926728045685304,-0.862551940497772,1.0275518660165208,-1.4989522781647966,0.7715382904843416,-0.296397430755847,1.0014522270611503,-1.264713966256565,0.7708592869489411,-0.6169333662754947,1.2864256004083547,-1.4464661907152587,0.6580194421132454,0.06696207391633002,0.840208004649656,-0.9158204688128647,1.076055612135836,-1.493645357045258,0.43733600541777007,-0.25756979638523986,0.9610011892918217,-1.0329648935227342,1.043247479867745,-1.1611362433317876,1.0627496250677566,-1.03594718012042
chaotic_017,chaotic,3.68,0.34079552801801255,-0.12291808416462667,0.7262572784718447,-0.9147559217658235,1.18665732856253,-1.6143737863725798,0.4822247479377571,-0.3290167385845667,0.9712088267796826,-1.0783793992488195,1.1148825868753074,-1.6766507375568687,0.8692888977792153,-0.1753562068810052,1.1120670554483558,-1.171326322375835,1.2005627416383067,-1.4026854011075582,0.7535148946720285,-1.1041240005585709,1.2347558544178703,-1.762836068254998,0.6076475631911967,-0.3652465635511987,1.1894906239303653,-1.2753375418674333,1.0460990618456745,-1.116341652792544,1.1056271874591248,-1.5101187647809275,0.6874778628414715,-0.9144724235957747,1.236344566559927,-1.8360009982183243,0.44236286184016266,0.42863673118421636,0.5093676082584826,0.12631016385949909,0.4146478055133761,0.10465031888983613,0.9229559145344117,-0.280681458726811,1.2332693322566424,-1.6154585688566605,0.6581654654432885,-0.49017951213546884,1.0846006741129512,-1.7921490134880709,0.4707642213163919,0.14712999147480985,0.726363226909259,-0.8408755432430427,1.2509759503038775,-1.8747260714822112,0.4265018947702534,0.09902984696451249,0.5893037934985187,-0.20381363341523492,0.8839761149300297,-1.355118452522204,1.0837845041145808,-1.3295705595218779,0.8911356458419187,-1.2819895956015268,1.0922132390616461,-1.182765386466586,0.9198259434603198,-1.4569017485984306,0.6471644583501437,-0.6880530770538208,1.1383822273690853,-1.9824969071177019,0.2769238112070542,0.2729715763598397,0.27691636745528403,0.3137693594821353,0.349818042855101,0.25595105948217645,0.5651277749123472,-0.18454330598491145,0.8021604414692127
decoy_003,surrogate_decoy,,,0.9489265281980196,-1.5525580873284648,0.9680492852724971,-0.6514152803709787,0.9816043849596906,-1.3666277810202208,1.0039998816438624,-1.462080333621357,1.0629248251368364,-1.1170565387333156,0.6474688560176383,-0.3599647797001491,1.1407245076448402,-1.0320090367670525,0.7308294642447285,-1.1800854850166957,1.1337979843132953,-0.7363552880746388,0.9481566462476444,-1.5672180770937911,1.0181861228465598,-0.15159954313596463,0.8297673368085156,-1.4764145234628108,0.9203062569493581,-0.9354761687843854,0.9013824095258066,-0.1468403162787807,1.0301425880527386,-1.4571927891757963,0.7946338914265431,-0.10062958616732454,1.0021047677869126,-1.395367856729943,1.0830349475966303,-1.2829360101653382,1.038749452554412,-0.3759594641393505,0.8954154627591553,-1.2069974133353207,1.1095983925546673,-0.8601730521174976,0.6026107229133552,-0.8457847601647452,1.0812923927432152,-0.42114912781186487,0.5688601958312339,-1.4827645878846525,1.2503932732149292,-1.4998055078806716,0.7406731034729103,-0.37614705978836915,0.7603312954669379,-1.128023422308269,1.1374946110428212,-0.6506468717411497,0.7221712473311409,-1.2153699157187152,1.1662908782986665,-0.8977034701094359,0.6511055457273789,-1.3810974149547184,1.1476214450672257,-0.5854688560987725,0.5894002236417843,-1.0035175750617764,1.184508229174533,-1.0307887255140733,0.6702333079264544,-0.31827431871713646,1.2011082685358803,-1.7113399400724412,0.6012323799110963,-0.15554541242197473,1.0532388552122287,-0.6764702079062316,0.9506391790031392,-1.3210729550902065,0.9439797971902161,-0.09706140378111303
chaotic_055,chaotic,3.6,0.17856252708329123,-0.8604180739541725,1.0078577346821083,-1.2356047255294749,0.9263062224038712,-0.8080196846629203,1.1112097279112543,-1.2649362777131352,0.6789482395873135,-0.4003557538997241,1.1490953094632568,-1.3500355808468314,0.8767760497845712,-0.5117262538681047,1.2129990971394176,-1.3897572184966092,0.7289623446310547,-0.3455473982377415,0.9934750804379079,-1.0417342835503607,1.0093105762058114,-0.9851826183692868,1.1229282681822552,-1.521419260750936,0.7562432326618018,-0.4545766188508052,1.1335675424609708,-1.4051365886134148,0.41270982918525645,-0.30173479762385547,1.067689667804503,-1.074611990173127,1.06634357652264,-0.9830056427612445,1.059952786709068,-1.339323791079707,0.8760646573689052,-0.8622738619273621,0.979627104489258,-1.5175554783923901,0.8158341348008886,-0.2804519467801935,1.050628292227973,-1.145688804077372,0.8307305082982299,-0.9125135568111733,0.8616488137875631,-1.2215818257894941,0.9311689958271657,-0.8316628908804291,1.055595611901387,-1.5138571963281025,0.6915916746637774,-0.5074927414927296,1.0495317556007673,-1.2554332379464557,0.6602480681602569,-0.4260730147829716,1.1377801510677068,-1.268388829357838,0.7441470832943704,-0.3514039872815356,1.0977067010946522,-1.2868142735377965,0.6526774425345778,-0.7333015186883919,1.1693315497491759,-1.3495800577893902,0.7603845924161752,-0.38453773706740757,1.2107925267318855,-1.2650725228659725,0.9284378342879122,-0.6850422270773161,1.302679558753444,-1.4525795252168845,0.6156400622289885,-0.37994053424165053,1.1636410175606617,-1.0423290506504033,1.0464379553459033
decoy_045,surrogate_decoy,,,0.8938095731490933,0.2471517891468207,0.1575481080322152,-0.5703984288994666,1.463477629546201,-1.883949101843048,1.0528730773674875,-1.408960289527106,1.2506556391267314,-1.40517543857375,1.0441018509963989,-1.5345368639149035,1.0711079579367502,-1.2918758720201498,0.9980714025363643,-1.7393468624189792,1.0038212260703732,-0.43420475128744224,0.6137216986935456,-1.8222355471421827,0.6905425318558746,0.24153374403002312,1.0884261140615596,-1.2439234315670478,0.8627117345560794,-1.8241976249415321,1.2047958293588474,0.26285149548153225,0.7366816637282341,-1.825508186019324,0.7607825440201568,-1.198502912311071,1.1341838479236281,0.5249446585827112,0.11350916745907993,-0.1095050325372777,1.2085877273369448,-1.7706746182102306,0.7951902606072735,-1.4266697428305883,1.216126911808415,-0.8845416270827189,1.0817688485216281,-0.06883442310974305,0.3151319923307295,-1.209022316793317,0.8741961718017307,-0.12051027088617915,0.6488905249910185,-0.2069000815972685,0.5732694192451088,0.28321227659506887,0.603242285404891,-0.06951952059129442,0.5770656145824175,-1.5487782810876771,0.8362573995147513,-0.9473156585372288,0.9247803372503334,-0.5799795049485094,1.144793958144885,-0.627525189316675,0.2845016841666828,-0.08318778388706628,0.8010308057328682,-0.852173615132591,0.658112498998331,-1.716871932110575,1.2204149211263173,-0.7226393131146509,0.3037203710052615,0.11113155773842505,0.2936777856746064,-0.916339775956976,0.6312235592761547,0.2651939093960162,0.3693903301214266,-1.0462891407794233,1.2059078268018,-1.5540291228567553
decoy_041,surrogate_decoy,,,1.2276625866156357,0.18161478944520862,0.9359342876654629,-1.3324358982883198,1.1185174268743183,-1.7855860890866724,1.0532108681556827,-0.7255717389529341,0.2681925905662127,0.31518048968041434,0.6087331694572224,-0.1104456368082257,0.5856447847459143,-1.783085839583905,1.045072361593215,-0.09306009723051474,0.10698475525155136,-0.541821036255261,0.6643801349000037,-0.8754994751439085,0.4900714228429783,-1.0392953712804756,1.280693762749723,-1.2548892314909592,0.6469318959748184,-1.2586776091850715,0.8932414961948547,-0.23980947973364325,0.677001823573805,-0.5410898775615774,0.5654076359157281,-0.8221645550809037,0.6906646587167897,-0.18577263615649664,1.1586510731316186,-1.0465432784053013,1.0454142783098193,0.25268747056277824,1.152082661077937,-1.9789319245673225,1.322183876052209,-1.7951585685362417,1.1757140608860182,0.11551279257686059,0.5476979335791045,-0.9376997576615054,1.079424235864691,-1.2611726140579627,0.9050782598315942,0.14191282582915718,0.9206326221292411,-1.681865912475747,0.6203456676713307,-1.7284056937209673,0.8993063467019635,0.4621674334926668,0.06555631664610315,0.08683519986637946,0.5151769923465097,-1.7155042534338203,0.5475502591928564,-1.096967621656929,1.0467250636824101,-0.6702378320451294,0.2854830316331257,0.10654680818293782,0.8660322155614161,-1.2208932962220853,0.8525579533019169,-0.5176799936061087,0.5794859701664814,-1.5357416519129627,1.1638746446954005,-1.6967468086299622,1.0714748167285963,0.13610202691034992,0.9555766534424149,-1.3550480796556792,1.2334748192421974,-1.838603391789019
chaotic_088,chaotic,3.65,0.26058322738959483,0.5361400779443741,-0.0846836086571204,0.8693632635724078,-0.9045008216132093,1.1784846788216923,-1.5150611980114113,0.734266193600493,-0.45980790206437183,1.0964668649020928,-1.370056564727513,1.1385457877915377,-0.7651756947411895,1.1327878214857332,-1.7630278837968496,0.6093616061948451,0.03840688979546988,0.6507861754638715,-0.3838599336499872,1.1887619762781183,-1.406512659937522,0.7255603356979141,-0.40109736373561083,1.1509383598609644,-1.4350979116712803,0.7610749737512578,-0.3117432608554986,1.1331978741532336,-1.5359865243337456,0.7147639234629977,-0.3562143340414803,0.9701927838351586,-1.6414540241443485,0.791054026361532,-0.23846780754665556,0.9955794786539925,-1.4041462032320773,0.7477066086961416,-0.5796371019300357,1.204871994409524,-1.7235563060776449,0.4348336658853811,-0.04690703390331054,0.8133804973769462,-0.7603869016292897,1.2639110211354854,-1.687331056778893,0.4324800194665701,0.13128392117407972,0.66783782662676,-0.24065079100593836,0.9923502533749753,-1.4453880020343186,0.8581370977069935,-0.7997831848012543,1.0698207783153537,-1.7521426342672373,0.5239194359180466,-0.03225703065616866,0.6300426334014968,-0.4176569885309402,1.105829262839978,-1.4605941039648165,0.5942640585852241,-0.10352013158322554,0.9176056271375616,-1.1779770996715457,1.043749349521807,-1.5308283995806415,0.687915853917468,-0.4267164960735721,1.0375003902090851,-1.3208464468682404,0.9982966160482467,-1.0413469996209581,1.1676087651948863,-1.2809868986390176,0.8649062085572449,-0.5690029225222015,1.1587761361112123,-1.3883508863390461
decoy_090,surrogate_decoy,,,-0.08665167875807174,0.7455649840145688,0.21996755123540815,0.2575220913906232,-0.4051988880916419,0.5107236823003325,0.6645592014564945,0.25003632066770376,0.10328607215108573,0.7560976609345569,-0.8728687088585357,0.6927928678757365,-1.3031963140626937,1.2552299722836755,-1.8900851612666498,1.1278568762256749,-2.1675486915354814,1.2009728888607396,0.4109470882063634,0.12531259516607807,-0.9189235106014446,0.796120220513493,0.38260033013211225,0.24738595686121406,-0.4571325392929804,1.006287647878934,-0.5810025532543862,0.3305024351013616,-0.0726226861352121,0.6085463989633063,-0.2788284361657274,0.5527926453868934,-1.9460936684436236,1.2662320169441812,-0.7987710964168303,0.3631580046883542,0.10770771119891247,0.5689248305851193,0.30173833798066685,0.3812703296083094,-1.817444626408836,1.2281117718712964,-1.1796701510638758,0.481588407810538,-0.7981320112857091,1.0598774774571964,-0.5916924560573779,0.4427430599808742,-1.548148665335697,0.9721076888639545,0.39091909438046707,0.31077787459477585,-1.680191977028534,1.0465686993660432,0.18822341745286797,0.2999675143044482,0.2816128249231664,0.7311508173474559,0.1700281327746719,0.4715479745351156,-1.1299243159971353,1.24245699904523,-2.077252812315815,1.0998788189786992,-2.1211192203566758,1.2493894744780396,-1.4867729608989713,0.8406477172107921,-1.7811127442150207,1.1828903963018134,0.3353959028969666,0.3846944393202358,-1.560916393966091,1.2899952343573786,-1.4898922669952692,0.7875193203190336,-1.8038333972915768,1.2062094363313336,-0.38145385639749835,0.2980425749830484
decoy_044,surrogate_decoy,,,-0.17803694377747298,1.0307709368209954,-1.8692896149729223,0.6938005060640142,-1.4537436739828773,1.1742752187816325,-0.6205953410720946,1.1354252267236906,-1.7280550424101389,1.138718472477333,-0.4955002611443682,0.5086983933281347,-0.3202362661643642,0.7350226373875138,-1.5376338408575603,1.1606749683887072,-0.6208079419879567,0.37803814254193696,-0.2599179164889271,0.9362016185217742,-1.7756451498029597,1.265299440000296,-0.058377941319961046,0.48922252078911765,-1.489662443953728,1.0071184403990057,-0.6359109865549312,1.238946322208013,-1.5236303348873623,0.5844010557376371,-0.09936938530028576,1.119720413614992,0.03356396587105366,0.4732329903554683,-1.5550021824272766,0.9685552565711993,-0.3588267396955405,1.0704873935473984,-0.09531915653850709,0.44206737969723225,-1.5434915904311113,1.3169397039211712,-1.6884952930496953,0.7751585184633983,0.0212313116130086,0.7144344833501659,-1.5507744593515573,1.1871910278311306,-0.2623378549142856,0.49948577512585823,-0.9040129922601727,1.219685411783854,-1.4539621491607737,0.761434779814811,0.12213799958514712,0.46639354145314466,-1.7600903244019632,1.3129546846347968,-0.312457997909502,0.7443286013135256,-0.7324045362692457,0.5828396197728956,-0.389190781801752,0.9925333222755676,-1.445509856426674,0.7693378950058227,-0.7671350378583751,0.9985239476310055,-0.7824002028943917,0.5053029917693351,0.0698591175524524,0.7144447595898663,-0.976833076016184,1.3021536953945922,-1.4850622202463344,0.7851065498494302,-1.4385050114771736,0.6202530374950432,-0.8101176439612466,0.9123701167165031
chaotic_004,chaotic,3.68,0.33481535082904273,1.2881227483882687,-1.918147074679571,0.6581595129008273,-0.02056057217011367,0.6885798469380546,-0.6591272605064206,1.0953002485820527,-1.9846162306323598,0.4927293328302538,-0.2883010154851436,1.0397089694332085,-1.2936373671383585,1.0634747117047259,-1.5904168642278862,0.8821989965745027,-0.8032104603794356,1.1926587249592786,-1.9790396668589247,0.3308864890860156,0.09142163238286627,0.35269757975989174,0.1822968758091777,0.3983695420832403,-0.07117702512558052,0.6655982192318188,-0.6695272818836928,1.3896171766551275,-2.068458674941212,0.33646710712694544,0.014148529081652893,0.20681579516920884,0.18621067312308934,0.2872448747312894,0.1608910468039877,0.7926959681125316,-0.4111870262539158,0.9281169255387215,-1.2974544696635126,1.292779656055995,-1.7672119882349528,0.8773317308759495,-0.7120827362260387,1.096921011339207,-2.1863040636905087,0.23482431626824307,0.2430590544445913,0.3489346441897828,0.3416860168912358,0.04883556426735935,0.4270976500388559,0.06995274967021219,0.6598417686059345,-0.2328963940503059,0.8339294929122658,-0.9625834785319246,1.3311403969173232,-1.9695467433764107,0.17159981456588555,0.23815274693404576,0.3428033466216765,0.01477324556489655,0.5713585638880596,-0.5295609925873462,1.1154318320959002,-1.9796442705918562,0.669130504347842,-0.2825681021826125,0.9648774030403191,-1.2110599617008264,1.0577704231139906,-1.5669006901350822,0.954161119467634,-1.1525635057694024,1.2838266300534218,-2.016607200833248,0.38689189052165346,0.1674917166684588,0.5626436818755163,-0.71352092022496,1.306253539838618
decoy_006,surrogate_decoy,,,-1.393796083252971,0.7008888589880231,-0.27775669060214564,0.7162104590831803,-0.827296024956843,0.9761564008234273,-1.5472004855322385,0.7853249853068548,-0.5585420844214241,0.9641501453636435,-1.2665293371066462,0.8921934747219643,0.14836728228001972,0.39763706013932293,-0.25235949345040115,1.2960362528909426,-1.6759256753665708,0.6708875122926865,-0.3835548150996919,1.2099794084645894,-1.1943529785457307,0.8611397215468818,-0.9247861971443577,1.125412708997175,-0.8461830250949821,1.0388128588929346,-1.027224823153583,1.2242610380106216,-1.4490655145812155,0.8537225809875927,-0.014258214958990528,0.9235362362362304,-1.4200377636758656,1.1623315642458731,-1.5373780389477674,1.0627294705171269,-1.0995032427500002,1.093998325158961,-1.6400315462282171,0.6173427153648888,-0.810394304967702,1.439559860085754,-1.4096572700309196,0.6275862198586923,-1.151115331563068,1.0617181015806902,-0.20134838282013626,0.6094145910971022,-1.6521831294452847,0.7358016188812796,0.10964548179166654,0.8443211772345319,-0.3219420865632624,0.948591459969762,-0.3360419228197529,0.46406712033366837,-1.5478300046176239,1.2251720168339646,-1.363415775589346,0.8109933736640509,-1.3689471082436602,0.32478499818687306,0.4446593438687838,1.1987429667063012,-1.7016976984208732,0.9931869345777025,-0.7804932332079944,0.6620566086957661,-0.015498874779212125,0.505626661360706,-0.21812945400476808,0.20924878450468906,-0.7335526480040383,1.3223773953828661,-1.6532417456459538,0.9835539416217908,-0.24376734555774773,0.5061737883251609,-1.02891490677728,1.1255517530535342
decoy_029,surrogate_decoy,,,-2.0318619937181435,1.2734644131579025,-1.8044422105226585,1.130722486001142,-2.0810319857033948,1.279624629155503,-2.141680122047485,1.3795722385986144,-2.0410440490973514,1.117809705448034,0.13030017487130527,1.2065616575287872,-1.5661253671026583,0.605910072506218,-1.061884649227717,0.8507355857339005,0.1948849491671557,-0.8605418372038947,-0.9901682235507393,0.37660085047759984,0.12316463533831767,0.48927493308987957,-0.22960982339458538,0.8142961561724011,0.5218674134063848,0.2948079802670355,0.19438943655585664,0.6226327131036982,0.05583254833322392,1.1027368925122902,-1.732970723819264,0.3709039430390936,0.20589764131453536,0.11456291312662964,0.173101771144986,-0.1350890040920844,0.9337338116423786,-1.4271001408581552,0.7726033130044653,-0.11887468365178257,1.0959611790731476,-1.8918133402456272,1.075201115331707,0.18820950660729158,0.3437934728609702,0.5058248491065268,0.4519829875396961,0.17410367486715092,-1.0118890631784319,0.3156822524278207,0.286831608980579,-1.3322093655131781,0.43322968347023405,0.31774599412811066,0.21595700911931098,-0.6632038343027575,0.40734238959791924,-0.9634094383749936,1.0963930112515983,0.37045014163678536,0.6228134989728272,0.2361366102670143,0.41732710523614946,-0.19703546920830503,0.3473406911370113,-1.2308517622806265,0.40313324486347596,0.6538787523145517,-1.4776053908961648,0.699844503281943,-2.0462868351861383,1.2699817179621193,-0.2513124912400082,1.161942057469388,-0.4782956390482649,1.2368856348596857,-1.6557667178047057,1.1137700821907328,-1.3432845082399465,0.9876330302579388
decoy_085,surrogate_decoy,,,1.046878873031622,-1.870729813984664,1.228918441756217,-1.8677876057369909,1.0296065686229627,-0.842682235551368,0.5742629710402877,0.190527708040073,1.040014588374917,-1.4184313380427154,0.6281960642647103,0.09909127426231862,0.39883355555402544,0.13756048672152013,0.9828604349336902,-0.01679968289857835,0.6478122884953746,-1.838537203402788,0.5856430063272068,-1.35484246798962,1.1321545547283463,-1.228858248916217,0.7183579332353353,-0.8860796528344126,0.27292848797622843,0.26163903203380634,0.37734102787896906,-0.12440769760766882,0.37831919572709394,0.1464098979779967,0.011659143127498314,0.34118079068101953,1.0971687942344983,-1.7924336631872437,1.1164369624637935,-1.0320704879201548,0.11597891049633305,0.44342634549936777,0.7998093317531595,-1.0620208589134121,1.1337345765580478,-1.2344199949433188,0.8117741706715039,-0.2553833819624131,1.0064198423652333,0.22191396643317626,0.38100921673028015,0.276402491878687,0.16251933918301065,0.19032110888335477,0.905696982622449,-0.18742084639974654,1.0126944411803969,-1.3793345838284943,0.8358738786240483,-1.4169459088870928,0.8146239480050794,-0.8574188489674216,1.1581323958574852,-0.3354569328553734,0.6113939344359516,-1.5380127308216094,1.0846930773652728,-0.317337726362711,1.2227826541587719,-2.0326271030154133,0.42497616753149053,-0.30916189699310603,0.7985517853521524,-1.0276522595015771,1.1051168073820006,-1.7469507094015573,0.4805532149434438,-1.5667375833938866,1.184399562612719,-1.904971610610655,1.2560696784327448,-2.100053853449269,0.6735946464264446,-0.010697628492619012
decoy_065,surrogate_decoy,,,0.8559782207059728,-1.1514132907403563,0.8812897215539895,-1.4805514410357952,0.8006010022623343,-0.4813982837974557,0.7704954627553784,-1.1075832238300982,1.1230119538648726,-0.8040498496723791,0.6795640197405084,-0.6655853043257041,0.7243365879318452,-1.013983982033049,1.205761246101676,-1.3475850545275705,0.8443870792606036,-1.0848093086251662,0.8716884743856558,-0.11237674609005129,1.031545519950518,-1.6305468770875393,1.02462230983461,-0.11157213879446234,0.6519559940600383,-0.6549050642192016,0.908663395577865,-1.3933240790858419,1.3099787853904827,-0.20182663027521963,0.5540839169004013,-1.1691666879620246,1.099865325101581,-0.7192697880846571,1.2051839970764981,-1.4747840530962504,1.0656569508598703,-0.9786564972383904,0.6768769766973435,-0.9754207868907232,1.0744560462982469,-1.3392603608839608,1.063444785276234,-0.3259582733498596,0.7519346341023334,-1.1534873415780182,0.8227993422688336,-0.28652468735252373,0.9489462584354793,-1.6238781815774708,1.1635192605330542,-0.5509459444240653,0.7105629436658892,-0.7146984788194637,1.1857404067160502,-1.118348802726918,0.6570703256694953,-0.3970339697002869,0.8908520983002627,-1.4991134915410766,1.1144812490140314,-0.158951359903992,0.7850512852840417,-1.6187358006078014,1.1179621565897004,-0.9810772077623608,1.1630261056183984,-0.9535513951112047,0.6941240774414267,-1.3703124374124371,0.9493476872248112,0.05165252083983729,0.8114145926175852,-1.3144016670987988,1.2774368524766242,-1.3027079726031598,0.5970051015397784,-1.0080659398982799,1.2217400149128161,-1.0622522850733613
decoy_008,surrogate_decoy,,,0.994848966573886,-0.8839887844145345,0.8385305352500114,-0.8192032025597332,1.101591916524761,-0.6201221324955712,0.5754168842815611,-1.0453114451423955,1.0325588469598668,-0.8942757150855257,0.7485471272841999,-0.5080261799344342,1.1091828503488825,-1.4947858700846155,1.0145251487204492,-0.500470140308491,1.0430096567083573,-1.3081914160724302,0.6396213560720995,-0.41472745287514046,1.0343660932865646,-1.2611623015043123,1.1172259734747552,-1.4948474794602389,0.7979966499931195,-0.20323073326801097,1.1331458264609167,-1.4260757792729322,0.8109214490623302,-0.19510859002905512,0.9621332011248378,-1.1661840871910159,0.9503467150866806,-0.8501745859949078,1.071094848238642,-1.5435034226410997,0.6928015780510324,-0.5394931798572689,1.147625546720966,-1.4252572099198868,0.5721905949659827,-0.11260892251145344,1.300227988195857,-1.2875644287961052,0.862147796748243,-1.0634239632352127,0.7926836473741938,-1.1274445541924558,0.9060136100863451,-0.8767833120854551,1.0256177960094328,-0.9737401829248739,1.1528197211720053,-1.3080362972397845,0.7698042320669155,-1.3974158984557241,1.1246855163379983,-0.5647053612128251,0.5673061509212335,-1.163074858180657,1.2386612171040647,-0.48761740567113465,0.7565097510205926,-1.1791523403411115,1.1069248809786127,-0.9080530533247191,1.1283726033122647,-0.41856752111338885,0.6871992457427943,-1.4665655158357287,1.030543903549449,-0.09411108572387003,0.7926611295611524,-1.3173185585520273,1.1930304089260282,-0.8698464988250751,0.6886623526909906,-1.49386475599333,1.222697055587768,-1.0302165502493228
chaotic_036,chaotic,3.6,0.18330549004314522,1.1429487092202535,-1.2924525828367612,0.681258776355586,-0.594406766401912,1.1474140264838846,-1.4876574402043863,0.6518738189485551,-0.2744656153783803,1.00211941621242,-1.1617318863292811,1.0723509335762829,-0.9204877129147705,1.1990231889430587,-1.2941028586771481,0.6426962713612796,-0.6329196427956091,1.0449072170303062,-1.500772023355581,0.6777262171166524,-0.27789362685407226,1.15768481269089,-1.1831810601595196,0.8639819240676363,-1.0321123128585359,1.118482533525058,-1.3979538660526338,0.7297912373456733,-0.20288471360589225,1.1857915919290913,-1.2212215874406598,0.7423938688322061,-0.7066051761684906,1.1269209040909285,-1.53729706781084,0.6772846858661994,-0.18701842555773465,0.8738795031660773,-0.9101445429001419,1.049385949267194,-1.3561329399151165,0.909130942864882,-0.842433864506349,1.1930198630077298,-1.4108995955729224,0.8108466250390199,-0.42698175975108965,0.9752484820300159,-1.477315758488556,0.8716829586869194,-0.41346592012076133,1.1467351535700423,-1.280595799705646,0.7905824844144654,-0.29161196994390853,0.9723136776554872,-1.08319739148963,0.9274797401476518,-0.815848292236354,1.0657666196154914,-1.4172179043260178,0.5143612805468933,-0.22622423473800377,0.9327712816806963,-1.1089382124379341,0.9122661053227151,-1.0087291196649102,0.9893021285103241,-1.2626189807873793,1.0421742873976612,-0.6370327326597995,1.1611808868921742,-1.4512335005247798,0.7312219880703168,-0.16507460212507385,0.9299937939698234,-1.1119722012098592,0.8216849163175426,-0.9539510933657611,1.2052044562054882,-1.1340984761023638
decoy_087,surrogate_decoy,,,1.161174868548567,-1.3934092195760293,1.1793181021068386,-0.9348288738206094,1.203891690852303,-1.0677687155722206,0.6138549847074443,-0.8661057237729177,1.1959795011825225,-1.0565962327489404,0.8847746675137032,-1.2634378494470633,0.6041081786972327,0.024352080165025283,1.0375981501089122,-1.334030781829752,1.3164044914539668,-0.5289333267524138,0.5426192343124983,-0.9620682632010462,1.2626194834691868,-1.6794457674131766,0.6346463892711264,-0.04113554372664662,1.0770602308084005,-1.0289357758553663,0.7194464803001083,-1.378269314554806,0.7949618401492492,-0.22747208763056712,0.9476174229923953,-0.7299112206129833,0.7302437468751866,-1.5345020196755024,1.1408663325497246,-1.4520864435123588,1.0942291907825936,-0.5400889318366914,0.6856347916683648,-0.2568674575556387,1.1280921788837863,-1.2567257874905853,1.0283300316370447,-1.034860734861661,0.5717570414341837,-0.2900663525643006,1.200955102302621,-1.7359467177286858,1.0592110670898975,-0.336183546112528,1.0328434693071884,-0.8421376337628936,0.8946609975896265,-1.1392377183475988,0.772416531281006,-0.19284127522667655,0.9900786843371882,-1.5719443274021165,0.7881938229813329,-0.411952558404189,0.4546810996016993,-0.9217458644935131,1.1894421050841504,-0.37152791894117043,0.7521084641567841,-1.5272305899911618,1.020108584907167,0.013813223887242312,0.6686262527665516,-1.7055671663724885,0.8088076142621812,-0.6631164973616526,0.7141442505978757,-1.4406358169854787,1.0119046936150737,-1.2257547187999016,0.6704278846989538,0.06432574814002281,0.8083192046984907,-1.5512811378340847
chaotic_067,chaotic,3.62,0.21042288309307,0.8533300921664405,-0.5688734088124668,1.035575307283672,-1.5152728896237744,0.5787940008263858,-0.07027648508946412,0.9887913539028524,-0.8131033593813866,1.1115033486265027,-1.3850754889500396,0.589563749814698,-0.4060153047130025,0.7480551659418633,-1.1951978519632243,0.8840303284588328,-0.938156938285595,0.9156968478195231,-1.4037446676275742,0.8565793870935734,-0.7065873371136999,1.1970889743023907,-1.5810234070703153,0.5878039537002665,-0.06827930454281954,1.0021722879651014,-0.8540486305793815,1.0633018545854651,-1.5070236994664223,0.7331471637999225,-0.39168743947954293,1.0309390006117138,-1.2458945903323975,0.9313887087151044,-1.0194931172115336,0.946642839143986,-1.3543589371044218,0.8388649954574132,-0.6301576872320679,1.1606053956776945,-1.336440179149038,0.7662786133369031,-0.4171775956395931,1.0050510581817382,-1.3253446410749676,0.8489132996263676,-0.6341106351611855,1.145951246018397,-1.6364025660064356,0.61914815966229,-0.05915645392294219,0.9151705336694012,-0.8057029068246243,1.3021529962257046,-1.5561201218048464,0.7486539015433161,-0.2738500813352484,1.085758320217944,-0.9299512741914422,1.033281915747664,-1.0947636488323846,0.9528023273947763,-0.9289779856055576,1.107095352518113,-1.3728616062510002,0.7457048654779072,-0.3660615391600914,1.0161826550216777,-1.1422103807088648,0.9346353636114817,-0.8173340067209204,1.0870244661097859,-1.2676741324434533,1.0040364660744416,-0.8457524088414373,1.2416510537992067,-1.653223064023897,0.5879128408148948,-0.10584187281818021,1.1235634456467327,-1.1016159914969281
decoy_083,surrogate_decoy,,,0.662677127466832,-1.1589511873904002,1.061277082200711,-0.676008373697367,0.9706595000902517,-1.0220436781135824,1.0429433703219455,-1.2066775875933613,0.9611470949130988,-1.092592834162285,0.9488209348773362,-0.26880283625667045,1.0380371753312931,-1.0111170606251279,0.8139539249731986,-1.1555698193313308,1.2176704481366476,-1.0383415934896323,0.5654249456547278,-1.00123083400618,1.2213794414856072,-0.36756450122328976,0.803687812025964,-1.3102277298011475,1.053640402951611,-0.19338989863823375,0.6775152893390218,-1.3334229453293784,1.1087946294160858,-1.0011853994667623,0.9661598717455374,-0.8276110481656631,1.0493367867916443,-1.4697299202965186,1.0258220177630433,-0.610134308326286,0.7755491708002671,-1.0554977616249392,0.8812846642404932,-0.14232541941563817,0.9198774866715754,-1.4582480322250972,1.1717676929605176,-0.7523893437836469,0.9773502000080367,-1.4345289817042268,1.143573831239649,-0.8559463582627908,0.9278300044779625,-1.2867816925313602,0.9100315838767183,-0.6433582797962981,1.1104654941421535,-1.234854150845652,0.768267168746237,-0.7281673809285536,1.046913144535415,-1.2963825486201248,0.6940334113825424,-0.8512022673198079,1.1535611143036282,-1.3032558048233003,0.6768416158273725,-0.6625369448170362,1.1835898898120625,-1.4231961012490004,0.774929333746456,-0.3338854179398429,0.9698295074493999,-1.1302493711759103,0.9036589836995836,-0.9457973842730428,1.0088374304662178,-1.2446349972705553,1.0461384842133048,-0.8340315265359787,0.9959464062949717,-1.4804738481584536,1.1136371569969499,-0.500516462161608
decoy_091,surrogate_decoy,,,1.237173477068275,-1.8125974444548105,0.29161397640508546,0.5316051483142139,0.8999779022885018,-1.2727698481805552,1.1187914599515025,-1.1438731299221434,0.720862961054265,-0.38018856887626307,1.1571956417458007,-1.465921854024424,0.6071289781638867,-0.9971315949084023,1.0879506579238323,-1.2901477209040282,1.1593880811163586,-1.4319337875120135,0.9358715263871018,-0.23504986559438176,0.995205900280808,-0.6591461256447104,0.5822516984245754,-1.0235154404062545,0.955118637048194,-1.2099309025884115,0.4458036408791464,-0.11247285993721574,1.0127072002373967,-0.29924793379431225,1.063610689303277,-1.4892281127075735,1.026616085920709,-1.0910559667764825,1.0171460329164281,-1.2595600354142344,0.7466855033817437,-0.18708038952756906,1.0297100928977716,-1.3000812500362064,1.0999408118885066,-1.319190309227248,0.9044615472527183,-0.5495563217643291,1.0401179175026554,-1.2993465570635143,0.7620518396627054,-0.2797970045404772,0.8719770607668141,-0.6882213332022701,0.6011379524820095,-0.9840059196377439,1.1186826644054086,-1.0064374140605596,1.0033712151930245,-1.566475665289831,1.2045954813672024,-1.0400938091838925,0.509340152048417,0.1443596106523738,0.7895777656585748,-1.0216206216601968,1.063878478714351,-1.2128029232130269,0.9853557168439517,-1.0038884259542973,1.0929423550356265,-1.5152045956259805,0.8167001408768455,-0.8721557009513617,1.0616066443445853,-1.2520043063344712,0.9920995461536369,-0.8226989702823189,0.6790316584214399,-0.027213210793397412,1.0915176719678699,-1.6131314898617621,0.7088934412375024,-0.4292775543284684
decoy_031,surrogate_decoy,,,1.1133227869395554,-1.5854118217454372,0.9773687326207694,-0.12473074251471099,0.6279132394224489,-1.4855271375444565,1.294561309378245,-0.553114484505401,0.6627532371146042,-1.3880782871859922,1.0895953344581624,-0.5429054694471668,0.7746322838687137,-1.0518427645913946,1.0804873397595915,-0.5262359205898973,0.8959145239477249,-1.36923181763616,0.9120229011301586,-0.23563705132335236,1.0394483379866974,-1.3906526614960035,0.9426501784384164,-0.895706339129472,1.086074017195571,-1.325318101120409,0.8537789410516272,-1.0388306364671782,0.9310739603898525,-1.3538468772985277,1.0800530055285977,-0.7952894984196689,0.74895309244821,-1.0632719362198062,0.8534310370513041,-0.8732722427639374,1.1457443267127927,-1.2913319580451113,0.7383988361634513,-0.43644723695221904,1.0353380179485914,-0.8870585144883677,0.7521742454492928,-1.185108733232832,1.1531657018029073,-0.8680012038133499,0.6859528031734614,-1.4271946723443922,1.209354845963895,-0.7244884378592854,0.9079043701312831,-1.12342899093675,1.092966011242975,-1.0412993622670246,0.8221511521393609,-0.1251224737411852,1.0245189244646213,-1.451174168460141,0.9462890170722891,-0.4585982920872737,0.8321166189043216,-1.1622583826243578,1.0233300696407706,-0.9798076536961745,1.0687701060328696,-1.263888044874506,1.0033368735737254,-0.16743031281858894,1.0524976712468923,-1.0825527187032413,0.7626226287116997,-1.0451023473566865,0.9656115551357353,-1.2884720789884414,1.0231035017298158,-1.1942829506865482,0.970772444389205,-0.6427722657661817,0.9457064449799414,-0.6811358355985049
chaotic_027,chaotic,3.6,0.1863161051464976,0.8766823370916094,-1.0965580242126456,1.028295049174631,-0.9324870514098227,1.1167862417593262,-1.371779776357944,0.7902708469505054,-0.6197732578510693,1.0409803666367952,-1.337426111666047,0.6500485541818112,-0.3209688484712481,1.0132540694709637,-1.1597726072423613,0.9139430565410026,-0.8098921155438192,1.0467375423563507,-1.3855544456533055,0.5819983794459416,-0.24500701563940575,1.28252511138444,-1.0218362173944109,1.0226972333786684,-0.9193864667510443,0.9232657810665024,-1.4061905317220214,0.943856647651492,-0.6631191197830859,1.0871956742381057,-1.4499530627938944,0.5642921393155178,-0.32784619374608337,0.9990181547768785,-1.1108303780048139,0.9701761292179946,-1.1899793069690219,1.0234708658871101,-0.9802181722308679,1.0601408830679326,-1.1728501465041643,0.8740269261311798,-0.7580882830848209,1.1897060128550008,-1.3664534111522502,0.6571766997956916,-0.23192272458297877,0.9478544237057487,-1.147170561137159,1.0812446763116788,-1.0125226062231762,1.064126047942832,-1.0570544493475025,1.0073959905781602,-0.9668362224116889,1.1217709338138748,-1.038903676735517,0.9662217629241416,-0.831467398685735,1.098218591774637,-1.1735050416055686,0.9086905672248546,-0.702021470747178,1.0821026295708787,-1.366632582097102,0.9229163722541218,-0.2646664719960909,1.0192130463724254,-1.0951924796347727,0.9775892026547869,-0.9391086188413853,0.9453815130736114,-1.0797232292695835,0.8898910014452149,-1.1770914755213464,0.8304188883974396,-0.923167593089466,1.3179065579868292,-1.230434424998448,0.7629105309226815,-0.7170058682205123
decoy_053,surrogate_decoy,,,1.1202226492448744,-1.4043824285778568,0.8358308001641174,-0.29078587363798647,1.034801666686816,-1.3062650940258616,0.9097616796534059,-1.1620660539846552,1.1084383958751174,-1.0025488407026404,0.913501326142741,-0.8169947630314873,0.9842634689445843,-1.2970820793393067,1.0438662564510213,-0.44767620224956384,0.660524491782482,-1.441163485560291,1.1231307527657841,-0.27935689228802935,1.0518711210915102,-1.4845825597586324,0.9893662750236502,-0.3892870121250934,1.041256594127907,-1.4085096557189396,0.9007723009288089,-0.3901737988637496,1.0609515302819987,-1.5223786443650726,1.141921738757316,-0.2728859843617028,0.667488216866326,-1.2507943705966595,0.9981391263203565,-0.41281172678899114,0.936745950132396,-1.5126441756040596,0.9925765036453992,-0.2320627211088767,0.6395256880704226,-1.3337450526537549,1.1005281836286724,-0.49444519238540247,0.7202448083679789,-1.281965475658545,1.0750312144244827,-1.2757950296350926,0.9102143778044071,-0.6391658024448712,0.9202356526908106,-1.2874074637239927,1.0642521452672262,-0.8135313026019559,0.7800578889006944,-1.0418480201040121,1.1674924938406477,-0.614391481206944,0.6969963787330765,-0.6898323963986591,0.9100608955973872,-0.8709734056411402,1.179688590511531,-0.900919869291014,0.6581197219021901,-1.318328458453954,1.0237557922442457,-0.8277993550561823,0.7246939153266834,-1.0184741176647971,1.238928331961208,-1.0015463544915715,0.7853375581633824,-1.1763444658171982,1.1002987161036923,-0.4625399735746344,0.6562435414881718,-1.359901007679908,1.116155833615549,-1.2498859863559724
chaotic_025,chaotic,3.62,0.20371584317359773,0.8931951412625353,-1.3035404220099196,0.9945241167574871,-0.7781119250246058,1.138501905047817,-1.3759286079094026,0.5563149952234355,-0.6776118609871178,1.1321707930443974,-1.480226935332003,0.5644540907014503,-0.2899031368528275,1.041196908313664,-1.1103331464107333,0.9397947156494008,-0.8096081284033044,1.0982071488135117,-1.3922019340764624,0.8385325104284735,-0.5590349065121595,1.3659424177557131,-1.3923887339251484,0.7250292789696895,-0.30722400047636494,1.232559510599514,-1.215411144096388,0.6997690675589971,-0.5841508983880063,1.1144701935275865,-1.5099436103174448,0.4555719123984722,-0.054426174335734157,0.8236748312655963,-0.7958440690701314,1.1068775039314191,-1.3094458928949337,0.7981525467271077,-0.19854035935412082,0.9728928462666678,-1.057105311910069,1.1472974120416262,-1.2717949232672254,0.8484170346583462,-0.7270790601614517,1.0817958825399765,-1.4794001632358573,0.4862207094858391,-0.1570119920573132,1.1547254773326698,-0.9935038003104874,1.1587213920120762,-1.2615970024720773,0.9568187640234798,-1.0256641997421019,1.0684086470050453,-1.2879192016403294,0.7794506992619343,-0.661307868053776,1.0121961483161521,-1.600814922293403,0.6717097426394649,-0.033020424009239616,1.101439121493288,-1.2253369168158024,1.1571788621033219,-1.1071697645206096,0.7918492071107625,-0.9556767842861594,1.192591518011229,-1.322722334015689,0.6360804650894829,-0.4411597640477317,0.9284624839516851,-1.4682821678675324,0.765892748886151,-0.2935695258495994,0.9856474008771952,-1.1143269841378929,1.015941527252641,-0.8043386812641186
chaotic_098,chaotic,3.68,0.33909740745358746,1.0046088570128642,-1.3197385077755852,1.15232392916886,-1.7043600409994721,0.9474189350234238,-0.5152898470774052,1.329128830547535,-1.8022290139397121,0.4091900376046734,-0.12590104724123144,0.9285279558240066,-1.1703720336920493,1.1065636840562822,-1.744284338952478,0.7581167288655187,-0.21444658514523823,1.2498781623183033,-1.2264319392949128,0.8348001594148446,-1.3792728411342028,0.9630761514923827,-1.489433353800528,0.8236931871276759,-0.9232082649548029,1.2610226627064929,-1.927406030964143,0.17651623172059752,0.1919472098010744,0.3306223374622761,0.4301797632773561,0.3418643171371485,0.20678932659077962,0.1678036635987468,0.31405901659841684,0.41631276671337136,-0.09394528528304777,0.5907383125578229,-0.7028206833697874,1.1372110545953085,-1.8398848184234444,0.4392171147710262,-0.09925994110717469,0.8960278447159324,-0.7210091698709471,1.1028546390242289,-1.9222034516075266,0.38839592699005804,0.13690205916573467,0.4660284858472303,0.16241745464314106,0.6902982180148666,-0.23325710110050737,0.9176025513181483,-1.613154634174768,1.0667262999760505,-0.8472625369138321,1.3290053613972521,-1.8174555573973703,0.17407694803689286,0.32810365188059615,0.5507857335877855,0.04240680328551571,0.9130050877700859,-0.2839241330113679,0.8673799565598306,-1.3521861988875028,0.9757146216127508,-1.1641712584814177,1.1853145002669974,-1.5721109969750693,1.0864054501299438,-0.8879655549316721,1.1828939952926805,-1.9293938407071225,0.4621053838475616,0.1338165805613785,0.5283594202489936,-0.11708190198108204,0.8167828232941439,-1.1755592842591522
chaotic_029,chaotic,3.68,0.3466762298430229,-0.6632038343027575,1.279624629155503,-1.732970723819264,0.605910072506218,-0.19703546920830503,0.8507355857339005,-1.4271001408581552,1.075201115331707,-1.5661253671026583,1.2699817179621193,-1.3432845082399465,1.0959611790731476,-1.6557667178047057,0.6538787523145517,-0.9901682235507393,1.3795722385986144,-2.141680122047485,0.1948849491671557,0.43322968347023405,0.40734238959791924,0.3709039430390936,0.18820950660729158,0.3473406911370113,0.05583254833322392,0.41732710523614946,-0.2513124912400082,0.8142961561724011,-1.061884649227717,1.1137700821907328,-2.0462868351861383,0.31774599412811066,0.4519829875396961,0.2361366102670143,0.286831608980579,0.37045014163678536,0.173101771144986,0.5058248491065268,0.11456291312662964,0.699844503281943,-0.4782956390482649,1.1027368925122902,-1.8044422105226585,0.7726033130044653,-0.9634094383749936,1.161942057469388,-2.0318619937181435,0.40313324486347596,0.20589764131453536,0.2948079802670355,0.21595700911931098,0.19438943655585664,0.3156822524278207,0.17410367486715092,0.48927493308987957,-0.11887468365178257,0.9337338116423786,-1.2308517622806265,1.0963930112515983,-1.8918133402456272,0.6226327131036982,-0.1350890040920844,1.130722486001142,-0.8605418372038947,1.2368856348596857,-2.0810319857033948,0.37660085047759984,0.13030017487130527,0.5218674134063848,0.12316463533831767,0.6228134989728272,-0.22960982339458538,1.2065616575287872,-1.3322093655131781,1.117809705448034,-1.4776053908961648,0.9876330302579388,-1.0118890631784319,1.2734644131579025,-2.0410440490973514,0.3437934728609702
chaotic_024,chaotic,3.65,0.25207964454494225,-0.2911739822155519,1.0556172298619901,-1.4417047807662873,0.7525288443297454,-0.8160628931990074,1.0644214016271294,-1.5806407116152879,0.27555992604261054,-0.029086576821147885,0.6711561191383191,-0.29359863113884976,1.1870179708029034,-1.5649876092338182,0.8035127291903337,-0.4668976745740879,1.1827805782435905,-1.5623697721869596,0.8730212649256709,-0.645395291083425,1.0688589752911615,-1.6739365404830195,0.518218224151874,-0.04739515036454831,0.8102517562149973,-0.6264281758129854,1.2132310705407658,-1.5905210258939597,0.5199367341770217,-0.1068395343544384,0.8437335337983857,-0.6919812132393351,1.3644695070656794,-1.5998417725057523,0.5340057319891126,0.37477962210142707,0.6945429668787176,-0.273987245286647,1.1081003057641308,-1.3978852414698824,0.868333407468589,-0.9902264519747653,1.1968735825971561,-1.5913480455650055,0.6160875414574951,-0.12500508721462614,1.05555134593816,-1.1349853849905711,0.9899378391336527,-1.2240523315677432,0.9583119587598976,-1.0343595107831458,1.125467885578561,-1.6108550137110786,0.604712644468906,0.003015190384444487,0.8711201692798473,-0.7263756553192027,1.1782594359075886,-1.742152472954898,0.42963282391981217,0.07394850070323403,0.6667627982887567,-0.5427869506020574,1.0370903626748404,-1.3859497517953836,0.7983444936494065,-0.7519191461161437,1.2196461497627205,-1.786485373382163,0.2930573812598246,0.059870470738094136,0.7150808329622892,-0.15806576034490102,1.1120086442154353,-1.4309982754324668,0.8962102835136632,-0.9417027717383651,1.1456784511070155,-1.5023859286920642,0.5496410485246327
chaotic_044,chaotic,3.65,0.25766780561867664,0.7443286013135256,-0.17803694377747298,1.1354252267236906,-0.9040129922601727,1.0704873935473984,-1.5550021824272766,0.7144447595898663,-0.2623378549142856,1.1606749683887072,-1.4537436739828773,0.7751585184633983,-0.6208079419879567,1.3169397039211712,-1.6884952930496953,0.4732329903554683,-0.058377941319961046,0.7350226373875138,-0.7324045362692457,1.119720413614992,-1.5376338408575603,0.5053029917693351,0.03356396587105366,0.5844010557376371,-0.6205953410720946,1.1871910278311306,-1.7600903244019632,0.48922252078911765,0.0212313116130086,0.49948577512585823,-0.312457997909502,1.138718472477333,-1.489662443953728,0.7144344833501659,-0.7824002028943917,1.219685411783854,-1.5507744593515573,0.5086983933281347,-0.09531915653850709,0.761434779814811,-0.4955002611443682,1.238946322208013,-1.5236303348873623,0.37803814254193696,-0.2599179164889271,0.9685552565711993,-1.445509856426674,0.9362016185217742,-0.976833076016184,0.9925333222755676,-1.4850622202463344,0.7693378950058227,-0.389190781801752,1.0307709368209954,-1.5434915904311113,0.9123701167165031,-0.8101176439612466,1.3021536953945922,-1.7280550424101389,0.46639354145314466,-0.09936938530028576,0.6938005060640142,-0.3588267396955405,0.9985239476310055,-1.4385050114771736,0.7851065498494302,-0.6359109865549312,1.265299440000296,-1.8692896149729223,0.5828396197728956,0.0698591175524524,1.0071184403990057,-0.7671350378583751,1.1742752187816325,-1.7756451498029597,0.44206737969723225,0.12213799958514712,0.6202530374950432,-0.3202362661643642,1.3129546846347968,-1.4539621491607737
decoy_010,surrogate_decoy,,,0.9728150168737403,-1.1650462783262108,1.1071195205926163,-1.3764645335346588,1.0658843581524196,-0.5167088974702198,0.6822511854598469,-1.3918643296333464,1.0741848625897197,-0.17644149924110716,0.7921844043155778,-1.1692647544433088,1.0840811846690923,-0.6651598693154851,0.8064826505549825,-0.9704523861879183,1.040730672923988,-1.395134954612544,1.1063444875416022,-0.16858344801416297,0.7930879058644705,-1.4434823102703744,0.9772629502126985,-0.18647549925883075,1.0359437116665977,-1.5741839077364794,0.9895124099909987,-0.1378055920599965,0.6186941513787703,-1.4057704948496235,1.1834343949544277,-0.8557238713589662,0.9873323972291081,-1.2876232855922236,0.9926146713796732,-0.6345731661422582,0.8487214910966517,-1.2000773618132186,0.9838886042868286,-1.0525649608034622,1.0291690065526335,-0.9209157541888844,1.0272638724495586,-1.2104051408708971,0.9721105410012087,-0.898509795871608,0.7447342606444044,-0.9215534949179658,1.1772501644438875,-1.0462145463904895,0.5854195088427404,-1.05696666503462,1.1961277680382711,-1.316816139849508,1.0744892899099858,-0.8638179790301492,0.8423415793221991,-1.387329384406789,1.0261675609186485,-0.8777545132826843,0.8643478289586866,-0.25527436836472606,0.9383774002810527,-0.7015369062707224,0.7784345578198014,-0.2922181823294792,1.0039357871865933,-0.9569668238985567,1.0273831435542118,-1.3228101360251838,1.2120464885788453,-1.1616037657100182,0.839941287870155,-1.2160569488669026,0.992109621510003,-0.8121821225887893,1.0152203228440988,-1.1705777740102667,0.6565700157873176,-0.9830991956754721
decoy_028,surrogate_decoy,,,1.089016160535391,0.043589457384083825,0.6181080910162902,-0.6198162210681577,0.7519311026718869,-1.64931500614489,0.6309351014804044,0.3859524664748887,1.1017616640406918,-0.6128815406380895,0.925069855953764,-0.9846317042246039,0.8708863212689772,-0.40966509695191716,0.4733965696176686,-1.1510721611770705,1.0672823643019405,-0.16593966374509395,0.8720251393156299,-1.3513669953982341,0.90236611953349,-1.4011759793199916,1.0575297854696866,0.027477635889775656,0.8495975049994788,-1.6000668760746812,1.1763726500833842,-0.10706861397471348,0.07842564565386079,-0.5801633172201918,0.5989613134449023,-0.8844291081105591,1.0846153194359411,-0.3800241994758211,0.7182654083359028,-1.6811751772901395,1.1865067104364124,-0.5793873999595857,0.29626403644370336,-0.8430449628916917,1.1327600839900323,-1.5575764473405789,1.157607976475012,-0.025174261038694235,0.6482969678147029,-1.5378973642290346,1.0744272253035323,-0.2014244468331545,0.7422769729465857,-1.690812536297333,1.1433538075589833,-0.21198880776052184,0.6803261016265022,-1.4357444051733228,0.7409738937142437,-0.7328082901675014,0.4849828256711727,-0.5914024107109821,1.136594512431322,-1.8417909957771608,1.2659746312077143,-0.227765067069897,0.7503014830986926,-0.29286429567059896,1.0677383679546388,-0.9624350672875247,1.1247454195224686,-1.7884679329779656,0.7325725625590526,-1.552322298512346,1.143347952824317,-0.4568174839406852,0.5771482160161315,-1.5339556110509092,0.869369887619252,-0.4725505542228924,0.9282895423164542,-1.6422483036501438,1.191734380599758,-1.641888631662062
chaotic_080,chaotic,3.65,0.2604590450946857,-0.8660060926546036,1.3000046372172018,-1.5085703163383117,0.3620267261687107,0.13216319346508418,0.42276603708479893,-0.33661206742507704,0.9289577046718029,-1.4993067846929518,0.6708674181134844,-0.6543857888723514,1.2626332758097398,-1.8600292523182667,0.4528897404281963,-0.022301997524177972,0.8873099052707689,-0.4669476391746128,1.0414757224311961,-1.633236299154414,0.7689400331035036,-0.18367971628593283,0.9225289324761902,-1.2081809612172718,1.0139243317466187,-1.3091102824961387,0.818729765791263,-1.1661688093997464,1.2169004101484362,-1.4379887373790572,0.8355896161370981,-0.7465087469881078,1.3991739679491009,-1.7084154865254964,0.5544406133313861,0.03435402111621137,0.6352035811657656,-0.32666694697678306,0.9899738133574922,-1.3515612728526878,0.997163024690036,-1.0083187518679235,1.161736660676349,-1.553096535400027,0.5054827551271089,-0.06249185552302981,0.9446053472868918,-1.0102996746640753,0.9521143614310004,-1.589764240731119,0.7030661564154664,-0.18409409477961636,1.1274947456239384,-1.2612494684119921,0.7685199488467976,-0.8621740794998912,1.2961322034432174,-1.7627832177972103,0.5865029808029711,0.07549113973872011,0.7872147144089673,-0.5891483378077303,1.075518566672863,-1.47116206463183,0.6168422783741044,-0.08251422516506929,0.8521487032792322,-0.8700718846940219,1.1928232293008068,-1.628680307072991,0.585029476255883,-0.10521388149802142,0.6684988919675924,-0.6550971726709812,1.0248069419673953,-1.728407412931032,0.4213515739995608,0.10490442728932864,0.8844425153115318,-0.5972668857455568,1.3247671992743035
chaotic_096,chaotic,3.65,0.25407125181127377,1.162017200772708,-1.3320435817345175,0.828578541768319,-0.9117178435503595,1.0758456675246777,-1.4146892179318287,0.5266843451834664,-0.07080236778211152,0.9252264535170508,-0.9023534193169104,1.166771037199622,-1.6945871246188724,0.4516322576156662,0.02384726389446102,0.6454376162611817,-0.3683401440069327,1.1181836671646181,-1.4282354539698854,0.7640866296772706,-0.5309431036496927,1.186518190780761,-1.506377002359334,0.5878731786227253,-0.3029368843106079,0.9827783824433198,-0.9758292045792053,0.9843924462933223,-1.206343010640998,1.1007064692354034,-1.2243971112195802,0.9845224384212298,-1.0747756674400897,1.1854069558031566,-1.3821744561476774,0.9453443040596322,-0.7592058913999068,1.1404162097085766,-1.4849608840985968,0.47233237621172075,0.31810060568278764,0.6296142990538219,-0.2574811402376415,1.208222684802263,-1.3713487706953977,0.7660524304446517,-0.9689477720361991,1.2000051980411408,-1.636922550058046,0.6778834479478305,-0.17058889822746415,1.1740516724896697,-1.020951243021365,1.0437229165174868,-1.0402765176074595,1.0237636386864677,-1.1058605712863974,0.942226188493951,-1.3058443744824728,0.8913630656659244,-0.8367611891379472,0.9509112029256321,-1.5558182126766191,0.5679858769023568,-0.04601642381996154,1.0349151336068274,-0.821646172398324,1.064398596664418,-1.7102975607313493,0.6106311492987156,-0.13996362002670296,0.9349091217202685,-0.6321381122379187,1.023519001831499,-1.5456040215286084,0.5955867289417038,0.16362457784010126,0.5196812664617686,-0.47541849143013915,0.9888007539117012,-1.3759731796927768
decoy_064,surrogate_decoy,,,-1.5017289326907874,1.1132396870549266,-1.4184393211466124,1.161814752182446,-0.4556837303994698,0.9872878782046692,-1.6086232745300968,0.6443371508854467,-0.11922446219248937,1.0446663783085823,-1.2779606869774571,1.0430906246672604,-0.9592590206505855,0.8691188247563328,-1.127871230867557,1.0740518904165368,-0.8038653203037313,1.1814401552172809,-1.3346501291158253,0.9907212526102886,-0.955883629548081,0.5258621582666508,-0.25901129236903414,0.9301305020240725,-1.3553182242650017,1.1778048396906813,-0.28146551755250976,0.46561357188058994,-1.0733882107628618,0.9431811933689027,-1.3899746868945224,1.1919037544701792,-0.9663277942041119,0.9154323870772884,-0.943355436542992,0.8389198970978377,-0.6971165386882475,0.7691477235540334,-1.2135009454979473,1.089370533655842,-0.6890799915369654,0.9887071141718307,-1.4404714447811824,0.6957955620917748,-0.09040843224480238,1.0549794345715857,-1.600853135957156,1.0427567300439748,-0.6097706013579687,0.9674622530846515,-0.8304960051767147,1.010699658767749,-1.292745169114842,0.666617595596872,-0.02287845224911461,1.3024333071793086,-1.5792856784608749,0.6537181289578008,-0.3345707943640758,0.6241623237039459,-0.15201851302522337,1.168083047702658,-1.5312976314487392,0.7242084496505741,-1.0833956555864015,1.0871193044129686,-0.45791045377104195,0.9228624577544242,-1.2462830474197046,1.0165357712500434,-0.8585875151682596,0.8035897514098781,-1.4889484454923823,0.8846109123849192,-0.22796353773742295,1.0748428201266227,-1.5166463300399995,0.6067682398205323,-0.16611061359347923,0.7092818156543413
decoy_018,surrogate_decoy,,,-1.1765090134170644,0.5938678836790873,-1.0655641263710975,0.7548249168857076,-0.6740742291813223,1.276654594507626,-1.5209029704569426,0.5934031388317439,-0.026024948780070358,1.0270336172385142,-1.2517060943518978,1.0971686051026932,-0.7889146776986306,1.033440378708378,-0.5372445623164256,1.1754837662687703,-1.197746095392377,0.6383383129879091,-0.5065019703061783,1.1407077148944098,-0.7904122410537376,0.9872698493011138,-1.4404648431241729,0.9167968563540104,-0.2949531744203121,0.8011348112009054,-1.0850441568680533,0.8788261932487688,-0.9916359765060668,1.0531153909285156,-1.4420783136114692,1.045302062323533,-0.29858947196686875,0.8893497566305373,-1.375143559402942,0.6678921452041996,-0.08212881506993258,1.2829537106372215,-1.523317180187368,1.1908310565066769,-0.322854154456891,0.8470514331142078,-1.2153250940924605,0.8962190440983766,-0.6258036669199246,0.7311189381373915,-1.1848591761061522,1.0592682359764736,-0.6557896799509911,0.6768014098862567,-1.2201421678165658,1.2353876344864398,-1.45971605242516,0.8012366842507218,-0.16231793403084493,0.8600532244404346,-0.7713501017460844,1.0044107474070507,-1.6114471000207375,0.9289721697148609,-0.9469640387773389,0.9697525037912312,-1.2962135869546774,0.9088434106501725,-0.9373249621087226,1.0822207291079966,-1.3520439495077232,1.1299409407485552,-1.3556926485057712,0.6146367899925492,-0.6883298479564964,1.044619165850844,-1.3708424995654829,0.6969170309612462,-0.35454510236847686,1.1339804560608848,-1.547147683498745,0.6755509765875137,-0.25474779860092334,1.0610373791895704
decoy_078,surrogate_decoy,,,-1.0580482232107724,1.3395722230964318,-1.8445492558604848,1.3509166541602147,-1.6623915750198532,1.0909698010247506,-1.8642932330756308,1.101085923818139,-1.7862929297421895,1.2981062451422491,-1.6476894450557729,1.204567058162599,-1.8579020238487427,1.1425202015622742,-1.8739144424469858,1.3190249262163762,-0.9716182553341204,0.6515449999867701,0.25009505119026687,-0.5545175141456385,0.20256848726619325,0.9077281324279062,-0.04593631496161563,0.347509993582349,0.588207123376774,0.6121866781796141,-1.0106368927297522,-0.9219016781719969,0.402981606250673,0.2694324477908254,0.32118727643454326,0.488841311998924,-1.251222319885818,1.0450491637763488,-1.1733436105458472,0.5873331152033797,0.7914223483973543,0.18258300022618368,0.4853908323660883,0.30183486051071684,-1.3002753417114217,0.4953515068886999,0.47525878715956954,-1.5744109412076024,0.6720381689518771,0.19778205018813774,0.3008890307875549,0.40267761352098413,-0.12927584271752068,0.7208499143144861,0.32528506571514987,0.006006624386950187,0.4322048476585712,-1.8529236622320944,0.8576945580533536,-0.1355129234668564,0.9674911558227803,-0.3069692761149714,0.5924918156520453,-0.9840248730952765,0.7360621315405907,-0.05676481393681848,0.1105461131869171,0.41445423273135784,0.49851906689528175,-1.848650751775461,0.914474276523255,-0.1720228870370039,0.05166546133985544,1.0992066695174598,-0.574956786266761,1.1894818637381375,-1.7527939793994172,-0.2260875955926237,-0.2405848118766639,1.2337311037590404,-1.9709257359389922,1.3131924124191345,-0.7031247806901911,1.0635487841957807
decoy_096,surrogate_decoy,,,1.023519001831499,-1.7102975607313493,1.1740516724896697,-0.04601642381996154,0.5196812664617686,-0.47541849143013915,0.6296142990538219,-1.5558182126766191,1.186518190780761,0.02384726389446102,0.5878731786227253,-1.3320435817345175,0.7640866296772706,-0.3029368843106079,0.8913630656659244,-0.5309431036496927,0.5955867289417038,-1.0747756674400897,1.0237636386864677,-1.4282354539698854,1.1404162097085766,-0.8367611891379472,0.6778834479478305,-1.4146892179318287,1.208222684802263,-1.1058605712863974,0.9827783824433198,-1.020951243021365,0.9453443040596322,-0.7592058913999068,0.47233237621172075,-0.2574811402376415,1.0349151336068274,-0.13996362002670296,0.5679858769023568,-0.9758292045792053,0.9252264535170508,-1.206343010640998,1.1854069558031566,-1.2243971112195802,1.1007064692354034,-1.3058443744824728,0.5266843451834664,0.16362457784010126,1.166771037199622,-1.4849608840985968,1.162017200772708,-1.0402765176074595,0.6454376162611817,-1.3821744561476774,1.0437229165174868,-1.5456040215286084,1.0758456675246777,-0.07080236778211152,0.7660524304446517,-1.506377002359334,0.9843924462933223,-0.6321381122379187,0.9509112029256321,-0.3683401440069327,0.942226188493951,-1.3713487706953977,0.828578541768319,-0.9117178435503595,1.1181836671646181,-1.3759731796927768,0.6106311492987156,-0.17058889822746415,0.9845224384212298,-0.821646172398324,0.9349091217202685,-0.9689477720361991,1.064398596664418,-1.636922550058046,0.9888007539117012,-1.6945871246188724,1.2000051980411408,0.4516322576156662,0.31810060568278764,-0.9023534193169104
decoy_000,surrogate_decoy,,,1.0576455801971918,-0.7604109479854818,0.882391784366398,-1.459252599501887,1.14254393157069,-0.46859126629282816,0.6698353595052656,-0.9454210501182804,1.1426615762408097,-1.096578628453522,0.8745782144793531,-1.4164365506249863,0.9049525756579168,-0.4533483909991955,0.9630553542573957,-0.7310655714601202,0.96732191968487,-1.3358056877310638,0.9946137681861644,-1.090276797889188,0.9745681409893582,-1.2553745794251652,1.0220724501013703,-0.8014709609346089,0.6846696363073028,-0.6414163476017726,1.0434399171523105,-1.1268645092279228,0.8756462052092598,-0.9450166438006964,0.9698105846612759,-0.9376007063509673,1.0780990759425149,-1.1893451414885539,1.1117366408700309,-1.2491009404743882,1.050779863873733,-0.8353712879053122,0.7689457875160353,-1.3700884614292357,1.19427520005153,-0.397592070514006,0.6360462757719424,-1.4915008051294958,1.096098397539926,-0.09683398679435025,0.7735057993768963,-1.4260415981774783,1.094160874225788,-0.507202607568283,0.8291465934586126,-1.1910852253076736,1.152414686340466,-1.1750253941443711,0.9116712701062873,-0.9147372094514457,0.7866883335018028,-0.9589731918215953,1.1186637158400703,-0.3607244332571473,0.620727670552406,-1.5142998936507213,1.2165841815813578,-0.3318330760587002,0.8249343413556998,-1.5354374439624379,1.133679995462635,-0.11594352970911655,0.694610940239912,-1.474845973264591,1.1332930129224745,-0.29240513466333856,0.5289571989499695,-0.9966476517729801,1.0426059516602657,-1.309461087355139,1.0862178010222157,-0.6775956788917281,0.9150965686834869,-1.0917241142232201
chaotic_026,chaotic,3.62,0.2033537090607744,-0.6940843098603448,1.0135165896716678,-1.4648193312927948,0.5259004671831071,-0.04438812198056644,0.7969045825328321,-0.8161866157198544,1.153225248678115,-1.5252946646991428,0.6439458394740853,-0.25120988415928397,0.8993470462370391,-0.9123968261722137,1.127386877211669,-1.32776902885728,0.9360104457700931,-0.9344670688322216,1.0055836675497078,-1.3931419542446044,0.48442287597171013,-0.20958977308578966,0.9817811721818893,-1.201944413172171,0.985183264137172,-0.9786058185353309,0.9722427362420334,-1.2347017737757533,0.8568567776477384,-0.8861045037228885,1.1159088686146386,-1.4152682397463983,0.7207536312144361,-0.08313250722245247,0.7858287496365629,-0.845890152327467,1.183271992517238,-1.401770364224329,0.7338545904905552,-0.3124017575768551,1.0294742408828976,-1.324063075321768,0.7034954661143504,-0.8133850314819693,1.1355294962031648,-1.4530949770878558,0.4961920869270182,-0.18967210373622342,1.15968549117029,-1.0918754115768818,1.0017801718274921,-1.1621429318279957,1.126408011800557,-1.1088954024811835,1.0733218635792061,-1.394039518383827,0.7755985310661351,-0.7242251789854939,1.2573311856575395,-1.3890021356346263,0.5935701428084167,-0.15014979024443395,1.0903759695389412,-0.8558431614836909,1.0726674688041473,-1.6809793893260938,0.7221430854453308,-0.11527004384271525,1.1584718134112222,-1.1345690855117114,1.190730558125809,-1.325780295425549,0.8875795773300759,-0.8433191696921378,1.2686191244348954,-1.4819109518056288,0.5480529484170432,-0.05480476724800058,0.7926586793971004,-0.8630517780825844,1.0836299724841782
decoy_074,surrogate_decoy,,,0.9579416781925618,-1.1326629317250738,0.9079713663879777,-0.7353748846274848,0.4993390636635419,-0.7212846878704545,1.1559899958164879,-0.15457564677281052,0.9356752904084171,-1.360692203206597,1.2533161997728361,-1.5695127185465387,0.5095421534891239,0.0020070313279700173,1.2616624695165115,-1.5964901282639234,0.7079067345201362,-0.25605064945368844,0.7201342312119974,-0.7513400114784603,1.0211310156758642,-1.5672191274938758,1.037690218123872,-0.400878560585844,0.780872776289892,-1.609992265882403,0.6273205372058165,-0.058069282109073174,1.029031506425911,-0.8212819921935776,0.7546538137595845,-1.0473529167468423,1.1805184229678376,-1.5021720991209433,0.5310120147081899,-0.6924838270286513,1.0963636868409834,-1.4445281190788497,1.064335345238411,-0.7084522669640023,1.150366082906367,-1.4072293522499064,1.08948125854711,-0.9485631986785836,0.9804565444826477,-1.1031699117045577,1.082073756458371,-0.7348491146419479,0.6172633839300843,-1.2944830396478413,1.1663146075388322,-0.5270775471356033,0.6164903693090653,-1.1847346790746864,0.9137688373377382,-0.896457636512126,0.9132777848965282,-0.8170039440913028,1.1925219424885758,-1.4468381987849976,0.9083530929707213,-0.23821970413940954,0.8506884044317594,-1.4646377034132387,1.1569982469811961,-1.2023363692416653,1.0215826414293112,-0.2090286466191688,1.0751953505995548,-0.968765862391859,0.479689185121834,-0.7991400241479927,1.1295646385130629,-0.9846265951596985,1.0626415023544542,-1.309815662246649,1.0137141998307126,-0.11728662177648776,0.681743447907808,-1.3519226987728288
chaotic_065,chaotic,3.62,0.21278825863207476,-0.8040498496723791,1.1144812490140314,-1.6187358006078014,0.6941240774414267,-0.3970339697002869,0.908663395577865,-1.118348802726918,1.1179621565897004,-1.0622522850733613,1.063444785276234,-0.9754207868907232,0.8812897215539895,-1.3027079726031598,0.9489462584354793,-0.4813982837974557,1.205761246101676,-1.6238781815774708,0.5540839169004013,0.05165252083983729,0.8006010022623343,-0.9786564972383904,1.2217400149128161,-1.4747840530962504,0.5970051015397784,-0.20182663027521963,1.1230119538648726,-1.3144016670987988,0.7704954627553784,-0.5509459444240653,1.1630261056183984,-1.3933240790858419,0.6768769766973435,-0.158951359903992,0.8716884743856558,-0.7146984788194637,1.2774368524766242,-1.6305468770875393,0.7243365879318452,-0.28652468735252373,0.9493476872248112,-1.1514132907403563,0.8443870792606036,-1.013983982033049,1.02462230983461,-1.3703124374124371,0.8227993422688336,-0.7192697880846571,1.3099787853904827,-1.4805514410357952,0.7519346341023334,-0.11237674609005129,0.8559782207059728,-0.6549050642192016,1.099865325101581,-1.4991134915410766,0.7105629436658892,-0.3259582733498596,1.0656569508598703,-1.0080659398982799,1.1635192605330542,-1.1075832238300982,1.0744560462982469,-0.9535513951112047,1.031545519950518,-1.1691666879620246,0.6519559940600383,-0.6655853043257041,1.2051839970764981,-1.3392603608839608,0.6570703256694953,-0.11157213879446234,0.8114145926175852,-1.0848093086251662,0.8908520983002627,-1.1534873415780182,0.7850512852840417,-0.9810772077623608,1.1857404067160502,-1.3475850545275705,0.6795640197405084
decoy_075,surrogate_decoy,,,-1.6252336697768952,1.172588759425406,-1.640533397773923,1.1137458291769629,0.3695980520559603,0.01143196249785519,-1.527529967126053,1.3098814013851774,-1.0005631615228439,0.629480728739455,0.10187386818934116,0.4784538712722891,-0.5158223994830039,1.1659890236670256,-1.3835962797396473,0.9782486255761782,-0.42547183333335153,0.6637690287409459,-0.9695450362891728,1.1440949385857688,-0.8795740318820405,0.7002882827992752,-0.9338385993909217,0.8309969874925026,-1.0098754541051547,0.9820428562158283,-0.16012724167638417,0.9528260366722664,-1.5848956200186495,0.5858485537123448,-0.03912414344995841,1.1457197100093266,-0.0830772223400348,0.544215332781144,-1.594242544230679,1.205505047116032,-1.2021205470041754,0.9616609016080863,-0.13515995089473012,0.6766442541787611,-1.7513791431043522,1.1389509339163528,-0.010360801451398657,1.0132147778575333,-1.4118806452230659,1.0364929173988333,-1.5726028612157736,1.1221433938443455,-0.7939887833188715,1.0098848594267078,-0.6277442010721774,0.5521335273815419,-1.4636471604188477,1.1768616755772712,-1.538325383681642,1.2160690798804559,-0.887027234713111,0.4889055720322695,-0.6716213730914208,1.227930690400548,-1.5905234773581816,0.5650035905903369,-0.2486437142480864,0.7160741074886522,-1.0647424523288291,1.139106447720064,-1.4431881484808367,0.7418117421663007,-0.995901191492066,0.8148921081190683,-0.2236954729615281,0.8867858570109994,-0.7372025323034282,0.5892188379275995,-0.36444776837287335,0.9459894955009323,-1.6250597967738318,0.973209858350442,0.004744957013420463,0.6479847601463273
decoy_051,surrogate_decoy,,,0.7113606926135908,-0.3557035332389091,0.8986168419902582,-1.0201059988129118,0.8660885834643787,-0.9822070350181984,1.0318241023108539,-1.2666347498449981,1.095835917462277,-0.3796247280537067,0.831559541947758,-1.1522249962383084,0.9465510908912316,-0.8023286042526344,1.0929217924278536,-1.5322907457506167,0.5181284072359278,-0.7064999085599356,1.2308202048864767,-1.2393466795377117,0.9426410067635326,-1.3274034995871253,0.6725252948804552,-0.050759979251971316,1.1615624269800575,-1.5869011347607191,0.7116385220455133,-0.15456209710538907,0.8666946751520566,-1.1659954726270858,1.1760288820881994,-0.8987131106853014,0.6647100892427494,-1.2498130370174707,1.1450619035951526,-1.0938812277393293,0.7192381997157354,-1.15033767959611,1.0071277613318717,-1.130729521228874,1.1020913949975726,-0.7889286116592394,0.6460339116614568,-0.23609094242666143,1.238268993273326,-1.26804095285249,1.013374170444706,-1.5084736756861028,0.9493362767811487,-0.04182555196836205,0.9756828744656806,-1.5147674011839853,0.9790697252572476,-0.2719607361690018,0.5331824501318699,-0.9867914867553184,1.192466896418815,-1.318449226583759,0.7286118168098183,-0.7475912718118521,0.9305353946152807,-0.24267463363734856,1.138139662794058,-1.1373596872968805,0.9378695766845679,-1.0864655231909996,1.2473459311161466,-1.1418284281128739,0.9994058590021911,-1.305692617397183,0.9594463862867783,-1.1197385095174541,1.0098194885797824,-0.7662898011903652,0.4842303611948469,-0.5603534613879272,1.1601381473226933,-1.4465390763667494,1.1218515067732397,-0.9019114275353175
decoy_049,surrogate_decoy,,,-1.6265575546774924,1.0797617750645985,-0.05579965441342227,0.0470425932752885,-0.2770111395282976,1.0640866738877424,-1.3300817499357627,0.6653442460944533,-0.46470194295375167,0.42442943777126185,0.012045045932876768,0.746515379149837,-1.606051755142036,1.3269233152943176,-0.6098758462352722,0.26519159812161,-0.5209964639645185,1.034303980229871,-1.267457136263489,0.9696782069601506,-0.02230978923603358,1.0988014040812106,-1.4779216062913008,1.0538279920745595,-0.2931151278317187,1.116401818364996,-0.2940740382613896,0.4449711940280533,-1.8004171256574841,1.104488590032933,-0.23256957468241835,0.7038354113171886,-0.6916769673343254,1.1526793483534297,-1.749665387501082,1.0607561448939358,-0.7683757086372687,1.0901076813062838,-1.051935068636697,0.48669183400350646,-1.699770650698324,1.37317388360459,-0.2715144116378768,0.806108697249813,-1.0763149268384422,0.6967884765381297,-0.16101222453268343,0.9840546132063825,-1.1930118249449468,0.7343195434143467,-1.450717177724038,0.9486825776939533,-0.4623752116841323,0.8905979114972691,0.4860914702557705,0.5861117130413529,-1.7092073703719568,1.2145095241217367,-1.4380337100627134,1.1234263901523556,-1.543853918294249,0.7329987277578017,0.0323889756118046,1.030687296715482,-1.6326562072224127,1.1546894973057364,-0.4970510806591277,0.7668528480540384,-1.5630373721935693,0.8896900969545558,-0.6509076802462418,1.1343253061987941,-1.4908545919504712,0.5036810941337158,-0.9962176850488409,0.8632190729229328,-1.1590922388564475,0.7363851600687858,-0.24408735269582815,0.7436427261086374
chaotic_058,chaotic,3.6,0.18341744994552128,-0.9058170281363292,1.0280554517827232,-1.171631964692386,0.8782573042562436,-0.8629565639210692,1.1717167817928458,-1.3789160473516857,0.8084200504682096,-0.5343030081075476,1.181887036467944,-1.4109256976272,0.8194522804437415,-0.413294297858812,1.2357836658304113,-1.4215437006657532,0.6554807719764064,-0.5764992581263283,1.0049088499396357,-1.5270540979894385,0.7473328435559984,-0.3060875039448346,1.0035225962921852,-1.2069845571618363,0.8728503097868263,-0.7082890009150111,1.0436832854930398,-1.4661836253933267,0.8272456787771687,-0.4668938683334529,1.292392736384467,-1.393686874848712,0.8328846002464726,-0.352974734636801,1.0633978605594379,-1.4155561018607359,0.8208024364344648,-0.39244659818921945,0.98155655091334,-1.4445117637995057,0.5328108343517377,-0.40483344259835147,1.0892902007180683,-1.370752096688003,0.5941448181443658,-0.5241150053386202,1.0588172950986217,-1.3853143374358874,0.7910590840039201,-0.45143045457092795,1.329087687492355,-1.3935757931862283,0.8049699716457732,-0.4090389517903473,0.9115727729244855,-1.2459271706125017,0.7465538707487415,-0.7638395903802941,1.0628232879022699,-1.5888740727571673,0.8346572379886809,-0.3266535751124566,0.8837646429360468,-1.0487521366144328,0.895301495636162,-0.8462573245203379,1.0090350821619494,-1.2985474314738001,0.8877817357692238,-0.6306992477276975,1.2112656583351897,-1.4484006592615162,0.6928152651146192,-0.1409381526973938,1.0024971340961892,-1.0189076152114158,0.9130608866696523,-1.1081904603277426,0.9387231947442339,-0.9150937578666838,1.2170343218479205
decoy_043,surrogate_decoy,,,1.2062244941336522,-1.477438777768144,0.9451362989043668,-0.6368077426516503,0.7982506373385398,-1.3670253742641612,1.056727586687094,-0.16581973238068995,0.6016196139813424,-1.1107326099276924,1.1669834048688779,-1.162026725442628,1.009272458904626,-1.1152784494629895,0.923399367655841,-1.4410705781687065,1.0845521426363116,-0.2815345607346481,0.8586617543019092,-0.5740190193758444,1.007307238228151,-1.3344678590379584,0.8221987793298678,-0.6146096218691836,1.0298316800866472,-1.2841229374699534,1.0736957388310926,-0.8006647166930032,1.125132899658981,-1.1165195157921834,1.104276488414125,-1.0127770134509464,0.7669213802612647,-0.9046139036284964,0.8679027496464321,-0.9643229343384588,0.8458052772070309,-0.9529952256085154,0.9854614070667248,-1.0533908173094402,0.8934988203098512,-1.063972955105079,1.151044140702475,-0.9880491047780076,0.8808814241462907,-1.4166569289622688,0.9881388903263761,-0.9137689753967373,0.9434066275890742,-1.4323482885981238,0.8673350436099768,-0.5929387553834802,1.039996379767322,-0.7133501011531143,0.7331723582047873,-1.1610998403090123,1.0180581932660953,-1.009628205252311,0.9505314771665702,-1.0395529480665868,0.8841627717787041,-0.9612745976509585,1.1288874759897711,-1.18475468258572,0.896062439907649,-1.2137705424466958,1.1805253311790767,-0.14340491596509838,0.6031129318371031,-1.4591359705377869,1.038124681203736,-0.33853661845433364,1.1130536031721527,-1.2804805230354244,0.43691133072615895,-0.18137354343864487,1.2334012137676165,-1.4536478642768096,0.8708469663105743,-0.2125300223327782
chaotic_037,chaotic,3.68,0.34435844709512187,0.2275424227502564,0.15959220642070462,0.22408852182471584,0.11921508847530962,0.4000649374188342,0.13311854740042184,0.47711797267319794,0.08177035095757844,0.38211883663690716,-0.19511017281970086,0.5637870603184657,-0.9568142295223452,1.3273497657260076,-2.1997269493085296,0.06691969201178498,0.38789946971542755,0.3863790457549602,0.37274507596012263,0.3297433247297675,0.27362011490331123,0.2845213205977224,0.029352250541251287,0.6571579137686396,-0.8557212420108697,1.1461122590136434,-2.067373033072092,0.5292176296453237,-0.3569638250363662,0.8996861320936498,-1.819399419646829,1.2939476594498631,-1.5799483006923527,0.9393802306278656,-1.4552298349175168,1.3368108979269329,-1.8714708172277241,0.8301469052499602,-0.7096956934123847,1.246213392439082,-2.2334851036173906,0.36808212674401064,0.06734072849963003,0.4980918420480913,-0.22410233134632992,0.9546716054706674,-1.2914077824837271,1.4231228963316922,-2.360568444885102,0.3234587429358952,0.10443859171555073,0.5236043565691678,-0.3536847962783987,0.9224949760553232,-0.9301316834927988,1.4703749930092043,-2.3051226529379485,0.3415244503870782,0.35477174417462903,0.44943842840573084,0.029366542058579526,0.8204991478094126,-0.7924853756582906,1.3377661021998726,-2.1460713534658447,0.2857721449425438,0.00027099160214026803,0.4511437117769613,-0.1827501295532891,0.8858322859338565,-0.9914858446563866,1.4942896659046176,-2.4053847052848463,0.1914606323498453,0.1042037326151868,0.5080902577781697,0.2906584873585106,0.3493441262506911,0.07882143948563544,0.33919569558941026,0.21038425029320995
decoy_060,surrogate_decoy,,,0.6200026540299741,-1.0082375934453671,0.9944851172732053,-0.919075074768285,0.9622824412435171,-1.1833986378315444,1.0496444353593308,-1.2835198645279668,0.8341953796645626,-0.14827673342493625,0.7356198336255179,-0.049615602017662803,0.6457984549944933,-1.4139664269031507,0.8836915616224703,-1.30131284609852,1.0939750689384689,-1.179526216988533,1.0790690461358725,-0.9927909850570974,1.0025251056756335,-1.1752775094916283,1.0502783516034695,-1.58789458909319,0.895689109818255,-0.7790171420230494,0.8761920801634446,-0.25878731554495793,0.9172273396873531,-1.778978994007297,1.107924392203003,-0.279351456765327,0.715570993807103,-0.6699643921906232,0.9190715338818974,-1.0096400086120718,0.8913937704931221,-0.3017467977954761,0.5143428357053419,-1.507136909352376,1.007256187417784,-1.3168309619917362,1.1413394162397423,-0.2583170577239935,0.6957791141251002,-1.027034195938718,0.636534389155926,0.18273882273350492,0.7783294200868046,-0.5222453288275608,1.3454163272129702,-1.7669260089728396,0.31321273178054404,0.143086372285471,0.7688810255468912,-0.7770718363834358,0.9375559472259398,-0.46336378499346115,1.1402050896560976,-1.6243027211756493,0.5311138929167926,-0.9210164641177071,1.049657218428304,-0.16865117242001068,1.0647289556062947,-1.7513694945709817,0.38626646449228336,0.4715909769599298,0.8920983347494392,-1.665427719389937,1.2466495697746534,-1.6347021346340267,1.1752987898661829,-0.7857233506757366,0.49834932320913616,-0.04242326771750811,0.9618735044679378,-1.6030807196807642,1.0862342372652347,-1.0871743019758464
decoy_099,surrogate_decoy,,,0.4638601815979921,0.05509067444346964,1.2138934239608719,0.2990450078765407,0.38699698144660427,0.22983572647046824,0.47015558433759075,-0.6549525705179402,0.2874466321247488,0.36465346558590805,0.32131047822035214,-0.9642042769774568,0.4155418714338962,-2.2613896394210036,1.3490776213412459,-1.9426543676011496,1.2567648997914804,-1.9423512832500565,0.4523407576907181,-0.19559354136267065,0.8294680484404753,-2.212592545969844,0.5757294226209158,0.28666758956116717,0.2714468124011124,0.16360681847183883,1.2105701938140077,-2.5302938493394813,1.30686395092878,-0.04322648057648521,0.1315076544832467,0.3142220587913684,0.39592989044152305,-0.10191884293686204,1.077579637318397,-0.22103778435880378,1.2697601617740062,0.1762095518231072,-1.0410843828603606,0.22190202473018675,0.2336905271653309,0.17424113933601745,0.7968637172832945,-1.1031206844638124,0.8022503181226225,-0.4121369979120944,0.27527052836736915,-0.332786623469633,0.7902992758492285,0.22948263421039686,0.19162726880023492,-0.005778241697981248,0.6741597901503006,-2.161549195913413,1.261530604537871,-0.10898548888995396,1.2931826503797632,-2.1417002955436377,0.6715801350312911,-2.3300728034451597,1.0036947790700945,-1.3022571057356747,0.8545418534705203,-0.8381016745076202,0.23186263629056308,0.34729258128375634,0.8785581150634106,-0.12078867866025007,0.35075784243906205,0.3975760281760217,-0.8072273958913254,0.41001814702399136,0.07858098676447041,-1.3856281930386445,1.350378000309871,0.03436795793200424,0.8855811018849399,-1.4256313110413803,0.5884827350729541,-2.016284220554701
chaotic_010,chaotic,3.6,0.18115477711347014,-0.17644149924110716,1.0261675609186485,-1.2160569488669026,0.9926146713796732,-1.0525649608034622,1.0359437116665977,-1.0462145463904895,1.0273831435542118,-0.9704523861879183,1.0840811846690923,-1.2876232855922236,0.992109621510003,-1.1692647544433088,0.7784345578198014,-0.9215534949179658,1.1834343949544277,-1.3918643296333464,0.839941287870155,-0.7015369062707224,1.0658843581524196,-1.316816139849508,0.5854195088427404,-0.18647549925883075,0.8064826505549825,-0.8638179790301492,1.0744892899099858,-1.1705777740102667,0.9873323972291081,-1.05696666503462,1.1772501644438875,-1.3228101360251838,0.7921844043155778,-0.6651598693154851,1.0741848625897197,-1.387329384406789,0.6565700157873176,-0.16858344801416297,0.9728150168737403,-0.9830991956754721,0.9838886042868286,-0.9569668238985567,0.7930879058644705,-0.8121821225887893,1.1961277680382711,-1.3764645335346588,1.0039357871865933,-0.5167088974702198,1.2120464885788453,-1.4434823102703744,0.6186941513787703,-0.25527436836472606,1.0152203228440988,-0.9209157541888844,1.0272638724495586,-1.2104051408708971,1.0291690065526335,-0.898509795871608,1.1063444875416022,-1.1616037657100182,0.8487214910966517,-0.8557238713589662,1.040730672923988,-1.5741839077364794,0.6822511854598469,-0.2922181823294792,0.9721105410012087,-1.395134954612544,0.8423415793221991,-0.8777545132826843,0.9895124099909987,-1.2000773618132186,0.7447342606444044,-0.6345731661422582,1.1071195205926163,-1.4057704948496235,0.8643478289586866,-0.1378055920599965,0.9772629502126985,-1.1650462783262108,0.9383774002810527
chaotic_094,chaotic,3.6,0.1885105941315498,-0.9614300567609744,1.0606793352889279,-0.9479853543607877,1.1367014289000559,-1.3378358376861552,0.7980844930649178,-0.5180375850991664,1.2187980565294672,-1.3399873935647792,0.6516175660766572,-0.017257217760359198,0.9534798109594843,-1.1912923370936785,0.8703114744745144,-0.9444444593866856,0.9713079615637036,-1.013960519588718,0.9606565942071416,-1.1501440647117274,0.8833783418784917,-0.9210217959698744,1.0366512993794312,-1.1706820237113331,0.9013553722028628,-0.792675007442937,0.9860441298389478,-1.543706956579684,0.9295730378661207,-0.14029185475625267,1.1265580386516099,-1.1666239086787804,0.9564663298701859,-1.0414200111624503,0.9256638835553254,-1.2528057558084322,0.9967901587300483,-0.6997130754399559,1.0258224838772796,-1.4241654253709615,0.7399649892516503,-0.34895215368849714,1.0305810181295592,-1.1140847644721468,0.9570057029609397,-0.8605744510106077,1.0224822606333297,-1.356075607365266,0.6741368107228527,-0.6627606903095896,1.1011264390429756,-1.3220451107407991,0.5530687034257216,-0.27855390936734903,1.095715392950485,-1.3197237360245564,0.8926218492310357,-0.7225723714682996,1.1347656709202882,-1.4880357319410535,0.8171843189235328,-0.5537603764373293,1.1640131537259237,-1.431059572921054,0.7001507694609276,-0.41420416530513415,1.059035901760635,-1.2968285247655362,0.8165647376976237,-0.7742034189067502,1.1675572263451548,-1.4153696630699772,0.48705636880915654,-0.11936984863719709,0.9492682239984804,-0.978985130039528,1.0969505184176416,-1.1357894067800776,1.0132545755454263,-0.8774605414157408,1.1834453867316503
decoy_035,surrogate_decoy,,,-1.3957486487201958,1.0893622738602513,-0.24470210451034186,0.5477287078814649,-1.3415349219793418,1.2837574217554795,-0.42017014773031736,0.7597883414100789,-1.5068510876841152,1.0347395417728935,-0.774364250096382,0.9348738682061608,-1.0908524156667998,1.0174256513403754,-0.7939816431204192,1.024044613946636,-1.2395893527907147,1.0664595651189326,-1.1212296078086648,0.748913317480014,-0.2913624339460386,1.0177966598481578,-1.3385209093587094,1.113433455729412,-0.7261113184667293,0.9514001825095054,-1.2606089726834289,0.9384222783357101,-0.38524199420616384,1.1554858098016405,-1.4799858092269247,1.0256234004297482,-1.0171833875414358,1.1597168188343967,-1.1997465240356473,0.9773772854776348,-0.30686789687634053,0.7810742321336201,-1.354835399993095,1.06335372662339,-0.4132161564764013,0.6019026795039726,-1.4290545081319408,1.1586479633512918,-0.25067468623387473,0.5230056057948443,-1.487230563045293,1.1682922674933465,-0.44784151343278017,0.9676634831380877,-1.1981192977014499,0.8921086506653397,-1.043667661637641,1.1356175812202398,-1.2866918440246637,0.78449536879087,-0.8061873697693431,0.9081807073159213,-0.9018583716436277,0.8128445328411891,-0.972551330812644,1.026657302315429,-1.1731536782357963,1.0474858944878405,-0.7953473424262918,1.1487036156343753,-1.304391803640565,0.7370697458786407,-0.6440114339851594,1.1040938585979294,-0.4849868582307074,0.7814796752253199,-1.1682177357744956,1.0818167260204155,-0.9453626966495171,0.7636114211866255,-1.3283203333595612,1.1247013174186176,-0.705755701481015,0.6169741637587547
chaotic_053,chaotic,3.6,0.18400131830207792,-1.0025488407026404,1.0518711210915102,-1.359901007679908,0.7246939153266834,-0.49444519238540247,1.0642521452672262,-1.5126441756040596,0.7800578889006944,-0.29078587363798647,0.9981391263203565,-1.1620660539846552,1.1005281836286724,-1.0184741176647971,1.0750312144244827,-1.0015463544915715,1.0438662564510213,-1.1763444658171982,0.9100608955973872,-0.8709734056411402,1.141921738757316,-1.2874074637239927,0.9097616796534059,-0.8169947630314873,1.041256594127907,-1.4085096557189396,0.6581197219021901,-0.3892870121250934,0.9202356526908106,-1.318328458453954,0.913501326142741,-0.900919869291014,1.034801666686816,-1.281965475658545,0.7853375581633824,-0.4625399735746344,1.1231307527657841,-1.4845825597586324,0.7202448083679789,-0.44767620224956384,1.1202226492448744,-1.3062650940258616,0.9925765036453992,-0.8277993550561823,1.238928331961208,-1.5223786443650726,0.6395256880704226,-0.27935689228802935,1.1674924938406477,-1.0418480201040121,0.936745950132396,-0.6898323963986591,1.1002987161036923,-1.2757950296350926,0.667488216866326,-0.3901737988637496,0.9007723009288089,-1.441163485560291,0.8358308001641174,-0.6391658024448712,1.179688590511531,-1.3337450526537549,0.660524491782482,-0.41281172678899114,1.0237557922442457,-1.2970820793393067,0.9102143778044071,-0.8135313026019559,1.1084383958751174,-1.2507943705966595,0.6562435414881718,-0.2320627211088767,0.9893662750236502,-1.2498859863559724,0.9842634689445843,-0.614391481206944,1.116155833615549,-1.4043824285778568,0.6969963787330765,-0.2728859843617028,1.0609515302819987
chaotic_007,chaotic,3.68,0.3442210365869665,0.5976348133897358,-0.6680738131873053,1.3586695637940174,-1.9495619591009115,0.8571252951849623,-0.37311955643940364,1.1225249649026916,-1.338502540896313,1.061695644576313,-1.526286994996095,1.1032153572661814,-1.6117455980650781,0.8157219877323515,-1.2094307219851685,1.1635333246661066,-1.883189214617138,0.5080542426887237,-0.1606959663017694,0.8420196606682863,-0.8877177421607352,1.3543792385769113,-2.2318727449577387,0.16324468620131136,0.4093582422278872,0.21566572745035303,0.16687626255018154,0.26649520760827916,0.42852751120010557,-0.05444437150600562,0.575391018736646,-0.1483723271100712,0.9911105966152735,-1.0958669021767615,1.100922934931064,-1.9670786873254873,0.4404672533857434,-0.11850154639203458,0.8721628427982632,-0.5789104801073267,1.4541337478157021,-1.9138877138037227,0.3828644595503915,0.11698421462587454,0.66997993517499,-0.2923473945352147,1.038157906570171,-1.269734834349332,1.1506150061718066,-1.8058202745857208,0.7891623766133742,-0.7941393379925388,1.2873186043789229,-2.0832619772797463,0.35614265332680567,0.23225708023177763,0.3746307478234641,0.2956341910015447,0.19148727992912057,0.36214267933536554,0.3420606017611402,-0.09499963050144679,0.48017666776753465,-0.4144902254406502,1.031533574375739,-1.3897493800083018,1.1186552091889654,-1.6558570144549747,0.8775300641873716,-0.84964560808613,1.3316508000765208,-2.0588837594990204,0.055905393720921105,0.24652306329348078,0.04346189847020725,0.29677160569276273,0.25876190377543223,0.4257552853719473,0.3453087589066585,0.40026604978163455,0.055520181791160625
chaotic_046,chaotic,3.62,0.2126513924630546,1.2324454977746204,-1.5262818458156437,0.782902872749989,-0.1970803997001034,0.9416765203574281,-1.007479712629299,0.9700987024687707,-1.4314301387503252,0.7808708477426178,-0.5519387066497189,1.1605623003408416,-1.5911568948462451,0.6899347283996148,0.03996553239898424,1.0083337068627252,-0.8912251500966567,1.106326082956575,-1.3460367752337428,0.6466956800500562,-0.22178278767909457,1.0404947827919426,-0.9297970508799712,1.0229694307158415,-1.27391548644043,0.9566078663139604,-0.8654199686308729,1.1612459722479898,-1.6385449311262963,0.5017202079797926,-0.18101807564167316,0.9622962571921393,-0.9059985369047284,1.0764289913181597,-1.4609959134151604,0.5784254875293461,-0.28256498070746033,1.1623993455711636,-1.2562020835408116,0.8951226412705923,-0.8296243264223524,0.9540291830482089,-1.427423956223794,0.9533488260251031,-0.30403161840203,1.0307282682348555,-1.1331778624651558,1.1048305261115419,-0.8794256857569291,0.904273442713932,-1.3158295026386087,1.0321194236629578,-0.5220867672278418,1.0496660087730971,-1.4965431411214805,0.49379312484681853,-0.0561055520753132,0.8647137430955516,-0.9555676243975703,1.0256201764130484,-1.4250074142134033,0.9244835788840324,-0.549830044307039,1.100423955603094,-1.6163049862083019,0.4538099414240902,-0.31213514656684554,0.9854235195211657,-0.9331909390554095,1.0234939906219098,-1.1490647414220103,0.8076630863783737,-0.7843743237884201,1.0610662572549465,-1.4450227892131184,0.7848267740493391,-0.29363480465740766,0.8897447852458402,-0.7678251374429356,1.0013460304397,-1.4078522950865464
decoy_089,surrogate_decoy,,,-1.1839247104686972,1.136753725491649,-1.8582086351121243,0.9959661661291828,-1.6750320843583177,1.260426045488216,-1.9859163830108781,0.5497218250537678,-0.06434959323595049,1.0308195715622348,-0.8658366532988535,0.8553049098911906,0.25107499059521027,0.6940389165064031,-1.7551402992933938,1.1783954434489867,-1.0285151179128795,-0.04470733844541737,-0.41122272885964534,0.9343821649051767,0.41350148898729044,0.28951556544527146,-0.473879790327099,0.8701680722744138,-1.060400414804408,0.804359788944612,0.3097740964231771,0.42273803124167997,-1.2301602333144706,1.208619884450996,-1.5720512427152344,0.6841261477096288,-1.6592262138518739,1.2249989816970182,-1.4237737608849796,0.8091860372659139,-1.6645423779425432,1.0136531464520562,-0.801819874961637,1.000312867796412,-1.5348853676604377,0.38819811300367996,0.38813496466144465,0.7887368144742678,0.1513897532951511,0.1409888786905963,0.2771292045500924,1.0612918246224103,-0.2590168716035957,0.3317904063971281,-0.5838388607527113,0.6343384006797156,0.1492890363062349,0.7125397113686956,0.35133611407384746,0.29378748959131296,-0.8446405736859104,1.1398906982818608,-0.18942927442097393,0.4974314877762411,-1.0760281806823644,1.1081166224090375,-0.42424359164930675,1.1019716063554579,-1.8613908851557277,1.0034537707151239,-1.5397469288171357,1.2045067577743551,-1.6642990185923696,0.5866963362066306,-0.4766402737780617,1.1314752062182765,-0.30537588168576035,0.5422183454046959,-0.6056931028751117,1.1339587032292784,-1.480166408811205,1.002819411328956,-1.3382216556124908,0.882996803406585
chaotic_051,chaotic,3.62,0.2080758673535376,-0.9019114275353175,1.1601381473226933,-1.5322907457506167,0.7116385220455133,-0.3557035332389091,1.0071277613318717,-1.130729521228874,1.1760288820881994,-0.9822070350181984,0.9790697252572476,-1.1522249962383084,1.095835917462277,-1.0201059988129118,1.0318241023108539,-1.4465390763667494,0.6460339116614568,-0.3796247280537067,0.9378695766845679,-1.15033767959611,0.7192381997157354,-0.7475912718118521,1.2308202048864767,-1.5147674011839853,0.4842303611948469,-0.23609094242666143,0.8666946751520566,-0.8987131106853014,1.138139662794058,-1.5869011347607191,0.7113606926135908,-0.24267463363734856,1.013374170444706,-0.9867914867553184,0.9426410067635326,-1.1418284281128739,0.9594463862867783,-1.1659954726270858,0.9493362767811487,-1.0864655231909996,0.8660885834643787,-1.305692617397183,0.8986168419902582,-0.7662898011903652,1.238268993273326,-1.318449226583759,0.6647100892427494,-0.04182555196836205,0.9994058590021911,-0.7889286116592394,1.2473459311161466,-1.2666347498449981,0.831559541947758,-0.5603534613879272,1.1218515067732397,-1.5084736756861028,0.6725252948804552,-0.2719607361690018,0.9465510908912316,-1.2393466795377117,1.192466896418815,-1.2498130370174707,0.9305353946152807,-0.7064999085599356,1.1450619035951526,-1.3274034995871253,0.5331824501318699,-0.050759979251971316,1.1020913949975726,-1.1197385095174541,1.0929217924278536,-1.1373596872968805,1.0098194885797824,-1.0938812277393293,0.7286118168098183,-0.8023286042526344,1.1615624269800575,-1.26804095285249,0.5181284072359278,-0.15456209710538907,0.9756828744656806
